12:15:52 [S1] GPU FAILED -> CPU fallback
12:15:52 [S1] GPU OK 1920x1080
12:18:13 [S1] GPU FAILED -> CPU fallback: ...inci Resolve/Support/Fusion/Fuses/SMK2_Spike_S1_GPU.fuse:50: attempt to index local 'node' (a nil value)
12:18:13 [S1] GPU OK 1920x1080
12:18:13 [S1] GPU OK 1920x1080
12:18:15 [S1] GPU OK 1920x1080
12:18:32 [S1] GPU FAILED -> CPU fallback: ...inci Resolve/Support/Fusion/Fuses/SMK2_Spike_S1_GPU.fuse:50: attempt to index local 'node' (a nil value) [t=5 precalc=true stamp=false quick=false]
12:18:32 [S1] GPU OK 1920x1080 t=5
12:18:33 [S1] GPU OK 1920x1080 t=8
12:18:37 [S1] GPU OK 1920x1080 t=9
12:18:55 [S1] GPU OK 1920x1080 t=9
12:20:47 [S1] GPU OK 1920x1080 t=119
12:20:48 [S1] GPU OK 1920x1080 t=119
12:20:58 [S1] GPU OK 1920x1080 t=119
12:21:01 [S1] GPU OK 1920x1080 t=119
12:21:01 [S1] GPU OK 1920x1080 t=119
12:21:01 [S1] GPU OK 1920x1080 t=0
12:21:01 [S1] GPU OK 1920x1080 t=1
12:21:01 [S1] GPU OK 1920x1080 t=2
12:21:02 [S1] GPU OK 1920x1080 t=0
12:21:02 [S1] GPU OK 1920x1080 t=0
12:21:02 [S1] GPU OK 1920x1080 t=0
12:21:25 [S1] GPU OK 1080x1920 t=0
12:21:25 [S1] GPU OK 1080x1920 t=0
12:21:25 [S1] GPU OK 1080x1920 t=0
12:21:25 [S1] GPU OK 1080x1920 t=0
12:21:25 [S1] GPU OK 1080x1920 t=0
12:21:25 [S1] GPU OK 1080x1920 t=1
12:21:25 [S1] GPU OK 1080x1920 t=2
12:21:25 [S1] GPU OK 1080x1920 t=0
12:21:25 [S1] GPU OK 1080x1920 t=0
12:21:25 [S1] GPU OK 1080x1920 t=0
12:21:49 [S1] GPU OK 1080x1920 t=0
12:21:49 [S1] GPU OK 1080x1920 t=0
12:21:49 [S1] GPU OK 1080x1920 t=0
12:22:00 [S1] GPU OK 1080x1920 t=0
12:22:00 [S2] req.Time=119.000 (4.9583s)
12:22:00 [S2] req.Time=0.000 (0.0000s)
12:22:00 [S2] req.Time=-2.000 (-0.0833s)
12:22:00 [S2] req.Time=-4.000 (-0.1667s)
12:22:00 [S2] req.Time=-6.000 (-0.2500s)
12:22:00 [S2] req.Time=0.000 (0.0000s)
12:22:00 [S2] req.Time=-2.000 (-0.0833s)
12:22:00 [S2] req.Time=-4.000 (-0.1667s)
12:22:00 [S2] req.Time=-6.000 (-0.2500s)
12:22:00 [S2] req.Time=-8.000 (-0.3333s)
12:22:09 [S2] req.Time=0.000 (0.0000s)
12:22:09 [S2] req.Time=-2.000 (-0.0833s)
12:22:09 [S2] req.Time=-4.000 (-0.1667s)
12:22:09 [S2] req.Time=-6.000 (-0.2500s)
12:22:09 [S2] req.Time=-8.000 (-0.3333s)
12:22:09 [S2] req.Time=0.000 (0.0000s)
12:22:09 [S2] req.Time=-2.000 (-0.0833s)
12:22:09 [S2] req.Time=-4.000 (-0.1667s)
12:22:09 [S2] req.Time=-6.000 (-0.2500s)
12:22:09 [S2] req.Time=-8.000 (-0.3333s)
12:22:09 [S2] req.Time=0.000 (0.0000s)
12:22:09 [S2] req.Time=-2.000 (-0.0833s)
12:22:09 [S2] req.Time=-4.000 (-0.1667s)
12:22:09 [S2] req.Time=-6.000 (-0.2500s)
12:22:09 [S2] req.Time=-8.000 (-0.3333s)
12:22:09 [S2] req.Time=0.000 (0.0000s)
12:22:09 [S2] req.Time=-2.000 (-0.0833s)
12:22:09 [S2] req.Time=-4.000 (-0.1667s)
12:22:09 [S2] req.Time=-6.000 (-0.2500s)
12:22:09 [S2] req.Time=-8.000 (-0.3333s)
12:22:09 [S2] req.Time=6.000 (0.2500s)
12:22:09 [S2] req.Time=4.000 (0.1667s)
12:22:09 [S2] req.Time=2.000 (0.0833s)
12:22:09 [S2] req.Time=0.000 (0.0000s)
12:22:09 [S2] req.Time=-2.000 (-0.0833s)
12:22:09 [S2] req.Time=6.000 (0.2500s)
12:22:09 [S2] req.Time=4.000 (0.1667s)
12:22:09 [S2] req.Time=2.000 (0.0833s)
12:22:09 [S2] req.Time=0.000 (0.0000s)
12:22:09 [S2] req.Time=-2.000 (-0.0833s)
12:22:10 [S2] req.Time=6.000 (0.2500s)
12:22:10 [S2] req.Time=4.000 (0.1667s)
12:22:10 [S2] req.Time=2.000 (0.0833s)
12:22:10 [S2] req.Time=0.000 (0.0000s)
12:22:10 [S2] req.Time=-2.000 (-0.0833s)
12:22:28 [S2] req.Time=6.000 (0.2500s)
12:22:28 [S2] req.Time=4.000 (0.1667s)
12:22:28 [S2] req.Time=2.000 (0.0833s)
12:22:28 [S2] req.Time=0.000 (0.0000s)
12:22:28 [S2] req.Time=-2.000 (-0.0833s)
12:22:30 [S2] req.Time=6.000 (0.2500s)
12:22:30 [S2] req.Time=4.000 (0.1667s)
12:22:30 [S2] req.Time=2.000 (0.0833s)
12:22:30 [S2] req.Time=0.000 (0.0000s)
12:22:30 [S2] req.Time=-2.000 (-0.0833s)
12:22:30 [S2] req.Time=6.000 (0.2500s)
12:22:30 [S2] req.Time=4.000 (0.1667s)
12:22:30 [S2] req.Time=2.000 (0.0833s)
12:22:30 [S2] req.Time=0.000 (0.0000s)
12:22:30 [S2] req.Time=-2.000 (-0.0833s)
12:22:31 [S2] req.Time=6.000 (0.2500s)
12:22:31 [S2] req.Time=4.000 (0.1667s)
12:22:31 [S2] req.Time=2.000 (0.0833s)
12:22:31 [S2] req.Time=0.000 (0.0000s)
12:22:31 [S2] req.Time=-2.000 (-0.0833s)
12:22:31 [S2] req.Time=0.000 (0.0000s)
12:22:31 [S2] req.Time=-2.000 (-0.0833s)
12:22:31 [S2] req.Time=-4.000 (-0.1667s)
12:22:31 [S2] req.Time=-6.000 (-0.2500s)
12:22:31 [S2] req.Time=-8.000 (-0.3333s)
12:22:31 [S2] req.Time=6.000 (0.2500s)
12:22:31 [S2] req.Time=4.000 (0.1667s)
12:22:31 [S2] req.Time=2.000 (0.0833s)
12:22:31 [S2] req.Time=0.000 (0.0000s)
12:22:31 [S2] req.Time=-2.000 (-0.0833s)
12:23:16 [S2] req.Time=6.000 (0.2500s)
12:23:16 [S2] req.Time=4.000 (0.1667s)
12:23:16 [S2] req.Time=2.000 (0.0833s)
12:23:16 [S2] req.Time=0.000 (0.0000s)
12:23:16 [S2] req.Time=-2.000 (-0.0833s)
12:24:10 [PROBE] type(self.Comp)=cdata tostring=cdata<struct FusionDoc *>: 0x01b30531eb00
12:24:10 [PROBE] pairs ok=false n=0 : 
12:24:10 [PROBE] metatable=ffi
12:24:10 [PROBE] c.RenderStart ok=true type=number val=0
12:24:10 [PROBE] c.RenderEnd ok=true type=number val=119
12:24:10 [PROBE] c.GlobalStart ok=true type=number val=0
12:24:10 [PROBE] c.GlobalEnd ok=true type=number val=119
12:24:10 [PROBE] c.CurrentTime ok=true type=number val=6
12:24:10 [PROBE] c.GetAttrs ok=true type=nil val=nil
12:24:10 [PROBE] c.GetPrefs ok=true type=function val=function: 0x01b3262ea758
12:24:10 [PROBE] c.Attrs ok=true type=nil val=nil
12:24:10 [PROBE] c.GetCompPathMap ok=true type=function val=function: 0x01b3262eaa08
12:24:10 [PROBE] c.Rate ok=true type=nil val=nil
12:24:10 [PROBE] GetPrefs rate ok=true val=24
12:24:10 [PROBE] GetPrefs() ok=true type=table
12:24:10 [PROBE] prefs.Comp.FrameFormat.Rate=24
12:24:10 [PROBE] req.Time=6
12:24:10 [PROBE] type(self.Comp)=cdata tostring=cdata<struct FusionDoc *>: 0x01b30531eb00
12:24:10 [PROBE] pairs ok=false n=0 : 
12:24:10 [PROBE] metatable=ffi
12:24:10 [PROBE] c.RenderStart ok=true type=number val=0
12:24:10 [PROBE] c.RenderEnd ok=true type=number val=119
12:24:10 [PROBE] c.GlobalStart ok=true type=number val=0
12:24:10 [PROBE] c.GlobalEnd ok=true type=number val=119
12:24:10 [PROBE] c.CurrentTime ok=true type=number val=6
12:24:10 [PROBE] c.GetAttrs ok=true type=nil val=nil
12:24:10 [PROBE] c.GetPrefs ok=true type=function val=function: 0x01b3262ea758
12:24:10 [PROBE] c.Attrs ok=true type=nil val=nil
12:24:10 [PROBE] c.GetCompPathMap ok=true type=function val=function: 0x01b3262eaa08
12:24:10 [PROBE] c.Rate ok=true type=nil val=nil
12:24:10 [PROBE] GetPrefs rate ok=true val=24
12:24:10 [PROBE] GetPrefs() ok=true type=table
12:24:10 [PROBE] prefs.Comp.FrameFormat.Rate=24
12:24:10 [PROBE] req.Time=6
12:24:10 [PROBE] type(self.Comp)=cdata tostring=cdata<struct FusionDoc *>: 0x01b30531eb00
12:24:10 [PROBE] pairs ok=false n=0 : 
12:24:10 [PROBE] metatable=ffi
12:24:10 [PROBE] c.RenderStart ok=true type=number val=0
12:24:10 [PROBE] c.RenderEnd ok=true type=number val=119
12:24:10 [PROBE] c.GlobalStart ok=true type=number val=0
12:24:10 [PROBE] c.GlobalEnd ok=true type=number val=119
12:24:10 [PROBE] c.CurrentTime ok=true type=number val=6
12:24:10 [PROBE] c.GetAttrs ok=true type=nil val=nil
12:24:10 [PROBE] c.GetPrefs ok=true type=function val=function: 0x01b3262ea758
12:24:10 [PROBE] c.Attrs ok=true type=nil val=nil
12:24:10 [PROBE] c.GetCompPathMap ok=true type=function val=function: 0x01b3262eaa08
12:24:10 [PROBE] c.Rate ok=true type=nil val=nil
12:24:10 [PROBE] GetPrefs rate ok=true val=24
12:24:10 [PROBE] GetPrefs() ok=true type=table
12:24:10 [PROBE] prefs.Comp.FrameFormat.Rate=24
12:24:10 [PROBE] req.Time=0
12:24:10 [S1] GPU OK 1920x1080 t=0
12:24:10 [PROBE] type(self.Comp)=cdata tostring=cdata<struct FusionDoc *>: 0x01b30531eb00
12:24:10 [PROBE] pairs ok=false n=0 : 
12:24:10 [PROBE] metatable=ffi
12:24:10 [PROBE] c.RenderStart ok=true type=number val=0
12:24:10 [PROBE] c.RenderEnd ok=true type=number val=119
12:24:10 [PROBE] c.GlobalStart ok=true type=number val=0
12:24:10 [PROBE] c.GlobalEnd ok=true type=number val=119
12:24:10 [PROBE] c.CurrentTime ok=true type=number val=6
12:24:10 [PROBE] c.GetAttrs ok=true type=nil val=nil
12:24:10 [PROBE] c.GetPrefs ok=true type=function val=function: 0x01b3262ea758
12:24:10 [PROBE] c.Attrs ok=true type=nil val=nil
12:24:10 [PROBE] c.GetCompPathMap ok=true type=function val=function: 0x01b3262eaa08
12:24:10 [PROBE] c.Rate ok=true type=nil val=nil
12:24:10 [PROBE] GetPrefs rate ok=true val=24
12:24:10 [PROBE] GetPrefs() ok=true type=table
12:24:10 [PROBE] prefs.Comp.FrameFormat.Rate=24
12:24:10 [PROBE] req.Time=0
12:24:10 [S1] GPU OK 1920x1080 t=0
12:24:11 [PROBE] type(self.Comp)=cdata tostring=cdata<struct FusionDoc *>: 0x01b30531eb00
12:24:11 [PROBE] pairs ok=false n=0 : 
12:24:11 [PROBE] metatable=ffi
12:24:11 [PROBE] c.RenderStart ok=true type=number val=0
12:24:11 [PROBE] c.RenderEnd ok=true type=number val=119
12:24:11 [PROBE] c.GlobalStart ok=true type=number val=0
12:24:11 [PROBE] c.GlobalEnd ok=true type=number val=119
12:24:11 [PROBE] c.CurrentTime ok=true type=number val=6
12:24:11 [PROBE] c.GetAttrs ok=true type=nil val=nil
12:24:11 [PROBE] c.GetPrefs ok=true type=function val=function: 0x01b3262ea758
12:24:11 [PROBE] c.Attrs ok=true type=nil val=nil
12:24:11 [PROBE] c.GetCompPathMap ok=true type=function val=function: 0x01b3262eaa08
12:24:11 [PROBE] c.Rate ok=true type=nil val=nil
12:24:11 [PROBE] GetPrefs rate ok=true val=24
12:24:11 [PROBE] GetPrefs() ok=true type=table
12:24:11 [PROBE] prefs.Comp.FrameFormat.Rate=24
12:24:11 [PROBE] req.Time=0
12:24:11 [S1] GPU OK 1920x1080 t=0
12:24:11 [PROBE] type(self.Comp)=cdata tostring=cdata<struct FusionDoc *>: 0x01b30531eb00
12:24:11 [PROBE] pairs ok=false n=0 : 
12:24:11 [PROBE] metatable=ffi
12:24:11 [PROBE] c.RenderStart ok=true type=number val=0
12:24:11 [PROBE] c.RenderEnd ok=true type=number val=119
12:24:11 [PROBE] c.GlobalStart ok=true type=number val=0
12:24:11 [PROBE] c.GlobalEnd ok=true type=number val=119
12:24:11 [PROBE] c.CurrentTime ok=true type=number val=6
12:24:11 [PROBE] c.GetAttrs ok=true type=nil val=nil
12:24:11 [PROBE] c.GetPrefs ok=true type=function val=function: 0x01b3262ea758
12:24:11 [PROBE] c.Attrs ok=true type=nil val=nil
12:24:11 [PROBE] c.GetCompPathMap ok=true type=function val=function: 0x01b3262eaa08
12:24:11 [PROBE] c.Rate ok=true type=nil val=nil
12:24:11 [PROBE] GetPrefs rate ok=true val=24
12:24:11 [PROBE] GetPrefs() ok=true type=table
12:24:11 [PROBE] prefs.Comp.FrameFormat.Rate=24
12:24:11 [PROBE] req.Time=0
12:24:11 [S1] GPU OK 1920x1080 t=0
12:24:12 [PROBE] type(self.Comp)=cdata tostring=cdata<struct FusionDoc *>: 0x01b30531eb00
12:24:12 [PROBE] pairs ok=false n=0 : 
12:24:12 [PROBE] metatable=ffi
12:24:12 [PROBE] c.RenderStart ok=true type=number val=0
12:24:12 [PROBE] c.RenderEnd ok=true type=number val=119
12:24:12 [PROBE] c.GlobalStart ok=true type=number val=0
12:24:12 [PROBE] c.GlobalEnd ok=true type=number val=119
12:24:12 [PROBE] c.CurrentTime ok=true type=number val=6
12:24:12 [PROBE] c.GetAttrs ok=true type=nil val=nil
12:24:12 [PROBE] c.GetPrefs ok=true type=function val=function: 0x01b3262ea758
12:24:12 [PROBE] c.Attrs ok=true type=nil val=nil
12:24:12 [PROBE] c.GetCompPathMap ok=true type=function val=function: 0x01b3262eaa08
12:24:12 [PROBE] c.Rate ok=true type=nil val=nil
12:24:12 [PROBE] GetPrefs rate ok=true val=24
12:24:12 [PROBE] GetPrefs() ok=true type=table
12:24:12 [PROBE] prefs.Comp.FrameFormat.Rate=24
12:24:12 [PROBE] req.Time=0
12:24:12 [S1] GPU OK 1920x1080 t=0
12:24:12 [PROBE] type(self.Comp)=cdata tostring=cdata<struct FusionDoc *>: 0x01b30531eb00
12:24:12 [PROBE] pairs ok=false n=0 : 
12:24:12 [PROBE] metatable=ffi
12:24:12 [PROBE] c.RenderStart ok=true type=number val=0
12:24:12 [PROBE] c.RenderEnd ok=true type=number val=119
12:24:12 [PROBE] c.GlobalStart ok=true type=number val=0
12:24:12 [PROBE] c.GlobalEnd ok=true type=number val=119
12:24:12 [PROBE] c.CurrentTime ok=true type=number val=6
12:24:12 [PROBE] c.GetAttrs ok=true type=nil val=nil
12:24:12 [PROBE] c.GetPrefs ok=true type=function val=function: 0x01b3262ea758
12:24:12 [PROBE] c.Attrs ok=true type=nil val=nil
12:24:12 [PROBE] c.GetCompPathMap ok=true type=function val=function: 0x01b3262eaa08
12:24:12 [PROBE] c.Rate ok=true type=nil val=nil
12:24:12 [PROBE] GetPrefs rate ok=true val=24
12:24:12 [PROBE] GetPrefs() ok=true type=table
12:24:12 [PROBE] prefs.Comp.FrameFormat.Rate=24
12:24:12 [PROBE] req.Time=0
12:24:12 [S1] GPU OK 1920x1080 t=0
12:24:12 [PROBE] type(self.Comp)=cdata tostring=cdata<struct FusionDoc *>: 0x01b30531eb00
12:24:12 [PROBE] pairs ok=false n=0 : 
12:24:12 [PROBE] metatable=ffi
12:24:12 [PROBE] c.RenderStart ok=true type=number val=0
12:24:12 [PROBE] c.RenderEnd ok=true type=number val=119
12:24:12 [PROBE] c.GlobalStart ok=true type=number val=0
12:24:12 [PROBE] c.GlobalEnd ok=true type=number val=119
12:24:12 [PROBE] c.CurrentTime ok=true type=number val=6
12:24:12 [PROBE] c.GetAttrs ok=true type=nil val=nil
12:24:12 [PROBE] c.GetPrefs ok=true type=function val=function: 0x01b3262ea758
12:24:12 [PROBE] c.Attrs ok=true type=nil val=nil
12:24:12 [PROBE] c.GetCompPathMap ok=true type=function val=function: 0x01b3262eaa08
12:24:12 [PROBE] c.Rate ok=true type=nil val=nil
12:24:12 [PROBE] GetPrefs rate ok=true val=24
12:24:12 [PROBE] GetPrefs() ok=true type=table
12:24:12 [PROBE] prefs.Comp.FrameFormat.Rate=24
12:24:12 [PROBE] req.Time=0
12:24:12 [S1] GPU OK 1920x1080 t=0
12:24:40 [S3] t=6 RenderStart=0 RenderEnd=119 GlobalStart=0 GlobalEnd=119 Rate=24 mode=4 out=24
12:24:40 [S3] t=6 RenderStart=0 RenderEnd=119 GlobalStart=0 GlobalEnd=119 Rate=24 mode=4 out=24
12:24:40 [S3] t=0 RenderStart=0 RenderEnd=119 GlobalStart=0 GlobalEnd=119 Rate=24 mode=4 out=24
12:24:40 [S1] GPU OK 1920x1080 t=0
12:24:40 [S3] t=0 RenderStart=0 RenderEnd=119 GlobalStart=0 GlobalEnd=119 Rate=24 mode=4 out=24
12:24:40 [S1] GPU OK 1920x1080 t=0
12:24:41 [S3] t=0 RenderStart=0 RenderEnd=119 GlobalStart=0 GlobalEnd=119 Rate=24 mode=4 out=24
12:24:41 [S1] GPU OK 1920x1080 t=0
12:24:41 [S3] t=0 RenderStart=0 RenderEnd=119 GlobalStart=0 GlobalEnd=119 Rate=24 mode=4 out=24
12:24:41 [S1] GPU OK 1920x1080 t=0
12:24:41 [S3] t=0 RenderStart=0 RenderEnd=119 GlobalStart=0 GlobalEnd=119 Rate=24 mode=4 out=24
12:24:41 [S1] GPU OK 1920x1080 t=0
12:24:41 [S3] t=0 RenderStart=0 RenderEnd=119 GlobalStart=0 GlobalEnd=119 Rate=24 mode=4 out=24
12:24:41 [S1] GPU OK 1920x1080 t=0
12:24:42 [S3] t=0 RenderStart=0 RenderEnd=119 GlobalStart=0 GlobalEnd=119 Rate=24 mode=4 out=24
12:24:42 [S1] GPU OK 1920x1080 t=0
12:24:42 [S3] t=1 RenderStart=0 RenderEnd=119 GlobalStart=0 GlobalEnd=119 Rate=24 mode=4 out=24
12:24:42 [S1] GPU OK 1920x1080 t=1
12:24:42 [S3] t=2 RenderStart=0 RenderEnd=119 GlobalStart=0 GlobalEnd=119 Rate=24 mode=4 out=24
12:24:42 [S1] GPU OK 1920x1080 t=2
12:24:42 [S3] t=0 RenderStart=0 RenderEnd=119 GlobalStart=0 GlobalEnd=119 Rate=24 mode=4 out=24
12:24:42 [S1] GPU OK 1920x1080 t=0
12:24:42 [S3] t=0 RenderStart=0 RenderEnd=119 GlobalStart=0 GlobalEnd=119 Rate=24 mode=4 out=24
12:24:42 [S1] GPU OK 1920x1080 t=0
12:24:42 [S3] t=0 RenderStart=0 RenderEnd=119 GlobalStart=0 GlobalEnd=119 Rate=24 mode=4 out=24
12:24:42 [S1] GPU OK 1920x1080 t=0
12:24:42 [S3] t=0 RenderStart=0 RenderEnd=119 GlobalStart=0 GlobalEnd=119 Rate=24 mode=4 out=24
12:24:42 [S1] GPU OK 1920x1080 t=0
12:24:42 [S3] t=0 RenderStart=0 RenderEnd=119 GlobalStart=0 GlobalEnd=119 Rate=24 mode=4 out=24
12:24:42 [S1] GPU OK 1920x1080 t=0
12:24:43 [S3] t=60 RenderStart=0 RenderEnd=119 GlobalStart=0 GlobalEnd=119 Rate=24 mode=4 out=24
12:24:43 [S1] GPU OK 1920x1080 t=60
12:24:43 [S3] t=60 RenderStart=0 RenderEnd=119 GlobalStart=0 GlobalEnd=119 Rate=24 mode=4 out=24
12:24:43 [S1] GPU OK 1920x1080 t=60
12:24:43 [S3] t=60 RenderStart=0 RenderEnd=119 GlobalStart=0 GlobalEnd=119 Rate=24 mode=4 out=24
12:24:43 [S1] GPU OK 1920x1080 t=60
12:24:43 [S3] t=60 RenderStart=0 RenderEnd=119 GlobalStart=0 GlobalEnd=119 Rate=24 mode=4 out=24
12:24:43 [S1] GPU OK 1920x1080 t=60
12:24:43 [S3] t=60 RenderStart=0 RenderEnd=119 GlobalStart=0 GlobalEnd=119 Rate=24 mode=4 out=24
12:24:43 [S1] GPU OK 1920x1080 t=60
12:24:43 [S3] t=60 RenderStart=0 RenderEnd=119 GlobalStart=0 GlobalEnd=119 Rate=24 mode=4 out=24
12:24:43 [S1] GPU OK 1920x1080 t=60
12:24:44 [S3] t=119 RenderStart=0 RenderEnd=119 GlobalStart=0 GlobalEnd=119 Rate=24 mode=4 out=24
12:24:44 [S1] GPU OK 1920x1080 t=119
12:24:44 [S3] t=119 RenderStart=0 RenderEnd=119 GlobalStart=0 GlobalEnd=119 Rate=24 mode=4 out=24
12:24:44 [S1] GPU OK 1920x1080 t=119
12:24:44 [S3] t=119 RenderStart=0 RenderEnd=119 GlobalStart=0 GlobalEnd=119 Rate=24 mode=4 out=24
12:24:44 [S1] GPU OK 1920x1080 t=119
12:24:44 [S3] t=119 RenderStart=0 RenderEnd=119 GlobalStart=0 GlobalEnd=119 Rate=24 mode=4 out=24
12:24:44 [S1] GPU OK 1920x1080 t=119
12:24:51 [S3] t=6 RenderStart=0 RenderEnd=119 GlobalStart=0 GlobalEnd=119 Rate=24 mode=1 out=5
12:24:51 [S3] t=119 RenderStart=0 RenderEnd=119 GlobalStart=0 GlobalEnd=119 Rate=24 mode=1 out=5
12:24:51 [S1] GPU OK 1920x1080 t=119
12:24:52 [S3] t=119 RenderStart=0 RenderEnd=119 GlobalStart=0 GlobalEnd=119 Rate=24 mode=1 out=5
12:24:52 [S1] GPU OK 1920x1080 t=119
12:24:52 [S3] t=119 RenderStart=0 RenderEnd=119 GlobalStart=0 GlobalEnd=119 Rate=24 mode=1 out=5
12:24:52 [S1] GPU OK 1920x1080 t=119
12:24:52 [S3] t=119 RenderStart=0 RenderEnd=119 GlobalStart=0 GlobalEnd=119 Rate=24 mode=1 out=5
12:24:52 [S1] GPU OK 1920x1080 t=119
12:24:52 [S3] t=60 RenderStart=0 RenderEnd=119 GlobalStart=0 GlobalEnd=119 Rate=24 mode=1 out=5
12:24:52 [S1] GPU OK 1920x1080 t=60
12:24:52 [S3] t=60 RenderStart=0 RenderEnd=119 GlobalStart=0 GlobalEnd=119 Rate=24 mode=1 out=5
12:24:52 [S1] GPU OK 1920x1080 t=60
12:24:52 [S3] t=60 RenderStart=0 RenderEnd=119 GlobalStart=0 GlobalEnd=119 Rate=24 mode=1 out=5
12:24:52 [S1] GPU OK 1920x1080 t=60
12:24:52 [S3] t=60 RenderStart=0 RenderEnd=119 GlobalStart=0 GlobalEnd=119 Rate=24 mode=1 out=5
12:24:52 [S1] GPU OK 1920x1080 t=60
12:24:52 [S3] t=6 RenderStart=0 RenderEnd=119 GlobalStart=0 GlobalEnd=119 Rate=24 mode=2 out=0
12:24:52 [S3] t=60 RenderStart=0 RenderEnd=119 GlobalStart=0 GlobalEnd=119 Rate=24 mode=2 out=0
12:24:52 [S1] GPU OK 1920x1080 t=60
12:24:53 [S3] t=60 RenderStart=0 RenderEnd=119 GlobalStart=0 GlobalEnd=119 Rate=24 mode=2 out=0
12:24:53 [S1] GPU OK 1920x1080 t=60
12:24:53 [S3] t=60 RenderStart=0 RenderEnd=119 GlobalStart=0 GlobalEnd=119 Rate=24 mode=2 out=0
12:24:53 [S1] GPU OK 1920x1080 t=60
12:24:53 [S3] t=60 RenderStart=0 RenderEnd=119 GlobalStart=0 GlobalEnd=119 Rate=24 mode=2 out=0
12:24:53 [S1] GPU OK 1920x1080 t=60
12:24:53 [S3] t=60 RenderStart=0 RenderEnd=119 GlobalStart=0 GlobalEnd=119 Rate=24 mode=2 out=0
12:24:53 [S1] GPU OK 1920x1080 t=60
12:24:53 [S3] t=60 RenderStart=0 RenderEnd=119 GlobalStart=0 GlobalEnd=119 Rate=24 mode=2 out=0
12:24:53 [S1] GPU OK 1920x1080 t=60
12:24:53 [S3] t=60 RenderStart=0 RenderEnd=119 GlobalStart=0 GlobalEnd=119 Rate=24 mode=2 out=0
12:24:53 [S1] GPU OK 1920x1080 t=60
12:24:54 [S3] t=6 RenderStart=0 RenderEnd=119 GlobalStart=0 GlobalEnd=119 Rate=24 mode=3 out=119
12:24:54 [S3] t=60 RenderStart=0 RenderEnd=119 GlobalStart=0 GlobalEnd=119 Rate=24 mode=3 out=119
12:24:54 [S1] GPU OK 1920x1080 t=60
12:24:54 [S3] t=60 RenderStart=0 RenderEnd=119 GlobalStart=0 GlobalEnd=119 Rate=24 mode=3 out=119
12:24:54 [S1] GPU OK 1920x1080 t=60
12:24:54 [S3] t=60 RenderStart=0 RenderEnd=119 GlobalStart=0 GlobalEnd=119 Rate=24 mode=3 out=119
12:24:54 [S1] GPU OK 1920x1080 t=60
12:24:54 [S3] t=60 RenderStart=0 RenderEnd=119 GlobalStart=0 GlobalEnd=119 Rate=24 mode=3 out=119
12:24:54 [S1] GPU OK 1920x1080 t=60
12:24:54 [S3] t=60 RenderStart=0 RenderEnd=119 GlobalStart=0 GlobalEnd=119 Rate=24 mode=3 out=119
12:24:54 [S1] GPU OK 1920x1080 t=60
12:24:54 [S3] t=60 RenderStart=0 RenderEnd=119 GlobalStart=0 GlobalEnd=119 Rate=24 mode=3 out=119
12:24:54 [S1] GPU OK 1920x1080 t=60
12:24:55 [S3] t=60 RenderStart=0 RenderEnd=119 GlobalStart=0 GlobalEnd=119 Rate=24 mode=3 out=119
12:24:55 [S1] GPU OK 1920x1080 t=60
12:24:55 [S3] t=60 RenderStart=0 RenderEnd=119 GlobalStart=0 GlobalEnd=119 Rate=24 mode=3 out=119
12:24:55 [S1] GPU OK 1920x1080 t=60
12:24:55 [S3] t=6 RenderStart=0 RenderEnd=119 GlobalStart=0 GlobalEnd=119 Rate=24 mode=4 out=24
12:24:55 [S3] t=60 RenderStart=0 RenderEnd=119 GlobalStart=0 GlobalEnd=119 Rate=24 mode=4 out=24
12:24:55 [S1] GPU OK 1920x1080 t=60
12:24:55 [S3] t=60 RenderStart=0 RenderEnd=119 GlobalStart=0 GlobalEnd=119 Rate=24 mode=4 out=24
12:24:55 [S1] GPU OK 1920x1080 t=60
12:24:55 [S3] t=60 RenderStart=0 RenderEnd=119 GlobalStart=0 GlobalEnd=119 Rate=24 mode=4 out=24
12:24:55 [S1] GPU OK 1920x1080 t=60
12:24:55 [S3] t=60 RenderStart=0 RenderEnd=119 GlobalStart=0 GlobalEnd=119 Rate=24 mode=4 out=24
12:24:55 [S1] GPU OK 1920x1080 t=60
12:24:55 [S3] t=60 RenderStart=0 RenderEnd=119 GlobalStart=0 GlobalEnd=119 Rate=24 mode=4 out=24
12:24:55 [S1] GPU OK 1920x1080 t=60
12:24:56 [S3] t=60 RenderStart=0 RenderEnd=119 GlobalStart=0 GlobalEnd=119 Rate=24 mode=4 out=24
12:24:56 [S1] GPU OK 1920x1080 t=60
12:24:56 [S3] t=60 RenderStart=0 RenderEnd=119 GlobalStart=0 GlobalEnd=119 Rate=24 mode=4 out=24
12:24:56 [S1] GPU OK 1920x1080 t=60
12:25:14 [S3] t=6 RenderStart=0 RenderEnd=119 GlobalStart=0 GlobalEnd=119 Rate=24 mode=0 out=0.25
12:25:14 [S3] t=60 RenderStart=0 RenderEnd=119 GlobalStart=0 GlobalEnd=119 Rate=24 mode=0 out=2.5
12:25:14 [S1] GPU OK 1920x1080 t=60
12:25:14 [S3] t=60 RenderStart=0 RenderEnd=119 GlobalStart=0 GlobalEnd=119 Rate=24 mode=0 out=2.5
12:25:14 [S1] GPU OK 1920x1080 t=60
12:25:14 [S3] t=60 RenderStart=0 RenderEnd=119 GlobalStart=0 GlobalEnd=119 Rate=24 mode=0 out=2.5
12:25:14 [S1] GPU OK 1920x1080 t=60
12:25:14 [S3] t=119 RenderStart=0 RenderEnd=119 GlobalStart=0 GlobalEnd=119 Rate=24 mode=0 out=4.9583333333333
12:25:14 [S1] GPU OK 1920x1080 t=119
12:25:15 [S3] t=119 RenderStart=0 RenderEnd=119 GlobalStart=0 GlobalEnd=119 Rate=24 mode=0 out=4.9583333333333
12:25:15 [S1] GPU OK 1920x1080 t=119
12:25:15 [S3] t=119 RenderStart=0 RenderEnd=119 GlobalStart=0 GlobalEnd=119 Rate=24 mode=0 out=4.9583333333333
12:25:15 [S1] GPU OK 1920x1080 t=119
12:25:15 [S3] t=119 RenderStart=0 RenderEnd=119 GlobalStart=0 GlobalEnd=119 Rate=24 mode=0 out=4.9583333333333
12:25:15 [S1] GPU OK 1920x1080 t=119
12:25:15 [S3] t=119 RenderStart=0 RenderEnd=119 GlobalStart=0 GlobalEnd=119 Rate=24 mode=0 out=4.9583333333333
12:25:15 [S1] GPU OK 1920x1080 t=119
12:25:15 [S3] t=0 RenderStart=0 RenderEnd=119 GlobalStart=0 GlobalEnd=119 Rate=24 mode=0 out=0
12:25:15 [S1] GPU OK 1920x1080 t=0
12:25:16 [S3] t=0 RenderStart=0 RenderEnd=119 GlobalStart=0 GlobalEnd=119 Rate=24 mode=0 out=0
12:25:16 [S1] GPU OK 1920x1080 t=0
12:25:16 [S3] t=0 RenderStart=0 RenderEnd=119 GlobalStart=0 GlobalEnd=119 Rate=24 mode=0 out=0
12:25:16 [S1] GPU OK 1920x1080 t=0
12:25:16 [S3] t=0 RenderStart=0 RenderEnd=119 GlobalStart=0 GlobalEnd=119 Rate=24 mode=0 out=0
12:25:16 [S1] GPU OK 1920x1080 t=0
12:25:16 [S3] t=0 RenderStart=0 RenderEnd=119 GlobalStart=0 GlobalEnd=119 Rate=24 mode=0 out=0
12:25:16 [S1] GPU OK 1920x1080 t=0
12:25:25 [S3] t=0 RenderStart=0 RenderEnd=119 GlobalStart=0 GlobalEnd=119 Rate=24 mode=0 out=0
12:25:25 [S1] GPU OK 1920x1080 t=0
12:25:25 [S3] t=0 RenderStart=0 RenderEnd=119 GlobalStart=0 GlobalEnd=119 Rate=24 mode=0 out=0
12:25:25 [S1] GPU OK 1920x1080 t=0
12:25:25 [S3] t=0 RenderStart=0 RenderEnd=119 GlobalStart=0 GlobalEnd=119 Rate=24 mode=0 out=0
12:25:25 [S1] GPU OK 1920x1080 t=0
12:25:25 [S3] t=0 RenderStart=0 RenderEnd=119 GlobalStart=0 GlobalEnd=119 Rate=24 mode=0 out=0
12:25:25 [S1] GPU OK 1920x1080 t=0
12:25:25 [S3] t=1 RenderStart=0 RenderEnd=119 GlobalStart=0 GlobalEnd=119 Rate=24 mode=0 out=0.041666666666667
12:25:25 [S1] GPU OK 1920x1080 t=1
12:25:25 [S3] t=2 RenderStart=0 RenderEnd=119 GlobalStart=0 GlobalEnd=119 Rate=24 mode=0 out=0.083333333333333
12:25:25 [S1] GPU OK 1920x1080 t=2
12:25:25 [S3] t=3 RenderStart=0 RenderEnd=119 GlobalStart=0 GlobalEnd=119 Rate=24 mode=0 out=0.125
12:25:25 [S1] GPU OK 1920x1080 t=3
12:25:25 [S3] t=4 RenderStart=0 RenderEnd=119 GlobalStart=0 GlobalEnd=119 Rate=24 mode=0 out=0.16666666666667
12:25:25 [S1] GPU OK 1920x1080 t=4
12:25:25 [S3] t=5 RenderStart=0 RenderEnd=119 GlobalStart=0 GlobalEnd=119 Rate=24 mode=0 out=0.20833333333333
12:25:25 [S1] GPU OK 1920x1080 t=5
12:25:25 [S3] t=6 RenderStart=0 RenderEnd=119 GlobalStart=0 GlobalEnd=119 Rate=24 mode=0 out=0.25
12:25:25 [S1] GPU OK 1920x1080 t=6
12:25:25 [S3] t=7 RenderStart=0 RenderEnd=119 GlobalStart=0 GlobalEnd=119 Rate=24 mode=0 out=0.29166666666667
12:25:25 [S1] GPU OK 1920x1080 t=7
12:25:25 [S3] t=8 RenderStart=0 RenderEnd=119 GlobalStart=0 GlobalEnd=119 Rate=24 mode=0 out=0.33333333333333
12:25:25 [S1] GPU OK 1920x1080 t=8
12:25:25 [S3] t=9 RenderStart=0 RenderEnd=119 GlobalStart=0 GlobalEnd=119 Rate=24 mode=0 out=0.375
12:25:25 [S1] GPU OK 1920x1080 t=9
12:25:25 [S3] t=10 RenderStart=0 RenderEnd=119 GlobalStart=0 GlobalEnd=119 Rate=24 mode=0 out=0.41666666666667
12:25:25 [S1] GPU OK 1920x1080 t=10
12:25:25 [S3] t=11 RenderStart=0 RenderEnd=119 GlobalStart=0 GlobalEnd=119 Rate=24 mode=0 out=0.45833333333333
12:25:25 [S1] GPU OK 1920x1080 t=11
12:25:25 [S3] t=12 RenderStart=0 RenderEnd=119 GlobalStart=0 GlobalEnd=119 Rate=24 mode=0 out=0.5
12:25:25 [S1] GPU OK 1920x1080 t=12
12:25:25 [S3] t=13 RenderStart=0 RenderEnd=119 GlobalStart=0 GlobalEnd=119 Rate=24 mode=0 out=0.54166666666667
12:25:25 [S1] GPU OK 1920x1080 t=13
12:25:25 [S3] t=14 RenderStart=0 RenderEnd=119 GlobalStart=0 GlobalEnd=119 Rate=24 mode=0 out=0.58333333333333
12:25:25 [S1] GPU OK 1920x1080 t=14
12:25:25 [S3] t=15 RenderStart=0 RenderEnd=119 GlobalStart=0 GlobalEnd=119 Rate=24 mode=0 out=0.625
12:25:25 [S1] GPU OK 1920x1080 t=15
12:25:25 [S3] t=16 RenderStart=0 RenderEnd=119 GlobalStart=0 GlobalEnd=119 Rate=24 mode=0 out=0.66666666666667
12:25:25 [S1] GPU OK 1920x1080 t=16
12:25:25 [S3] t=17 RenderStart=0 RenderEnd=119 GlobalStart=0 GlobalEnd=119 Rate=24 mode=0 out=0.70833333333333
12:25:25 [S1] GPU OK 1920x1080 t=17
12:25:25 [S3] t=18 RenderStart=0 RenderEnd=119 GlobalStart=0 GlobalEnd=119 Rate=24 mode=0 out=0.75
12:25:25 [S1] GPU OK 1920x1080 t=18
12:25:25 [S3] t=19 RenderStart=0 RenderEnd=119 GlobalStart=0 GlobalEnd=119 Rate=24 mode=0 out=0.79166666666667
12:25:25 [S1] GPU OK 1920x1080 t=19
12:25:25 [S3] t=20 RenderStart=0 RenderEnd=119 GlobalStart=0 GlobalEnd=119 Rate=24 mode=0 out=0.83333333333333
12:25:25 [S1] GPU OK 1920x1080 t=20
12:25:25 [S3] t=21 RenderStart=0 RenderEnd=119 GlobalStart=0 GlobalEnd=119 Rate=24 mode=0 out=0.875
12:25:25 [S1] GPU OK 1920x1080 t=21
12:25:25 [S3] t=22 RenderStart=0 RenderEnd=119 GlobalStart=0 GlobalEnd=119 Rate=24 mode=0 out=0.91666666666667
12:25:25 [S1] GPU OK 1920x1080 t=22
12:25:25 [S3] t=23 RenderStart=0 RenderEnd=119 GlobalStart=0 GlobalEnd=119 Rate=24 mode=0 out=0.95833333333333
12:25:25 [S1] GPU OK 1920x1080 t=23
12:25:25 [S3] t=24 RenderStart=0 RenderEnd=119 GlobalStart=0 GlobalEnd=119 Rate=24 mode=0 out=1
12:25:26 [S1] GPU OK 1920x1080 t=24
12:25:26 [S3] t=25 RenderStart=0 RenderEnd=119 GlobalStart=0 GlobalEnd=119 Rate=24 mode=0 out=1.0416666666667
12:25:26 [S1] GPU OK 1920x1080 t=25
12:25:26 [S3] t=26 RenderStart=0 RenderEnd=119 GlobalStart=0 GlobalEnd=119 Rate=24 mode=0 out=1.0833333333333
12:25:26 [S1] GPU OK 1920x1080 t=26
12:25:26 [S3] t=27 RenderStart=0 RenderEnd=119 GlobalStart=0 GlobalEnd=119 Rate=24 mode=0 out=1.125
12:25:26 [S1] GPU OK 1920x1080 t=27
12:25:26 [S3] t=28 RenderStart=0 RenderEnd=119 GlobalStart=0 GlobalEnd=119 Rate=24 mode=0 out=1.1666666666667
12:25:26 [S1] GPU OK 1920x1080 t=28
12:25:26 [S3] t=29 RenderStart=0 RenderEnd=119 GlobalStart=0 GlobalEnd=119 Rate=24 mode=0 out=1.2083333333333
12:25:26 [S1] GPU OK 1920x1080 t=29
12:25:26 [S3] t=30 RenderStart=0 RenderEnd=119 GlobalStart=0 GlobalEnd=119 Rate=24 mode=0 out=1.25
12:25:26 [S1] GPU OK 1920x1080 t=30
12:25:26 [S3] t=31 RenderStart=0 RenderEnd=119 GlobalStart=0 GlobalEnd=119 Rate=24 mode=0 out=1.2916666666667
12:25:26 [S1] GPU OK 1920x1080 t=31
12:25:26 [S3] t=32 RenderStart=0 RenderEnd=119 GlobalStart=0 GlobalEnd=119 Rate=24 mode=0 out=1.3333333333333
12:25:26 [S1] GPU OK 1920x1080 t=32
12:25:26 [S3] t=33 RenderStart=0 RenderEnd=119 GlobalStart=0 GlobalEnd=119 Rate=24 mode=0 out=1.375
12:25:26 [S1] GPU OK 1920x1080 t=33
12:25:26 [S3] t=34 RenderStart=0 RenderEnd=119 GlobalStart=0 GlobalEnd=119 Rate=24 mode=0 out=1.4166666666667
12:25:26 [S1] GPU OK 1920x1080 t=34
12:25:26 [S3] t=35 RenderStart=0 RenderEnd=119 GlobalStart=0 GlobalEnd=119 Rate=24 mode=0 out=1.4583333333333
12:25:26 [S1] GPU OK 1920x1080 t=35
12:25:26 [S3] t=36 RenderStart=0 RenderEnd=119 GlobalStart=0 GlobalEnd=119 Rate=24 mode=0 out=1.5
12:25:26 [S1] GPU OK 1920x1080 t=36
12:25:26 [S3] t=37 RenderStart=0 RenderEnd=119 GlobalStart=0 GlobalEnd=119 Rate=24 mode=0 out=1.5416666666667
12:25:26 [S1] GPU OK 1920x1080 t=37
12:25:26 [S3] t=38 RenderStart=0 RenderEnd=119 GlobalStart=0 GlobalEnd=119 Rate=24 mode=0 out=1.5833333333333
12:25:26 [S1] GPU OK 1920x1080 t=38
12:25:26 [S3] t=39 RenderStart=0 RenderEnd=119 GlobalStart=0 GlobalEnd=119 Rate=24 mode=0 out=1.625
12:25:26 [S1] GPU OK 1920x1080 t=39
12:25:26 [S3] t=40 RenderStart=0 RenderEnd=119 GlobalStart=0 GlobalEnd=119 Rate=24 mode=0 out=1.6666666666667
12:25:26 [S1] GPU OK 1920x1080 t=40
12:25:26 [S3] t=41 RenderStart=0 RenderEnd=119 GlobalStart=0 GlobalEnd=119 Rate=24 mode=0 out=1.7083333333333
12:25:26 [S1] GPU OK 1920x1080 t=41
12:25:26 [S3] t=42 RenderStart=0 RenderEnd=119 GlobalStart=0 GlobalEnd=119 Rate=24 mode=0 out=1.75
12:25:26 [S1] GPU OK 1920x1080 t=42
12:25:26 [S3] t=43 RenderStart=0 RenderEnd=119 GlobalStart=0 GlobalEnd=119 Rate=24 mode=0 out=1.7916666666667
12:25:26 [S1] GPU OK 1920x1080 t=43
12:25:26 [S3] t=44 RenderStart=0 RenderEnd=119 GlobalStart=0 GlobalEnd=119 Rate=24 mode=0 out=1.8333333333333
12:25:26 [S1] GPU OK 1920x1080 t=44
12:25:26 [S3] t=45 RenderStart=0 RenderEnd=119 GlobalStart=0 GlobalEnd=119 Rate=24 mode=0 out=1.875
12:25:26 [S1] GPU OK 1920x1080 t=45
12:25:26 [S3] t=46 RenderStart=0 RenderEnd=119 GlobalStart=0 GlobalEnd=119 Rate=24 mode=0 out=1.9166666666667
12:25:26 [S1] GPU OK 1920x1080 t=46
12:25:26 [S3] t=47 RenderStart=0 RenderEnd=119 GlobalStart=0 GlobalEnd=119 Rate=24 mode=0 out=1.9583333333333
12:25:26 [S1] GPU OK 1920x1080 t=47
12:25:26 [S3] t=48 RenderStart=0 RenderEnd=119 GlobalStart=0 GlobalEnd=119 Rate=24 mode=0 out=2
12:25:26 [S1] GPU OK 1920x1080 t=48
12:25:26 [S3] t=49 RenderStart=0 RenderEnd=119 GlobalStart=0 GlobalEnd=119 Rate=24 mode=0 out=2.0416666666667
12:25:26 [S1] GPU OK 1920x1080 t=49
12:25:26 [S3] t=50 RenderStart=0 RenderEnd=119 GlobalStart=0 GlobalEnd=119 Rate=24 mode=0 out=2.0833333333333
12:25:26 [S1] GPU OK 1920x1080 t=50
12:25:26 [S3] t=51 RenderStart=0 RenderEnd=119 GlobalStart=0 GlobalEnd=119 Rate=24 mode=0 out=2.125
12:25:26 [S1] GPU OK 1920x1080 t=51
12:25:26 [S3] t=52 RenderStart=0 RenderEnd=119 GlobalStart=0 GlobalEnd=119 Rate=24 mode=0 out=2.1666666666667
12:25:26 [S1] GPU OK 1920x1080 t=52
12:25:26 [S3] t=53 RenderStart=0 RenderEnd=119 GlobalStart=0 GlobalEnd=119 Rate=24 mode=0 out=2.2083333333333
12:25:26 [S1] GPU OK 1920x1080 t=53
12:25:26 [S3] t=54 RenderStart=0 RenderEnd=119 GlobalStart=0 GlobalEnd=119 Rate=24 mode=0 out=2.25
12:25:26 [S1] GPU OK 1920x1080 t=54
12:25:26 [S3] t=55 RenderStart=0 RenderEnd=119 GlobalStart=0 GlobalEnd=119 Rate=24 mode=0 out=2.2916666666667
12:25:26 [S1] GPU OK 1920x1080 t=55
12:25:26 [S3] t=56 RenderStart=0 RenderEnd=119 GlobalStart=0 GlobalEnd=119 Rate=24 mode=0 out=2.3333333333333
12:25:26 [S1] GPU OK 1920x1080 t=56
12:25:26 [S3] t=57 RenderStart=0 RenderEnd=119 GlobalStart=0 GlobalEnd=119 Rate=24 mode=0 out=2.375
12:25:26 [S1] GPU OK 1920x1080 t=57
12:25:26 [S3] t=58 RenderStart=0 RenderEnd=119 GlobalStart=0 GlobalEnd=119 Rate=24 mode=0 out=2.4166666666667
12:25:26 [S1] GPU OK 1920x1080 t=58
12:25:26 [S3] t=59 RenderStart=0 RenderEnd=119 GlobalStart=0 GlobalEnd=119 Rate=24 mode=0 out=2.4583333333333
12:25:26 [S1] GPU OK 1920x1080 t=59
12:25:26 [S3] t=60 RenderStart=0 RenderEnd=119 GlobalStart=0 GlobalEnd=119 Rate=24 mode=0 out=2.5
12:25:26 [S1] GPU OK 1920x1080 t=60
12:25:26 [S3] t=61 RenderStart=0 RenderEnd=119 GlobalStart=0 GlobalEnd=119 Rate=24 mode=0 out=2.5416666666667
12:25:26 [S1] GPU OK 1920x1080 t=61
12:25:26 [S3] t=62 RenderStart=0 RenderEnd=119 GlobalStart=0 GlobalEnd=119 Rate=24 mode=0 out=2.5833333333333
12:25:26 [S1] GPU OK 1920x1080 t=62
12:25:26 [S3] t=63 RenderStart=0 RenderEnd=119 GlobalStart=0 GlobalEnd=119 Rate=24 mode=0 out=2.625
12:25:26 [S1] GPU OK 1920x1080 t=63
12:25:26 [S3] t=64 RenderStart=0 RenderEnd=119 GlobalStart=0 GlobalEnd=119 Rate=24 mode=0 out=2.6666666666667
12:25:26 [S1] GPU OK 1920x1080 t=64
12:25:26 [S3] t=65 RenderStart=0 RenderEnd=119 GlobalStart=0 GlobalEnd=119 Rate=24 mode=0 out=2.7083333333333
12:25:26 [S1] GPU OK 1920x1080 t=65
12:25:26 [S3] t=66 RenderStart=0 RenderEnd=119 GlobalStart=0 GlobalEnd=119 Rate=24 mode=0 out=2.75
12:25:26 [S1] GPU OK 1920x1080 t=66
12:25:26 [S3] t=67 RenderStart=0 RenderEnd=119 GlobalStart=0 GlobalEnd=119 Rate=24 mode=0 out=2.7916666666667
12:25:26 [S1] GPU OK 1920x1080 t=67
12:25:26 [S3] t=68 RenderStart=0 RenderEnd=119 GlobalStart=0 GlobalEnd=119 Rate=24 mode=0 out=2.8333333333333
12:25:26 [S1] GPU OK 1920x1080 t=68
12:25:26 [S3] t=69 RenderStart=0 RenderEnd=119 GlobalStart=0 GlobalEnd=119 Rate=24 mode=0 out=2.875
12:25:26 [S1] GPU OK 1920x1080 t=69
12:25:26 [S3] t=70 RenderStart=0 RenderEnd=119 GlobalStart=0 GlobalEnd=119 Rate=24 mode=0 out=2.9166666666667
12:25:26 [S1] GPU OK 1920x1080 t=70
12:25:26 [S3] t=71 RenderStart=0 RenderEnd=119 GlobalStart=0 GlobalEnd=119 Rate=24 mode=0 out=2.9583333333333
12:25:26 [S1] GPU OK 1920x1080 t=71
12:25:26 [S3] t=72 RenderStart=0 RenderEnd=119 GlobalStart=0 GlobalEnd=119 Rate=24 mode=0 out=3
12:25:26 [S1] GPU OK 1920x1080 t=72
12:25:26 [S3] t=73 RenderStart=0 RenderEnd=119 GlobalStart=0 GlobalEnd=119 Rate=24 mode=0 out=3.0416666666667
12:25:26 [S1] GPU OK 1920x1080 t=73
12:25:26 [S3] t=74 RenderStart=0 RenderEnd=119 GlobalStart=0 GlobalEnd=119 Rate=24 mode=0 out=3.0833333333333
12:25:26 [S1] GPU OK 1920x1080 t=74
12:25:26 [S3] t=75 RenderStart=0 RenderEnd=119 GlobalStart=0 GlobalEnd=119 Rate=24 mode=0 out=3.125
12:25:26 [S1] GPU OK 1920x1080 t=75
12:25:26 [S3] t=76 RenderStart=0 RenderEnd=119 GlobalStart=0 GlobalEnd=119 Rate=24 mode=0 out=3.1666666666667
12:25:26 [S1] GPU OK 1920x1080 t=76
12:25:26 [S3] t=77 RenderStart=0 RenderEnd=119 GlobalStart=0 GlobalEnd=119 Rate=24 mode=0 out=3.2083333333333
12:25:26 [S1] GPU OK 1920x1080 t=77
12:25:26 [S3] t=78 RenderStart=0 RenderEnd=119 GlobalStart=0 GlobalEnd=119 Rate=24 mode=0 out=3.25
12:25:26 [S1] GPU OK 1920x1080 t=78
12:25:26 [S3] t=79 RenderStart=0 RenderEnd=119 GlobalStart=0 GlobalEnd=119 Rate=24 mode=0 out=3.2916666666667
12:25:26 [S1] GPU OK 1920x1080 t=79
12:25:26 [S3] t=80 RenderStart=0 RenderEnd=119 GlobalStart=0 GlobalEnd=119 Rate=24 mode=0 out=3.3333333333333
12:25:26 [S1] GPU OK 1920x1080 t=80
12:25:26 [S3] t=81 RenderStart=0 RenderEnd=119 GlobalStart=0 GlobalEnd=119 Rate=24 mode=0 out=3.375
12:25:26 [S1] GPU OK 1920x1080 t=81
12:25:26 [S3] t=82 RenderStart=0 RenderEnd=119 GlobalStart=0 GlobalEnd=119 Rate=24 mode=0 out=3.4166666666667
12:25:26 [S1] GPU OK 1920x1080 t=82
12:25:26 [S3] t=83 RenderStart=0 RenderEnd=119 GlobalStart=0 GlobalEnd=119 Rate=24 mode=0 out=3.4583333333333
12:25:26 [S1] GPU OK 1920x1080 t=83
12:25:26 [S3] t=84 RenderStart=0 RenderEnd=119 GlobalStart=0 GlobalEnd=119 Rate=24 mode=0 out=3.5
12:25:26 [S1] GPU OK 1920x1080 t=84
12:25:26 [S3] t=85 RenderStart=0 RenderEnd=119 GlobalStart=0 GlobalEnd=119 Rate=24 mode=0 out=3.5416666666667
12:25:26 [S1] GPU OK 1920x1080 t=85
12:25:26 [S3] t=86 RenderStart=0 RenderEnd=119 GlobalStart=0 GlobalEnd=119 Rate=24 mode=0 out=3.5833333333333
12:25:26 [S1] GPU OK 1920x1080 t=86
12:25:26 [S3] t=87 RenderStart=0 RenderEnd=119 GlobalStart=0 GlobalEnd=119 Rate=24 mode=0 out=3.625
12:25:26 [S1] GPU OK 1920x1080 t=87
12:25:26 [S3] t=88 RenderStart=0 RenderEnd=119 GlobalStart=0 GlobalEnd=119 Rate=24 mode=0 out=3.6666666666667
12:25:26 [S1] GPU OK 1920x1080 t=88
12:25:26 [S3] t=89 RenderStart=0 RenderEnd=119 GlobalStart=0 GlobalEnd=119 Rate=24 mode=0 out=3.7083333333333
12:25:26 [S1] GPU OK 1920x1080 t=89
12:25:26 [S3] t=90 RenderStart=0 RenderEnd=119 GlobalStart=0 GlobalEnd=119 Rate=24 mode=0 out=3.75
12:25:26 [S1] GPU OK 1920x1080 t=90
12:25:26 [S3] t=91 RenderStart=0 RenderEnd=119 GlobalStart=0 GlobalEnd=119 Rate=24 mode=0 out=3.7916666666667
12:25:26 [S1] GPU OK 1920x1080 t=91
12:25:26 [S3] t=92 RenderStart=0 RenderEnd=119 GlobalStart=0 GlobalEnd=119 Rate=24 mode=0 out=3.8333333333333
12:25:26 [S1] GPU OK 1920x1080 t=92
12:25:26 [S3] t=93 RenderStart=0 RenderEnd=119 GlobalStart=0 GlobalEnd=119 Rate=24 mode=0 out=3.875
12:25:26 [S1] GPU OK 1920x1080 t=93
12:25:26 [S3] t=94 RenderStart=0 RenderEnd=119 GlobalStart=0 GlobalEnd=119 Rate=24 mode=0 out=3.9166666666667
12:25:26 [S1] GPU OK 1920x1080 t=94
12:25:26 [S3] t=95 RenderStart=0 RenderEnd=119 GlobalStart=0 GlobalEnd=119 Rate=24 mode=0 out=3.9583333333333
12:25:26 [S1] GPU OK 1920x1080 t=95
12:25:26 [S3] t=96 RenderStart=0 RenderEnd=119 GlobalStart=0 GlobalEnd=119 Rate=24 mode=0 out=4
12:25:26 [S1] GPU OK 1920x1080 t=96
12:25:26 [S3] t=97 RenderStart=0 RenderEnd=119 GlobalStart=0 GlobalEnd=119 Rate=24 mode=0 out=4.0416666666667
12:25:26 [S1] GPU OK 1920x1080 t=97
12:25:26 [S3] t=98 RenderStart=0 RenderEnd=119 GlobalStart=0 GlobalEnd=119 Rate=24 mode=0 out=4.0833333333333
12:25:26 [S1] GPU OK 1920x1080 t=98
12:25:26 [S3] t=99 RenderStart=0 RenderEnd=119 GlobalStart=0 GlobalEnd=119 Rate=24 mode=0 out=4.125
12:25:26 [S1] GPU OK 1920x1080 t=99
12:25:26 [S3] t=100 RenderStart=0 RenderEnd=119 GlobalStart=0 GlobalEnd=119 Rate=24 mode=0 out=4.1666666666667
12:25:26 [S1] GPU OK 1920x1080 t=100
12:25:26 [S3] t=101 RenderStart=0 RenderEnd=119 GlobalStart=0 GlobalEnd=119 Rate=24 mode=0 out=4.2083333333333
12:25:26 [S1] GPU OK 1920x1080 t=101
12:25:26 [S3] t=102 RenderStart=0 RenderEnd=119 GlobalStart=0 GlobalEnd=119 Rate=24 mode=0 out=4.25
12:25:26 [S1] GPU OK 1920x1080 t=102
12:25:26 [S3] t=103 RenderStart=0 RenderEnd=119 GlobalStart=0 GlobalEnd=119 Rate=24 mode=0 out=4.2916666666667
12:25:26 [S1] GPU OK 1920x1080 t=103
12:25:26 [S3] t=104 RenderStart=0 RenderEnd=119 GlobalStart=0 GlobalEnd=119 Rate=24 mode=0 out=4.3333333333333
12:25:26 [S1] GPU OK 1920x1080 t=104
12:25:26 [S3] t=105 RenderStart=0 RenderEnd=119 GlobalStart=0 GlobalEnd=119 Rate=24 mode=0 out=4.375
12:25:26 [S1] GPU OK 1920x1080 t=105
12:25:26 [S3] t=106 RenderStart=0 RenderEnd=119 GlobalStart=0 GlobalEnd=119 Rate=24 mode=0 out=4.4166666666667
12:25:26 [S1] GPU OK 1920x1080 t=106
12:25:26 [S3] t=107 RenderStart=0 RenderEnd=119 GlobalStart=0 GlobalEnd=119 Rate=24 mode=0 out=4.4583333333333
12:25:26 [S1] GPU OK 1920x1080 t=107
12:25:26 [S3] t=108 RenderStart=0 RenderEnd=119 GlobalStart=0 GlobalEnd=119 Rate=24 mode=0 out=4.5
12:25:26 [S1] GPU OK 1920x1080 t=108
12:25:26 [S3] t=109 RenderStart=0 RenderEnd=119 GlobalStart=0 GlobalEnd=119 Rate=24 mode=0 out=4.5416666666667
12:25:26 [S1] GPU OK 1920x1080 t=109
12:25:26 [S3] t=110 RenderStart=0 RenderEnd=119 GlobalStart=0 GlobalEnd=119 Rate=24 mode=0 out=4.5833333333333
12:25:26 [S1] GPU OK 1920x1080 t=110
12:25:26 [S3] t=111 RenderStart=0 RenderEnd=119 GlobalStart=0 GlobalEnd=119 Rate=24 mode=0 out=4.625
12:25:26 [S1] GPU OK 1920x1080 t=111
12:25:26 [S3] t=112 RenderStart=0 RenderEnd=119 GlobalStart=0 GlobalEnd=119 Rate=24 mode=0 out=4.6666666666667
12:25:26 [S1] GPU OK 1920x1080 t=112
12:25:26 [S3] t=113 RenderStart=0 RenderEnd=119 GlobalStart=0 GlobalEnd=119 Rate=24 mode=0 out=4.7083333333333
12:25:26 [S1] GPU OK 1920x1080 t=113
12:25:26 [S3] t=114 RenderStart=0 RenderEnd=119 GlobalStart=0 GlobalEnd=119 Rate=24 mode=0 out=4.75
12:25:27 [S1] GPU OK 1920x1080 t=114
12:25:27 [S3] t=115 RenderStart=0 RenderEnd=119 GlobalStart=0 GlobalEnd=119 Rate=24 mode=0 out=4.7916666666667
12:25:27 [S1] GPU OK 1920x1080 t=115
12:25:27 [S3] t=116 RenderStart=0 RenderEnd=119 GlobalStart=0 GlobalEnd=119 Rate=24 mode=0 out=4.8333333333333
12:25:27 [S1] GPU OK 1920x1080 t=116
12:25:27 [S3] t=117 RenderStart=0 RenderEnd=119 GlobalStart=0 GlobalEnd=119 Rate=24 mode=0 out=4.875
12:25:27 [S1] GPU OK 1920x1080 t=117
12:25:27 [S3] t=118 RenderStart=0 RenderEnd=119 GlobalStart=0 GlobalEnd=119 Rate=24 mode=0 out=4.9166666666667
12:25:27 [S1] GPU OK 1920x1080 t=118
12:25:27 [S3] t=119 RenderStart=0 RenderEnd=119 GlobalStart=0 GlobalEnd=119 Rate=24 mode=0 out=4.9583333333333
12:25:27 [S1] GPU OK 1920x1080 t=119
12:25:27 [S3] t=0 RenderStart=0 RenderEnd=119 GlobalStart=0 GlobalEnd=119 Rate=24 mode=0 out=0
12:25:27 [S1] GPU OK 1920x1080 t=0
12:25:27 [S3] t=0 RenderStart=0 RenderEnd=119 GlobalStart=0 GlobalEnd=119 Rate=24 mode=0 out=0
12:25:27 [S1] GPU OK 1920x1080 t=0
12:25:27 [S3] t=0 RenderStart=0 RenderEnd=119 GlobalStart=0 GlobalEnd=119 Rate=24 mode=0 out=0
12:25:27 [S1] GPU OK 1920x1080 t=0
12:25:27 [S3] t=0 RenderStart=0 RenderEnd=119 GlobalStart=0 GlobalEnd=119 Rate=24 mode=0 out=0
12:25:27 [S1] GPU OK 1920x1080 t=0
12:25:32 [S3] t=0 RenderStart=0 RenderEnd=119 GlobalStart=0 GlobalEnd=119 Rate=24 mode=0 out=0
12:25:32 [S1] GPU OK 1920x1080 t=0
12:25:32 [S3] t=6 RenderStart=0 RenderEnd=119 GlobalStart=0 GlobalEnd=119 Rate=24 mode=0 out=0.25
12:25:32 [S1] GPU OK 1920x1080 t=6
12:25:39 [S3] t=0 RenderStart=0 RenderEnd=46 GlobalStart=-24 GlobalEnd=95 Rate=24 mode=0 out=0
12:25:39 [S3] t=46 RenderStart=0 RenderEnd=46 GlobalStart=-24 GlobalEnd=95 Rate=24 mode=0 out=1.9166666666667
12:25:39 [S3] t=46 RenderStart=0 RenderEnd=46 GlobalStart=-24 GlobalEnd=95 Rate=24 mode=0 out=1.9166666666667
12:25:39 [S3] t=46 RenderStart=0 RenderEnd=46 GlobalStart=-24 GlobalEnd=95 Rate=24 mode=0 out=1.9166666666667
12:25:40 [S3] t=46 RenderStart=0 RenderEnd=46 GlobalStart=-24 GlobalEnd=95 Rate=24 mode=0 out=1.9166666666667
12:25:40 [S3] t=46 RenderStart=0 RenderEnd=46 GlobalStart=-24 GlobalEnd=95 Rate=24 mode=0 out=1.9166666666667
12:25:40 [S3] t=0 RenderStart=0 RenderEnd=46 GlobalStart=-24 GlobalEnd=95 Rate=24 mode=0 out=0
12:25:40 [S3] t=0 RenderStart=0 RenderEnd=46 GlobalStart=-24 GlobalEnd=95 Rate=24 mode=0 out=0
12:25:40 [S3] t=0 RenderStart=0 RenderEnd=46 GlobalStart=-24 GlobalEnd=95 Rate=24 mode=0 out=0
12:25:40 [S3] t=0 RenderStart=0 RenderEnd=46 GlobalStart=-24 GlobalEnd=95 Rate=24 mode=0 out=0
12:25:40 [S3] t=0 RenderStart=0 RenderEnd=46 GlobalStart=-24 GlobalEnd=95 Rate=24 mode=0 out=0
12:25:47 [S3] t=0 RenderStart=0 RenderEnd=46 GlobalStart=-24 GlobalEnd=95 Rate=24 mode=1 out=1.9583333333333
12:25:47 [S3] t=0 RenderStart=0 RenderEnd=46 GlobalStart=-24 GlobalEnd=95 Rate=24 mode=1 out=1.9583333333333
12:25:47 [S3] t=0 RenderStart=0 RenderEnd=46 GlobalStart=-24 GlobalEnd=95 Rate=24 mode=1 out=1.9583333333333
12:25:47 [S3] t=10 RenderStart=0 RenderEnd=46 GlobalStart=-24 GlobalEnd=95 Rate=24 mode=1 out=1.9583333333333
12:25:47 [S3] t=10 RenderStart=0 RenderEnd=46 GlobalStart=-24 GlobalEnd=95 Rate=24 mode=1 out=1.9583333333333
12:25:48 [S3] t=10 RenderStart=0 RenderEnd=46 GlobalStart=-24 GlobalEnd=95 Rate=24 mode=1 out=1.9583333333333
12:25:48 [S3] t=10 RenderStart=0 RenderEnd=46 GlobalStart=-24 GlobalEnd=95 Rate=24 mode=1 out=1.9583333333333
12:25:48 [S3] t=10 RenderStart=0 RenderEnd=46 GlobalStart=-24 GlobalEnd=95 Rate=24 mode=2 out=0
12:25:48 [S3] t=10 RenderStart=0 RenderEnd=46 GlobalStart=-24 GlobalEnd=95 Rate=24 mode=2 out=0
12:25:48 [S3] t=10 RenderStart=0 RenderEnd=46 GlobalStart=-24 GlobalEnd=95 Rate=24 mode=2 out=0
12:25:48 [S3] t=10 RenderStart=0 RenderEnd=46 GlobalStart=-24 GlobalEnd=95 Rate=24 mode=2 out=0
12:25:48 [S3] t=10 RenderStart=0 RenderEnd=46 GlobalStart=-24 GlobalEnd=95 Rate=24 mode=2 out=0
12:25:49 [S3] t=10 RenderStart=0 RenderEnd=46 GlobalStart=-24 GlobalEnd=95 Rate=24 mode=2 out=0
12:25:49 [S3] t=10 RenderStart=0 RenderEnd=46 GlobalStart=-24 GlobalEnd=95 Rate=24 mode=2 out=0
12:25:49 [S3] t=10 RenderStart=0 RenderEnd=46 GlobalStart=-24 GlobalEnd=95 Rate=24 mode=3 out=46
12:25:49 [S3] t=10 RenderStart=0 RenderEnd=46 GlobalStart=-24 GlobalEnd=95 Rate=24 mode=3 out=46
12:25:49 [S3] t=10 RenderStart=0 RenderEnd=46 GlobalStart=-24 GlobalEnd=95 Rate=24 mode=3 out=46
12:25:49 [S3] t=10 RenderStart=0 RenderEnd=46 GlobalStart=-24 GlobalEnd=95 Rate=24 mode=3 out=46
12:25:50 [S3] t=10 RenderStart=0 RenderEnd=46 GlobalStart=-24 GlobalEnd=95 Rate=24 mode=3 out=46
12:25:50 [S3] t=10 RenderStart=0 RenderEnd=46 GlobalStart=-24 GlobalEnd=95 Rate=24 mode=3 out=46
12:25:50 [S3] t=10 RenderStart=0 RenderEnd=46 GlobalStart=-24 GlobalEnd=95 Rate=24 mode=3 out=46
12:25:50 [S3] t=10 RenderStart=0 RenderEnd=46 GlobalStart=-24 GlobalEnd=95 Rate=24 mode=4 out=24
12:25:50 [S3] t=10 RenderStart=0 RenderEnd=46 GlobalStart=-24 GlobalEnd=95 Rate=24 mode=4 out=24
12:25:50 [S3] t=10 RenderStart=0 RenderEnd=46 GlobalStart=-24 GlobalEnd=95 Rate=24 mode=4 out=24
12:25:50 [S3] t=10 RenderStart=0 RenderEnd=46 GlobalStart=-24 GlobalEnd=95 Rate=24 mode=4 out=24
12:25:50 [S3] t=10 RenderStart=0 RenderEnd=46 GlobalStart=-24 GlobalEnd=95 Rate=24 mode=4 out=24
12:25:51 [S3] t=10 RenderStart=0 RenderEnd=46 GlobalStart=-24 GlobalEnd=95 Rate=24 mode=4 out=24
12:25:51 [S3] t=10 RenderStart=0 RenderEnd=46 GlobalStart=-24 GlobalEnd=95 Rate=24 mode=4 out=24
12:25:51 [S3] t=10 RenderStart=0 RenderEnd=46 GlobalStart=-24 GlobalEnd=95 Rate=24 mode=4 out=24
12:26:00 [S3] t=10 RenderStart=0 RenderEnd=46 GlobalStart=-24 GlobalEnd=95 Rate=24 mode=4 out=24
12:26:00 [S3] t=10 RenderStart=0 RenderEnd=46 GlobalStart=-24 GlobalEnd=95 Rate=24 mode=4 out=24
12:26:00 [S3] t=28 RenderStart=0 RenderEnd=119 GlobalStart=0 GlobalEnd=119 Rate=24 mode=0 out=1.1666666666667
12:26:00 [S1] GPU OK 1920x1080 t=28
12:26:00 [S3] t=28 RenderStart=0 RenderEnd=119 GlobalStart=0 GlobalEnd=119 Rate=24 mode=0 out=1.1666666666667
12:26:00 [S1] GPU OK 1920x1080 t=28
12:26:00 [S3] t=0 RenderStart=0 RenderEnd=28 GlobalStart=0 GlobalEnd=119 Rate=24 mode=0 out=0
12:26:00 [S3] t=28 RenderStart=0 RenderEnd=119 GlobalStart=0 GlobalEnd=119 Rate=24 mode=0 out=1.1666666666667
12:26:00 [S1] GPU OK 1920x1080 t=28
12:26:00 [S3] t=28 RenderStart=0 RenderEnd=28 GlobalStart=0 GlobalEnd=119 Rate=24 mode=1 out=1.2083333333333
12:26:00 [S3] t=28 RenderStart=0 RenderEnd=119 GlobalStart=0 GlobalEnd=119 Rate=24 mode=0 out=1.1666666666667
12:26:00 [S1] GPU OK 1920x1080 t=28
12:26:00 [S3] t=28 RenderStart=0 RenderEnd=28 GlobalStart=0 GlobalEnd=119 Rate=24 mode=1 out=1.2083333333333
12:26:01 [S3] t=28 RenderStart=0 RenderEnd=119 GlobalStart=0 GlobalEnd=119 Rate=24 mode=0 out=1.1666666666667
12:26:01 [S1] GPU OK 1920x1080 t=28
12:26:01 [S3] t=28 RenderStart=0 RenderEnd=28 GlobalStart=0 GlobalEnd=119 Rate=24 mode=1 out=1.2083333333333
12:26:01 [S3] t=28 RenderStart=0 RenderEnd=119 GlobalStart=0 GlobalEnd=119 Rate=24 mode=0 out=1.1666666666667
12:26:01 [S1] GPU OK 1920x1080 t=28
12:26:01 [S3] t=28 RenderStart=0 RenderEnd=28 GlobalStart=0 GlobalEnd=119 Rate=24 mode=1 out=1.2083333333333
12:26:01 [S3] t=5 RenderStart=0 RenderEnd=119 GlobalStart=0 GlobalEnd=119 Rate=24 mode=0 out=0.20833333333333
12:26:01 [S1] GPU OK 1920x1080 t=5
12:26:01 [S3] t=5 RenderStart=0 RenderEnd=28 GlobalStart=0 GlobalEnd=119 Rate=24 mode=1 out=1.2083333333333
12:26:01 [S3] t=5 RenderStart=0 RenderEnd=119 GlobalStart=0 GlobalEnd=119 Rate=24 mode=0 out=0.20833333333333
12:26:01 [S1] GPU OK 1920x1080 t=5
12:26:01 [S3] t=5 RenderStart=0 RenderEnd=28 GlobalStart=0 GlobalEnd=119 Rate=24 mode=1 out=1.2083333333333
12:26:01 [S3] t=5 RenderStart=0 RenderEnd=119 GlobalStart=0 GlobalEnd=119 Rate=24 mode=0 out=0.20833333333333
12:26:01 [S1] GPU OK 1920x1080 t=5
12:26:01 [S3] t=5 RenderStart=0 RenderEnd=28 GlobalStart=0 GlobalEnd=119 Rate=24 mode=1 out=1.2083333333333
12:26:01 [S3] t=5 RenderStart=0 RenderEnd=119 GlobalStart=0 GlobalEnd=119 Rate=24 mode=0 out=0.20833333333333
12:26:01 [S1] GPU OK 1920x1080 t=5
12:26:01 [S3] t=5 RenderStart=0 RenderEnd=28 GlobalStart=0 GlobalEnd=119 Rate=24 mode=1 out=1.2083333333333
12:26:11 [S3] t=5 RenderStart=0 RenderEnd=119 GlobalStart=0 GlobalEnd=119 Rate=24 mode=0 out=0.20833333333333
12:26:11 [S1] GPU OK 1920x1080 t=5
12:26:11 [S3] t=5 RenderStart=5 RenderEnd=28 GlobalStart=0 GlobalEnd=119 Rate=24 mode=1 out=1
12:26:11 [S3] t=5 RenderStart=0 RenderEnd=119 GlobalStart=0 GlobalEnd=119 Rate=24 mode=0 out=0.20833333333333
12:26:11 [S1] GPU OK 1920x1080 t=5
12:26:11 [S3] t=5 RenderStart=0 RenderEnd=4 GlobalStart=0 GlobalEnd=119 Rate=24 mode=1 out=0.20833333333333
12:26:11 [S3] t=5 RenderStart=0 RenderEnd=119 GlobalStart=0 GlobalEnd=119 Rate=24 mode=0 out=0.20833333333333
12:26:11 [S1] GPU OK 1920x1080 t=5
12:26:11 [S3] t=5 RenderStart=5 RenderEnd=28 GlobalStart=0 GlobalEnd=119 Rate=24 mode=1 out=1
12:26:28 [S3] t=0 RenderStart=0 RenderEnd=0 GlobalStart=0 GlobalEnd=1 Rate=24 mode=0 out=0
12:26:28 [S3] t=5 RenderStart=0 RenderEnd=119 GlobalStart=0 GlobalEnd=119 Rate=24 mode=0 out=0.20833333333333
12:26:28 [S1] GPU OK 1920x1080 t=5
12:26:28 [S3] t=5 RenderStart=5 RenderEnd=28 GlobalStart=0 GlobalEnd=119 Rate=24 mode=1 out=1
12:26:28 [S3] t=5 RenderStart=0 RenderEnd=119 GlobalStart=0 GlobalEnd=119 Rate=24 mode=0 out=0.20833333333333
12:26:28 [S1] GPU OK 1920x1080 t=5
12:26:28 [S3] t=5 RenderStart=5 RenderEnd=28 GlobalStart=0 GlobalEnd=119 Rate=24 mode=1 out=1
12:26:28 [S3] t=5 RenderStart=0 RenderEnd=119 GlobalStart=0 GlobalEnd=119 Rate=24 mode=0 out=0.20833333333333
12:26:28 [S1] GPU OK 1920x1080 t=5
12:26:28 [S3] t=5 RenderStart=5 RenderEnd=28 GlobalStart=0 GlobalEnd=119 Rate=24 mode=1 out=1
12:26:28 [S3] t=5 RenderStart=0 RenderEnd=119 GlobalStart=0 GlobalEnd=119 Rate=24 mode=0 out=0.20833333333333
12:26:28 [S1] GPU OK 1920x1080 t=5
12:26:28 [S3] t=5 RenderStart=5 RenderEnd=28 GlobalStart=0 GlobalEnd=119 Rate=24 mode=1 out=1
12:26:29 [S3] t=5 RenderStart=0 RenderEnd=119 GlobalStart=0 GlobalEnd=119 Rate=24 mode=0 out=0.20833333333333
12:26:29 [S1] GPU OK 1920x1080 t=5
12:26:29 [S3] t=5 RenderStart=5 RenderEnd=28 GlobalStart=0 GlobalEnd=119 Rate=24 mode=1 out=1
12:26:29 [S3] t=5 RenderStart=0 RenderEnd=119 GlobalStart=0 GlobalEnd=119 Rate=24 mode=0 out=0.20833333333333
12:26:29 [S1] GPU OK 1920x1080 t=5
12:26:29 [S3] t=5 RenderStart=5 RenderEnd=28 GlobalStart=0 GlobalEnd=119 Rate=24 mode=1 out=1
12:26:29 [S3] t=0 RenderStart=0 RenderEnd=0 GlobalStart=0 GlobalEnd=1 Rate=24 mode=0 out=0
12:26:29 [S3] t=0 RenderStart=0 RenderEnd=0 GlobalStart=0 GlobalEnd=1 Rate=24 mode=0 out=0
12:26:29 [S3] t=0 RenderStart=0 RenderEnd=0 GlobalStart=0 GlobalEnd=1 Rate=24 mode=0 out=0
12:26:39 [S3] t=0 RenderStart=0 RenderEnd=0 GlobalStart=0 GlobalEnd=1 Rate=24 mode=0 out=0
12:26:39 [S3] t=1 RenderStart=0 RenderEnd=0 GlobalStart=0 GlobalEnd=1 Rate=24 mode=0 out=0.041666666666667
12:26:39 [S3] t=0 RenderStart=0 RenderEnd=0 GlobalStart=0 GlobalEnd=1 Rate=24 mode=0 out=0
12:26:39 [S4] DoD -> 0,0..1920,1080
12:26:40 [S4] DoD -> 0,0..1920,1080
12:27:07 [PROBE4] in DW=0,0..1920,1080 W,H=1920,1080 Depth=5 type(DW)=cdata
12:27:07 [PROBE4] v1 assign ok=true nil -> 0,0..1920,1080
12:27:07 [PROBE4] v2 ctor ok=true -> 576,432..1344,648
12:27:07 [PROBE4] v3 ctor offsets ok=true -> 0,0..768,216 W,H=768,216
12:27:07 [PROBE4] v4 like+assign ok=true -> 0,0..1920,1080
12:27:07 [PROBE4] v5 Crop ok=true -> 0,0..1920,1080 W,H=1920,1080
12:27:07 [PROBE4] in DW=0,0..1920,1080 W,H=1920,1080 Depth=5 type(DW)=cdata
12:27:07 [PROBE4] v1 assign ok=true nil -> 0,0..1920,1080
12:27:07 [PROBE4] v2 ctor ok=true -> 576,432..1344,648
12:27:07 [PROBE4] v3 ctor offsets ok=true -> 0,0..768,216 W,H=768,216
12:27:07 [PROBE4] v4 like+assign ok=true -> 0,0..1920,1080
12:27:07 [PROBE4] v5 Crop ok=true -> 0,0..1920,1080 W,H=1920,1080
12:27:29 [PROBE4] variant 3 ok=true err=nil out DW=576,432..1344,648
12:27:29 [PROBE4] variant 3 ok=true err=nil out DW=576,432..1344,648
12:27:54 [PROBE4] variant 1 ok=true err=nil out DW=576,432..1344,648
12:27:54 [PROBE4] variant 1 ok=true err=nil out DW=576,432..1344,648
12:28:12 [PROBE4] variant 5 ok=true err=nil out DW=576,432..1344,648
12:28:12 [PROBE4] variant 5 ok=true err=nil out DW=576,432..1344,648
12:28:13 [PROBE4] variant 2 ok=true err=nil out DW=576,432..1344,648
12:28:13 [PROBE4] variant 2 ok=true err=nil out DW=576,432..1344,648
12:28:42 [S1] GPU OK 1920x1080 t=119
12:28:42 [S1] GPU OK 1920x1080 t=119
12:28:50 [S1] GPU OK 1920x1080 t=119
12:28:50 [S1] GPU OK 1920x1080 t=119
12:28:50 [S1] GPU OK 1920x1080 t=119
12:28:50 [S1] GPU OK 1920x1080 t=119
12:28:50 [S1] GPU OK 1920x1080 t=119
12:28:50 [S1] GPU OK 1920x1080 t=0
12:28:50 [S1] GPU OK 1920x1080 t=1
12:28:50 [S1] GPU OK 1920x1080 t=2
12:28:50 [S1] GPU OK 1920x1080 t=3
12:28:50 [S1] GPU OK 1920x1080 t=4
12:28:50 [S1] GPU OK 1920x1080 t=5
12:28:50 [S1] GPU OK 1920x1080 t=6
12:28:50 [S1] GPU OK 1920x1080 t=7
12:28:50 [S1] GPU OK 1920x1080 t=8
12:28:50 [S1] GPU OK 1920x1080 t=9
12:28:50 [S1] GPU OK 1920x1080 t=10
12:28:50 [S1] GPU OK 1920x1080 t=11
12:28:50 [S1] GPU OK 1920x1080 t=12
12:28:50 [S1] GPU OK 1920x1080 t=13
12:28:50 [S1] GPU OK 1920x1080 t=14
12:28:50 [S1] GPU OK 1920x1080 t=15
12:28:50 [S1] GPU OK 1920x1080 t=16
12:28:50 [S1] GPU OK 1920x1080 t=17
12:28:50 [S1] GPU OK 1920x1080 t=18
12:28:50 [S1] GPU OK 1920x1080 t=19
12:28:50 [S1] GPU OK 1920x1080 t=20
12:28:50 [S1] GPU OK 1920x1080 t=21
12:28:50 [S1] GPU OK 1920x1080 t=22
12:28:50 [S1] GPU OK 1920x1080 t=23
12:28:50 [S1] GPU OK 1920x1080 t=24
12:28:50 [S1] GPU OK 1920x1080 t=25
12:28:50 [S1] GPU OK 1920x1080 t=26
12:28:50 [S1] GPU OK 1920x1080 t=27
12:28:51 [S1] GPU OK 1920x1080 t=28
12:28:51 [S1] GPU OK 1920x1080 t=29
12:28:51 [S1] GPU OK 1920x1080 t=30
12:28:51 [S1] GPU OK 1920x1080 t=31
12:28:51 [S1] GPU OK 1920x1080 t=32
12:28:51 [S1] GPU OK 1920x1080 t=33
12:28:51 [S1] GPU OK 1920x1080 t=34
12:28:51 [S1] GPU OK 1920x1080 t=35
12:28:51 [S1] GPU OK 1920x1080 t=36
12:28:51 [S1] GPU OK 1920x1080 t=37
12:28:51 [S1] GPU OK 1920x1080 t=38
12:28:51 [S1] GPU OK 1920x1080 t=39
12:28:51 [S1] GPU OK 1920x1080 t=40
12:28:51 [S1] GPU OK 1920x1080 t=41
12:28:51 [S1] GPU OK 1920x1080 t=42
12:28:51 [S1] GPU OK 1920x1080 t=43
12:28:51 [S1] GPU OK 1920x1080 t=44
12:28:51 [S1] GPU OK 1920x1080 t=45
12:28:51 [S1] GPU OK 1920x1080 t=46
12:28:51 [S1] GPU OK 1920x1080 t=47
12:28:51 [S1] GPU OK 1920x1080 t=48
12:28:51 [S1] GPU OK 1920x1080 t=49
12:28:51 [S1] GPU OK 1920x1080 t=50
12:28:51 [S1] GPU OK 1920x1080 t=51
12:28:51 [S1] GPU OK 1920x1080 t=52
12:28:51 [S1] GPU OK 1920x1080 t=53
12:28:51 [S1] GPU OK 1920x1080 t=54
12:28:51 [S1] GPU OK 1920x1080 t=55
12:28:51 [S1] GPU OK 1920x1080 t=56
12:28:51 [S1] GPU OK 1920x1080 t=57
12:28:51 [S1] GPU OK 1920x1080 t=58
12:28:51 [S1] GPU OK 1920x1080 t=59
12:28:51 [S1] GPU OK 1920x1080 t=60
12:28:51 [S1] GPU OK 1920x1080 t=61
12:28:51 [S1] GPU OK 1920x1080 t=62
12:28:51 [S1] GPU OK 1920x1080 t=63
12:28:51 [S1] GPU OK 1920x1080 t=64
12:28:51 [S1] GPU OK 1920x1080 t=65
12:28:51 [S1] GPU OK 1920x1080 t=66
12:28:51 [S1] GPU OK 1920x1080 t=67
12:28:51 [S1] GPU OK 1920x1080 t=68
12:28:51 [S1] GPU OK 1920x1080 t=69
12:28:51 [S1] GPU OK 1920x1080 t=70
12:28:51 [S1] GPU OK 1920x1080 t=71
12:28:51 [S1] GPU OK 1920x1080 t=72
12:28:51 [S1] GPU OK 1920x1080 t=73
12:28:51 [S1] GPU OK 1920x1080 t=74
12:28:51 [S1] GPU OK 1920x1080 t=75
12:28:51 [S1] GPU OK 1920x1080 t=76
12:28:51 [S1] GPU OK 1920x1080 t=77
12:28:51 [S1] GPU OK 1920x1080 t=78
12:28:51 [S1] GPU OK 1920x1080 t=79
12:28:51 [S1] GPU OK 1920x1080 t=80
12:28:51 [S1] GPU OK 1920x1080 t=81
12:28:51 [S1] GPU OK 1920x1080 t=82
12:28:51 [S1] GPU OK 1920x1080 t=83
12:28:51 [S1] GPU OK 1920x1080 t=84
12:28:51 [S1] GPU OK 1920x1080 t=85
12:28:51 [S1] GPU OK 1920x1080 t=86
12:28:51 [S1] GPU OK 1920x1080 t=87
12:28:51 [S1] GPU OK 1920x1080 t=88
12:28:51 [S1] GPU OK 1920x1080 t=89
12:28:51 [S1] GPU OK 1920x1080 t=90
12:28:51 [S1] GPU OK 1920x1080 t=91
12:28:51 [S1] GPU OK 1920x1080 t=92
12:28:51 [S1] GPU OK 1920x1080 t=93
12:28:51 [S1] GPU OK 1920x1080 t=94
12:28:51 [S1] GPU OK 1920x1080 t=95
12:28:51 [S1] GPU OK 1920x1080 t=96
12:28:51 [S1] GPU OK 1920x1080 t=97
12:28:51 [S1] GPU OK 1920x1080 t=98
12:28:51 [S1] GPU OK 1920x1080 t=99
12:28:51 [S1] GPU OK 1920x1080 t=100
12:28:51 [S1] GPU OK 1920x1080 t=101
12:28:51 [S1] GPU OK 1920x1080 t=102
12:28:51 [S1] GPU OK 1920x1080 t=103
12:28:51 [S1] GPU OK 1920x1080 t=104
12:28:51 [S1] GPU OK 1920x1080 t=105
12:28:51 [S1] GPU OK 1920x1080 t=106
12:28:51 [S1] GPU OK 1920x1080 t=107
12:28:51 [S1] GPU OK 1920x1080 t=108
12:28:51 [S1] GPU OK 1920x1080 t=109
12:28:51 [S1] GPU OK 1920x1080 t=110
12:28:51 [S1] GPU OK 1920x1080 t=111
12:28:51 [S1] GPU OK 1920x1080 t=112
12:28:51 [S1] GPU OK 1920x1080 t=113
12:28:51 [S1] GPU OK 1920x1080 t=114
12:28:51 [S1] GPU OK 1920x1080 t=115
12:28:51 [S1] GPU OK 1920x1080 t=116
12:28:51 [S1] GPU OK 1920x1080 t=117
12:28:51 [S1] GPU OK 1920x1080 t=118
12:28:51 [S1] GPU OK 1920x1080 t=119
12:28:51 [S1] GPU OK 1920x1080 t=0
12:28:52 [S1] GPU OK 1920x1080 t=0
12:28:52 [S1] GPU OK 1920x1080 t=0
12:28:52 [S1] GPU OK 1920x1080 t=0
12:28:58 [S6] GPU FAILED: ...solve/Support/Fusion/Fuses/SMK2_Spike_S6_MotionBlur.fuse:55: attempt to index local 'node' (a nil value)
12:28:58 [S1] GPU OK 1920x1080 t=0
12:28:58 [S1] GPU OK 1920x1080 t=0
12:28:58 [S1] GPU OK 1920x1080 t=0
12:28:58 [S1] GPU OK 1920x1080 t=0
12:28:58 [S1] GPU OK 1920x1080 t=0
12:28:58 [S1] GPU OK 1920x1080 t=1
12:28:58 [S1] GPU OK 1920x1080 t=2
12:28:58 [S1] GPU OK 1920x1080 t=3
12:28:59 [S1] GPU OK 1920x1080 t=4
12:28:59 [S1] GPU OK 1920x1080 t=5
12:28:59 [S1] GPU OK 1920x1080 t=6
12:28:59 [S1] GPU OK 1920x1080 t=7
12:28:59 [S1] GPU OK 1920x1080 t=8
12:28:59 [S1] GPU OK 1920x1080 t=9
12:28:59 [S1] GPU OK 1920x1080 t=10
12:28:59 [S1] GPU OK 1920x1080 t=11
12:28:59 [S1] GPU OK 1920x1080 t=12
12:28:59 [S1] GPU OK 1920x1080 t=13
12:28:59 [S1] GPU OK 1920x1080 t=14
12:28:59 [S1] GPU OK 1920x1080 t=15
12:28:59 [S1] GPU OK 1920x1080 t=16
12:28:59 [S1] GPU OK 1920x1080 t=17
12:28:59 [S1] GPU OK 1920x1080 t=18
12:28:59 [S1] GPU OK 1920x1080 t=19
12:28:59 [S1] GPU OK 1920x1080 t=20
12:28:59 [S1] GPU OK 1920x1080 t=21
12:28:59 [S1] GPU OK 1920x1080 t=22
12:28:59 [S1] GPU OK 1920x1080 t=23
12:28:59 [S1] GPU OK 1920x1080 t=24
12:28:59 [S1] GPU OK 1920x1080 t=25
12:28:59 [S1] GPU OK 1920x1080 t=26
12:28:59 [S1] GPU OK 1920x1080 t=27
12:28:59 [S1] GPU OK 1920x1080 t=28
12:28:59 [S1] GPU OK 1920x1080 t=29
12:28:59 [S1] GPU OK 1920x1080 t=30
12:28:59 [S1] GPU OK 1920x1080 t=31
12:28:59 [S1] GPU OK 1920x1080 t=32
12:28:59 [S1] GPU OK 1920x1080 t=33
12:28:59 [S1] GPU OK 1920x1080 t=34
12:28:59 [S1] GPU OK 1920x1080 t=35
12:28:59 [S1] GPU OK 1920x1080 t=36
12:28:59 [S1] GPU OK 1920x1080 t=37
12:28:59 [S1] GPU OK 1920x1080 t=38
12:28:59 [S1] GPU OK 1920x1080 t=39
12:28:59 [S1] GPU OK 1920x1080 t=40
12:28:59 [S1] GPU OK 1920x1080 t=41
12:28:59 [S1] GPU OK 1920x1080 t=42
12:28:59 [S1] GPU OK 1920x1080 t=43
12:28:59 [S1] GPU OK 1920x1080 t=44
12:28:59 [S1] GPU OK 1920x1080 t=45
12:28:59 [S1] GPU OK 1920x1080 t=46
12:28:59 [S1] GPU OK 1920x1080 t=47
12:28:59 [S1] GPU OK 1920x1080 t=48
12:28:59 [S1] GPU OK 1920x1080 t=49
12:28:59 [S1] GPU OK 1920x1080 t=50
12:28:59 [S1] GPU OK 1920x1080 t=51
12:28:59 [S1] GPU OK 1920x1080 t=52
12:28:59 [S1] GPU OK 1920x1080 t=53
12:28:59 [S1] GPU OK 1920x1080 t=54
12:28:59 [S1] GPU OK 1920x1080 t=55
12:28:59 [S1] GPU OK 1920x1080 t=56
12:28:59 [S1] GPU OK 1920x1080 t=57
12:28:59 [S1] GPU OK 1920x1080 t=58
12:28:59 [S1] GPU OK 1920x1080 t=59
12:28:59 [S1] GPU OK 1920x1080 t=60
12:28:59 [S1] GPU OK 1920x1080 t=61
12:28:59 [S1] GPU OK 1920x1080 t=62
12:28:59 [S1] GPU OK 1920x1080 t=63
12:28:59 [S1] GPU OK 1920x1080 t=64
12:28:59 [S1] GPU OK 1920x1080 t=65
12:28:59 [S1] GPU OK 1920x1080 t=66
12:28:59 [S1] GPU OK 1920x1080 t=67
12:28:59 [S1] GPU OK 1920x1080 t=68
12:28:59 [S1] GPU OK 1920x1080 t=69
12:28:59 [S1] GPU OK 1920x1080 t=70
12:28:59 [S1] GPU OK 1920x1080 t=71
12:28:59 [S1] GPU OK 1920x1080 t=72
12:28:59 [S1] GPU OK 1920x1080 t=73
12:28:59 [S1] GPU OK 1920x1080 t=74
12:28:59 [S1] GPU OK 1920x1080 t=75
12:28:59 [S1] GPU OK 1920x1080 t=76
12:28:59 [S1] GPU OK 1920x1080 t=77
12:28:59 [S1] GPU OK 1920x1080 t=78
12:28:59 [S1] GPU OK 1920x1080 t=79
12:28:59 [S1] GPU OK 1920x1080 t=80
12:28:59 [S1] GPU OK 1920x1080 t=81
12:28:59 [S1] GPU OK 1920x1080 t=82
12:28:59 [S1] GPU OK 1920x1080 t=83
12:28:59 [S1] GPU OK 1920x1080 t=84
12:28:59 [S1] GPU OK 1920x1080 t=85
12:28:59 [S1] GPU OK 1920x1080 t=86
12:28:59 [S1] GPU OK 1920x1080 t=87
12:28:59 [S1] GPU OK 1920x1080 t=88
12:28:59 [S1] GPU OK 1920x1080 t=89
12:29:00 [S1] GPU OK 1920x1080 t=90
12:29:00 [S1] GPU OK 1920x1080 t=91
12:29:00 [S1] GPU OK 1920x1080 t=92
12:29:00 [S1] GPU OK 1920x1080 t=93
12:29:00 [S1] GPU OK 1920x1080 t=94
12:29:00 [S1] GPU OK 1920x1080 t=95
12:29:00 [S1] GPU OK 1920x1080 t=96
12:29:00 [S1] GPU OK 1920x1080 t=97
12:29:00 [S1] GPU OK 1920x1080 t=98
12:29:00 [S1] GPU OK 1920x1080 t=99
12:29:00 [S1] GPU OK 1920x1080 t=100
12:29:00 [S1] GPU OK 1920x1080 t=101
12:29:00 [S1] GPU OK 1920x1080 t=102
12:29:00 [S1] GPU OK 1920x1080 t=103
12:29:00 [S1] GPU OK 1920x1080 t=104
12:29:00 [S1] GPU OK 1920x1080 t=105
12:29:00 [S1] GPU OK 1920x1080 t=106
12:29:00 [S1] GPU OK 1920x1080 t=107
12:29:00 [S1] GPU OK 1920x1080 t=108
12:29:00 [S1] GPU OK 1920x1080 t=109
12:29:00 [S1] GPU OK 1920x1080 t=110
12:29:00 [S1] GPU OK 1920x1080 t=111
12:29:00 [S1] GPU OK 1920x1080 t=112
12:29:00 [S1] GPU OK 1920x1080 t=113
12:29:00 [S1] GPU OK 1920x1080 t=114
12:29:00 [S1] GPU OK 1920x1080 t=115
12:29:00 [S1] GPU OK 1920x1080 t=116
12:29:00 [S1] GPU OK 1920x1080 t=117
12:29:00 [S1] GPU OK 1920x1080 t=118
12:29:00 [S1] GPU OK 1920x1080 t=119
12:29:00 [S1] GPU OK 1920x1080 t=0
12:29:00 [S1] GPU OK 1920x1080 t=0
12:29:00 [S1] GPU OK 1920x1080 t=0
12:29:01 [S1] GPU OK 1920x1080 t=0
12:29:01 [S6] GPU FAILED: ...solve/Support/Fusion/Fuses/SMK2_Spike_S6_MotionBlur.fuse:55: attempt to index local 'node' (a nil value)
12:29:01 [S1] GPU OK 1920x1080 t=0
12:29:01 [S1] GPU OK 1920x1080 t=0
12:29:01 [S1] GPU OK 1920x1080 t=0
12:29:01 [S1] GPU OK 1920x1080 t=0
12:29:01 [S1] GPU OK 1920x1080 t=1
12:29:01 [S1] GPU OK 1920x1080 t=2
12:29:01 [S1] GPU OK 1920x1080 t=3
12:29:01 [S1] GPU OK 1920x1080 t=4
12:29:01 [S1] GPU OK 1920x1080 t=5
12:29:01 [S1] GPU OK 1920x1080 t=6
12:29:01 [S1] GPU OK 1920x1080 t=7
12:29:01 [S1] GPU OK 1920x1080 t=8
12:29:01 [S1] GPU OK 1920x1080 t=9
12:29:01 [S1] GPU OK 1920x1080 t=10
12:29:01 [S1] GPU OK 1920x1080 t=11
12:29:01 [S1] GPU OK 1920x1080 t=12
12:29:01 [S1] GPU OK 1920x1080 t=13
12:29:01 [S1] GPU OK 1920x1080 t=14
12:29:01 [S1] GPU OK 1920x1080 t=15
12:29:01 [S1] GPU OK 1920x1080 t=16
12:29:01 [S1] GPU OK 1920x1080 t=17
12:29:01 [S1] GPU OK 1920x1080 t=18
12:29:01 [S1] GPU OK 1920x1080 t=19
12:29:01 [S1] GPU OK 1920x1080 t=20
12:29:01 [S1] GPU OK 1920x1080 t=21
12:29:01 [S1] GPU OK 1920x1080 t=22
12:29:01 [S1] GPU OK 1920x1080 t=23
12:29:01 [S1] GPU OK 1920x1080 t=24
12:29:01 [S1] GPU OK 1920x1080 t=25
12:29:01 [S1] GPU OK 1920x1080 t=26
12:29:01 [S1] GPU OK 1920x1080 t=27
12:29:01 [S1] GPU OK 1920x1080 t=28
12:29:01 [S1] GPU OK 1920x1080 t=29
12:29:01 [S1] GPU OK 1920x1080 t=30
12:29:01 [S1] GPU OK 1920x1080 t=31
12:29:01 [S1] GPU OK 1920x1080 t=32
12:29:01 [S1] GPU OK 1920x1080 t=33
12:29:01 [S1] GPU OK 1920x1080 t=34
12:29:01 [S1] GPU OK 1920x1080 t=35
12:29:01 [S1] GPU OK 1920x1080 t=36
12:29:01 [S1] GPU OK 1920x1080 t=37
12:29:01 [S1] GPU OK 1920x1080 t=38
12:29:01 [S1] GPU OK 1920x1080 t=39
12:29:01 [S1] GPU OK 1920x1080 t=40
12:29:01 [S1] GPU OK 1920x1080 t=41
12:29:01 [S1] GPU OK 1920x1080 t=42
12:29:01 [S1] GPU OK 1920x1080 t=43
12:29:01 [S1] GPU OK 1920x1080 t=44
12:29:01 [S1] GPU OK 1920x1080 t=45
12:29:02 [S1] GPU OK 1920x1080 t=46
12:29:02 [S1] GPU OK 1920x1080 t=47
12:29:02 [S1] GPU OK 1920x1080 t=48
12:29:02 [S1] GPU OK 1920x1080 t=49
12:29:02 [S1] GPU OK 1920x1080 t=50
12:29:02 [S1] GPU OK 1920x1080 t=51
12:29:02 [S1] GPU OK 1920x1080 t=52
12:29:02 [S1] GPU OK 1920x1080 t=53
12:29:02 [S1] GPU OK 1920x1080 t=54
12:29:02 [S1] GPU OK 1920x1080 t=55
12:29:02 [S1] GPU OK 1920x1080 t=56
12:29:02 [S1] GPU OK 1920x1080 t=57
12:29:02 [S1] GPU OK 1920x1080 t=58
12:29:02 [S1] GPU OK 1920x1080 t=59
12:29:02 [S1] GPU OK 1920x1080 t=60
12:29:02 [S1] GPU OK 1920x1080 t=61
12:29:02 [S1] GPU OK 1920x1080 t=62
12:29:02 [S1] GPU OK 1920x1080 t=63
12:29:02 [S1] GPU OK 1920x1080 t=64
12:29:02 [S1] GPU OK 1920x1080 t=65
12:29:02 [S1] GPU OK 1920x1080 t=66
12:29:02 [S1] GPU OK 1920x1080 t=67
12:29:02 [S1] GPU OK 1920x1080 t=68
12:29:02 [S1] GPU OK 1920x1080 t=69
12:29:02 [S1] GPU OK 1920x1080 t=70
12:29:02 [S1] GPU OK 1920x1080 t=71
12:29:02 [S1] GPU OK 1920x1080 t=72
12:29:02 [S1] GPU OK 1920x1080 t=73
12:29:02 [S1] GPU OK 1920x1080 t=74
12:29:02 [S1] GPU OK 1920x1080 t=75
12:29:02 [S1] GPU OK 1920x1080 t=76
12:29:02 [S1] GPU OK 1920x1080 t=77
12:29:02 [S1] GPU OK 1920x1080 t=78
12:29:02 [S1] GPU OK 1920x1080 t=79
12:29:02 [S1] GPU OK 1920x1080 t=80
12:29:02 [S1] GPU OK 1920x1080 t=81
12:29:02 [S1] GPU OK 1920x1080 t=82
12:29:02 [S1] GPU OK 1920x1080 t=83
12:29:02 [S1] GPU OK 1920x1080 t=84
12:29:02 [S1] GPU OK 1920x1080 t=85
12:29:02 [S1] GPU OK 1920x1080 t=86
12:29:02 [S1] GPU OK 1920x1080 t=87
12:29:02 [S1] GPU OK 1920x1080 t=88
12:29:02 [S1] GPU OK 1920x1080 t=89
12:29:02 [S1] GPU OK 1920x1080 t=90
12:29:02 [S1] GPU OK 1920x1080 t=91
12:29:02 [S1] GPU OK 1920x1080 t=92
12:29:02 [S1] GPU OK 1920x1080 t=93
12:29:02 [S1] GPU OK 1920x1080 t=94
12:29:02 [S1] GPU OK 1920x1080 t=95
12:29:02 [S1] GPU OK 1920x1080 t=96
12:29:02 [S1] GPU OK 1920x1080 t=97
12:29:02 [S1] GPU OK 1920x1080 t=98
12:29:02 [S1] GPU OK 1920x1080 t=99
12:29:02 [S1] GPU OK 1920x1080 t=100
12:29:02 [S1] GPU OK 1920x1080 t=101
12:29:02 [S1] GPU OK 1920x1080 t=102
12:29:02 [S1] GPU OK 1920x1080 t=103
12:29:02 [S1] GPU OK 1920x1080 t=104
12:29:02 [S1] GPU OK 1920x1080 t=105
12:29:02 [S1] GPU OK 1920x1080 t=106
12:29:02 [S1] GPU OK 1920x1080 t=107
12:29:02 [S1] GPU OK 1920x1080 t=108
12:29:02 [S1] GPU OK 1920x1080 t=109
12:29:02 [S1] GPU OK 1920x1080 t=110
12:29:02 [S1] GPU OK 1920x1080 t=111
12:29:02 [S1] GPU OK 1920x1080 t=112
12:29:02 [S1] GPU OK 1920x1080 t=113
12:29:02 [S1] GPU OK 1920x1080 t=114
12:29:02 [S1] GPU OK 1920x1080 t=115
12:29:02 [S1] GPU OK 1920x1080 t=116
12:29:02 [S1] GPU OK 1920x1080 t=117
12:29:02 [S1] GPU OK 1920x1080 t=118
12:29:02 [S1] GPU OK 1920x1080 t=119
12:29:02 [S1] GPU OK 1920x1080 t=0
12:29:03 [S1] GPU OK 1920x1080 t=0
12:29:03 [S1] GPU OK 1920x1080 t=0
12:29:03 [S1] GPU OK 1920x1080 t=0
12:29:13 [S1] GPU OK 1920x1080 t=0
12:29:13 [S6] GPU OK t=0 n=8
12:30:59 [S1] GPU OK 1920x1080 t=119
12:30:59 [S1] GPU OK 1920x1080 t=119
12:30:59 [S1] GPU OK 1920x1080 t=119
12:30:59 [S1] GPU OK 1920x1080 t=119
12:30:59 [S1] GPU OK 1920x1080 t=119
12:30:59 [S1] GPU OK 1920x1080 t=119
12:31:00 [S1] GPU OK 1920x1080 t=119
12:31:08 [S1] GPU OK 1920x1080 t=119
12:31:08 [S6] GPU OK t=119 n=8
12:31:11 [S1] GPU OK 1920x1080 t=119
12:31:11 [S6] GPU OK t=119 n=8
12:31:12 [S1] GPU OK 1920x1080 t=119
12:31:12 [S6] GPU OK t=119 n=8
12:31:12 [S1] GPU OK 1920x1080 t=119
12:31:12 [S6] GPU OK t=119 n=8
12:31:12 [S1] GPU OK 1920x1080 t=0
12:31:12 [S6] GPU OK t=0 n=8
12:31:12 [S1] GPU OK 1920x1080 t=1
12:31:12 [S6] GPU OK t=1 n=8
12:31:12 [S1] GPU OK 1920x1080 t=2
12:31:12 [S6] GPU OK t=2 n=8
12:31:12 [S1] GPU OK 1920x1080 t=0
12:31:12 [S6] GPU OK t=0 n=8
12:31:12 [S1] GPU OK 1920x1080 t=0
12:31:12 [S6] GPU OK t=0 n=8
12:31:12 [S1] GPU OK 1920x1080 t=0
12:31:12 [S6] GPU OK t=0 n=8
12:31:19 [S1] GPU OK 1920x1080 t=0
12:31:19 [S1] GPU OK 1920x1080 t=0
12:31:19 [S1] GPU OK 1920x1080 t=0
12:31:19 [S1] GPU OK 1920x1080 t=0
12:31:19 [S1] GPU OK 1920x1080 t=0
12:31:19 [S1] GPU OK 1920x1080 t=1
12:31:19 [S1] GPU OK 1920x1080 t=2
12:31:19 [S1] GPU OK 1920x1080 t=3
12:31:19 [S1] GPU OK 1920x1080 t=4
12:31:19 [S1] GPU OK 1920x1080 t=5
12:31:19 [S1] GPU OK 1920x1080 t=6
12:31:19 [S1] GPU OK 1920x1080 t=7
12:31:19 [S1] GPU OK 1920x1080 t=8
12:31:19 [S1] GPU OK 1920x1080 t=9
12:31:19 [S1] GPU OK 1920x1080 t=10
12:31:19 [S1] GPU OK 1920x1080 t=11
12:31:19 [S1] GPU OK 1920x1080 t=12
12:31:19 [S1] GPU OK 1920x1080 t=13
12:31:19 [S1] GPU OK 1920x1080 t=14
12:31:19 [S1] GPU OK 1920x1080 t=15
12:31:19 [S1] GPU OK 1920x1080 t=16
12:31:19 [S1] GPU OK 1920x1080 t=17
12:31:20 [S1] GPU OK 1920x1080 t=18
12:31:20 [S1] GPU OK 1920x1080 t=19
12:31:20 [S1] GPU OK 1920x1080 t=20
12:31:20 [S1] GPU OK 1920x1080 t=21
12:31:20 [S1] GPU OK 1920x1080 t=22
12:31:20 [S1] GPU OK 1920x1080 t=23
12:31:20 [S1] GPU OK 1920x1080 t=24
12:31:20 [S1] GPU OK 1920x1080 t=25
12:31:20 [S1] GPU OK 1920x1080 t=26
12:31:20 [S1] GPU OK 1920x1080 t=27
12:31:20 [S1] GPU OK 1920x1080 t=28
12:31:20 [S1] GPU OK 1920x1080 t=29
12:31:20 [S1] GPU OK 1920x1080 t=30
12:31:20 [S1] GPU OK 1920x1080 t=31
12:31:20 [S1] GPU OK 1920x1080 t=32
12:31:20 [S1] GPU OK 1920x1080 t=33
12:31:20 [S1] GPU OK 1920x1080 t=34
12:31:20 [S1] GPU OK 1920x1080 t=35
12:31:20 [S1] GPU OK 1920x1080 t=36
12:31:20 [S1] GPU OK 1920x1080 t=37
12:31:20 [S1] GPU OK 1920x1080 t=38
12:31:20 [S1] GPU OK 1920x1080 t=39
12:31:20 [S1] GPU OK 1920x1080 t=40
12:31:20 [S1] GPU OK 1920x1080 t=41
12:31:20 [S1] GPU OK 1920x1080 t=42
12:31:20 [S1] GPU OK 1920x1080 t=43
12:31:20 [S1] GPU OK 1920x1080 t=44
12:31:20 [S1] GPU OK 1920x1080 t=45
12:31:20 [S1] GPU OK 1920x1080 t=46
12:31:20 [S1] GPU OK 1920x1080 t=47
12:31:20 [S1] GPU OK 1920x1080 t=48
12:31:20 [S1] GPU OK 1920x1080 t=49
12:31:20 [S1] GPU OK 1920x1080 t=50
12:31:20 [S1] GPU OK 1920x1080 t=51
12:31:20 [S1] GPU OK 1920x1080 t=52
12:31:20 [S1] GPU OK 1920x1080 t=53
12:31:20 [S1] GPU OK 1920x1080 t=54
12:31:20 [S1] GPU OK 1920x1080 t=55
12:31:20 [S1] GPU OK 1920x1080 t=56
12:31:20 [S1] GPU OK 1920x1080 t=57
12:31:20 [S1] GPU OK 1920x1080 t=58
12:31:20 [S1] GPU OK 1920x1080 t=59
12:31:20 [S1] GPU OK 1920x1080 t=60
12:31:20 [S1] GPU OK 1920x1080 t=61
12:31:20 [S1] GPU OK 1920x1080 t=62
12:31:20 [S1] GPU OK 1920x1080 t=63
12:31:20 [S1] GPU OK 1920x1080 t=64
12:31:20 [S1] GPU OK 1920x1080 t=65
12:31:20 [S1] GPU OK 1920x1080 t=66
12:31:20 [S1] GPU OK 1920x1080 t=67
12:31:20 [S1] GPU OK 1920x1080 t=68
12:31:20 [S1] GPU OK 1920x1080 t=69
12:31:20 [S1] GPU OK 1920x1080 t=70
12:31:20 [S1] GPU OK 1920x1080 t=71
12:31:20 [S1] GPU OK 1920x1080 t=72
12:31:20 [S1] GPU OK 1920x1080 t=73
12:31:20 [S1] GPU OK 1920x1080 t=74
12:31:20 [S1] GPU OK 1920x1080 t=75
12:31:20 [S1] GPU OK 1920x1080 t=76
12:31:20 [S1] GPU OK 1920x1080 t=77
12:31:20 [S1] GPU OK 1920x1080 t=78
12:31:20 [S1] GPU OK 1920x1080 t=79
12:31:20 [S1] GPU OK 1920x1080 t=80
12:31:20 [S1] GPU OK 1920x1080 t=81
12:31:20 [S1] GPU OK 1920x1080 t=82
12:31:20 [S1] GPU OK 1920x1080 t=83
12:31:20 [S1] GPU OK 1920x1080 t=84
12:31:20 [S1] GPU OK 1920x1080 t=85
12:31:20 [S1] GPU OK 1920x1080 t=86
12:31:20 [S1] GPU OK 1920x1080 t=87
12:31:20 [S1] GPU OK 1920x1080 t=88
12:31:20 [S1] GPU OK 1920x1080 t=89
12:31:20 [S1] GPU OK 1920x1080 t=90
12:31:20 [S1] GPU OK 1920x1080 t=91
12:31:20 [S1] GPU OK 1920x1080 t=92
12:31:20 [S1] GPU OK 1920x1080 t=93
12:31:20 [S1] GPU OK 1920x1080 t=94
12:31:20 [S1] GPU OK 1920x1080 t=95
12:31:20 [S1] GPU OK 1920x1080 t=96
12:31:20 [S1] GPU OK 1920x1080 t=97
12:31:20 [S1] GPU OK 1920x1080 t=98
12:31:20 [S1] GPU OK 1920x1080 t=99
12:31:20 [S1] GPU OK 1920x1080 t=100
12:31:20 [S1] GPU OK 1920x1080 t=101
12:31:20 [S1] GPU OK 1920x1080 t=102
12:31:20 [S1] GPU OK 1920x1080 t=103
12:31:20 [S1] GPU OK 1920x1080 t=104
12:31:20 [S1] GPU OK 1920x1080 t=105
12:31:20 [S1] GPU OK 1920x1080 t=106
12:31:20 [S1] GPU OK 1920x1080 t=107
12:31:20 [S1] GPU OK 1920x1080 t=108
12:31:20 [S1] GPU OK 1920x1080 t=109
12:31:20 [S1] GPU OK 1920x1080 t=110
12:31:20 [S1] GPU OK 1920x1080 t=111
12:31:20 [S1] GPU OK 1920x1080 t=112
12:31:20 [S1] GPU OK 1920x1080 t=113
12:31:20 [S1] GPU OK 1920x1080 t=114
12:31:20 [S1] GPU OK 1920x1080 t=115
12:31:20 [S1] GPU OK 1920x1080 t=116
12:31:20 [S1] GPU OK 1920x1080 t=117
12:31:20 [S1] GPU OK 1920x1080 t=118
12:31:20 [S1] GPU OK 1920x1080 t=119
12:31:20 [S1] GPU OK 1920x1080 t=0
12:31:21 [S1] GPU OK 1920x1080 t=0
12:31:21 [S1] GPU OK 1920x1080 t=119
12:31:21 [S6] GPU OK t=119 n=8
12:31:21 [S1] GPU OK 1920x1080 t=119
12:31:21 [S6] GPU OK t=119 n=8
12:31:21 [S1] GPU OK 1920x1080 t=119
12:31:21 [S6] GPU OK t=119 n=8
12:31:21 [S1] GPU OK 1920x1080 t=119
12:31:21 [S6] GPU OK t=119 n=8
12:31:21 [S1] GPU OK 1920x1080 t=0
12:31:21 [S6] GPU OK t=0 n=8
12:31:21 [S1] GPU OK 1920x1080 t=1
12:31:21 [S6] GPU OK t=1 n=8
12:31:21 [S1] GPU OK 1920x1080 t=2
12:31:21 [S6] GPU OK t=2 n=8
12:31:21 [S1] GPU OK 1920x1080 t=3
12:31:21 [S6] GPU OK t=3 n=8
12:31:21 [S1] GPU OK 1920x1080 t=4
12:31:21 [S6] GPU OK t=4 n=8
12:31:21 [S1] GPU OK 1920x1080 t=5
12:31:21 [S6] GPU OK t=5 n=8
12:31:21 [S1] GPU OK 1920x1080 t=6
12:31:21 [S6] GPU OK t=6 n=8
12:31:21 [S1] GPU OK 1920x1080 t=7
12:31:21 [S6] GPU OK t=7 n=8
12:31:21 [S1] GPU OK 1920x1080 t=8
12:31:21 [S6] GPU OK t=8 n=8
12:31:21 [S1] GPU OK 1920x1080 t=9
12:31:21 [S6] GPU OK t=9 n=8
12:31:21 [S1] GPU OK 1920x1080 t=10
12:31:21 [S6] GPU OK t=10 n=8
12:31:21 [S1] GPU OK 1920x1080 t=11
12:31:21 [S6] GPU OK t=11 n=8
12:31:21 [S1] GPU OK 1920x1080 t=12
12:31:21 [S6] GPU OK t=12 n=8
12:31:21 [S1] GPU OK 1920x1080 t=13
12:31:21 [S6] GPU OK t=13 n=8
12:31:21 [S1] GPU OK 1920x1080 t=14
12:31:21 [S6] GPU OK t=14 n=8
12:31:21 [S1] GPU OK 1920x1080 t=15
12:31:21 [S6] GPU OK t=15 n=8
12:31:21 [S1] GPU OK 1920x1080 t=16
12:31:21 [S6] GPU OK t=16 n=8
12:31:21 [S1] GPU OK 1920x1080 t=17
12:31:21 [S6] GPU OK t=17 n=8
12:31:21 [S1] GPU OK 1920x1080 t=18
12:31:21 [S6] GPU OK t=18 n=8
12:31:21 [S1] GPU OK 1920x1080 t=19
12:31:21 [S6] GPU OK t=19 n=8
12:31:21 [S1] GPU OK 1920x1080 t=20
12:31:22 [S6] GPU OK t=20 n=8
12:31:22 [S1] GPU OK 1920x1080 t=21
12:31:22 [S6] GPU OK t=21 n=8
12:31:22 [S1] GPU OK 1920x1080 t=22
12:31:22 [S6] GPU OK t=22 n=8
12:31:22 [S1] GPU OK 1920x1080 t=23
12:31:22 [S6] GPU OK t=23 n=8
12:31:22 [S1] GPU OK 1920x1080 t=24
12:31:22 [S6] GPU OK t=24 n=8
12:31:22 [S1] GPU OK 1920x1080 t=25
12:31:22 [S6] GPU OK t=25 n=8
12:31:22 [S1] GPU OK 1920x1080 t=26
12:31:22 [S6] GPU OK t=26 n=8
12:31:22 [S1] GPU OK 1920x1080 t=27
12:31:22 [S6] GPU OK t=27 n=8
12:31:22 [S1] GPU OK 1920x1080 t=28
12:31:22 [S6] GPU OK t=28 n=8
12:31:22 [S1] GPU OK 1920x1080 t=29
12:31:22 [S6] GPU OK t=29 n=8
12:31:22 [S1] GPU OK 1920x1080 t=30
12:31:22 [S6] GPU OK t=30 n=8
12:31:22 [S1] GPU OK 1920x1080 t=31
12:31:22 [S6] GPU OK t=31 n=8
12:31:22 [S1] GPU OK 1920x1080 t=32
12:31:22 [S6] GPU OK t=32 n=8
12:31:22 [S1] GPU OK 1920x1080 t=33
12:31:22 [S6] GPU OK t=33 n=8
12:31:22 [S1] GPU OK 1920x1080 t=34
12:31:22 [S6] GPU OK t=34 n=8
12:31:22 [S1] GPU OK 1920x1080 t=35
12:31:22 [S6] GPU OK t=35 n=8
12:31:22 [S1] GPU OK 1920x1080 t=36
12:31:22 [S6] GPU OK t=36 n=8
12:31:22 [S1] GPU OK 1920x1080 t=37
12:31:22 [S6] GPU OK t=37 n=8
12:31:22 [S1] GPU OK 1920x1080 t=38
12:31:22 [S6] GPU OK t=38 n=8
12:31:22 [S1] GPU OK 1920x1080 t=39
12:31:22 [S6] GPU OK t=39 n=8
12:31:22 [S1] GPU OK 1920x1080 t=40
12:31:22 [S6] GPU OK t=40 n=8
12:31:22 [S1] GPU OK 1920x1080 t=41
12:31:22 [S6] GPU OK t=41 n=8
12:31:22 [S1] GPU OK 1920x1080 t=42
12:31:22 [S6] GPU OK t=42 n=8
12:31:22 [S1] GPU OK 1920x1080 t=43
12:31:22 [S6] GPU OK t=43 n=8
12:31:22 [S1] GPU OK 1920x1080 t=44
12:31:22 [S6] GPU OK t=44 n=8
12:31:22 [S1] GPU OK 1920x1080 t=45
12:31:22 [S6] GPU OK t=45 n=8
12:31:22 [S1] GPU OK 1920x1080 t=46
12:31:22 [S6] GPU OK t=46 n=8
12:31:22 [S1] GPU OK 1920x1080 t=47
12:31:22 [S6] GPU OK t=47 n=8
12:31:22 [S1] GPU OK 1920x1080 t=48
12:31:22 [S6] GPU OK t=48 n=8
12:31:22 [S1] GPU OK 1920x1080 t=49
12:31:22 [S6] GPU OK t=49 n=8
12:31:22 [S1] GPU OK 1920x1080 t=50
12:31:22 [S6] GPU OK t=50 n=8
12:31:22 [S1] GPU OK 1920x1080 t=51
12:31:22 [S6] GPU OK t=51 n=8
12:31:22 [S1] GPU OK 1920x1080 t=52
12:31:22 [S6] GPU OK t=52 n=8
12:31:22 [S1] GPU OK 1920x1080 t=53
12:31:22 [S6] GPU OK t=53 n=8
12:31:22 [S1] GPU OK 1920x1080 t=54
12:31:22 [S6] GPU OK t=54 n=8
12:31:22 [S1] GPU OK 1920x1080 t=55
12:31:22 [S6] GPU OK t=55 n=8
12:31:22 [S1] GPU OK 1920x1080 t=56
12:31:22 [S6] GPU OK t=56 n=8
12:31:22 [S1] GPU OK 1920x1080 t=57
12:31:22 [S6] GPU OK t=57 n=8
12:31:22 [S1] GPU OK 1920x1080 t=58
12:31:22 [S6] GPU OK t=58 n=8
12:31:22 [S1] GPU OK 1920x1080 t=59
12:31:22 [S6] GPU OK t=59 n=8
12:31:22 [S1] GPU OK 1920x1080 t=60
12:31:22 [S6] GPU OK t=60 n=8
12:31:22 [S1] GPU OK 1920x1080 t=61
12:31:22 [S6] GPU OK t=61 n=8
12:31:22 [S1] GPU OK 1920x1080 t=62
12:31:22 [S6] GPU OK t=62 n=8
12:31:22 [S1] GPU OK 1920x1080 t=63
12:31:22 [S6] GPU OK t=63 n=8
12:31:22 [S1] GPU OK 1920x1080 t=64
12:31:22 [S6] GPU OK t=64 n=8
12:31:22 [S1] GPU OK 1920x1080 t=65
12:31:22 [S6] GPU OK t=65 n=8
12:31:22 [S1] GPU OK 1920x1080 t=66
12:31:22 [S6] GPU OK t=66 n=8
12:31:22 [S1] GPU OK 1920x1080 t=67
12:31:22 [S6] GPU OK t=67 n=8
12:31:22 [S1] GPU OK 1920x1080 t=68
12:31:22 [S6] GPU OK t=68 n=8
12:31:22 [S1] GPU OK 1920x1080 t=69
12:31:22 [S6] GPU OK t=69 n=8
12:31:22 [S1] GPU OK 1920x1080 t=70
12:31:22 [S6] GPU OK t=70 n=8
12:31:22 [S1] GPU OK 1920x1080 t=71
12:31:22 [S6] GPU OK t=71 n=8
12:31:22 [S1] GPU OK 1920x1080 t=72
12:31:22 [S6] GPU OK t=72 n=8
12:31:22 [S1] GPU OK 1920x1080 t=73
12:31:22 [S6] GPU OK t=73 n=8
12:31:22 [S1] GPU OK 1920x1080 t=74
12:31:22 [S6] GPU OK t=74 n=8
12:31:22 [S1] GPU OK 1920x1080 t=75
12:31:22 [S6] GPU OK t=75 n=8
12:31:22 [S1] GPU OK 1920x1080 t=76
12:31:22 [S6] GPU OK t=76 n=8
12:31:22 [S1] GPU OK 1920x1080 t=77
12:31:22 [S6] GPU OK t=77 n=8
12:31:22 [S1] GPU OK 1920x1080 t=78
12:31:22 [S6] GPU OK t=78 n=8
12:31:22 [S1] GPU OK 1920x1080 t=79
12:31:22 [S6] GPU OK t=79 n=8
12:31:22 [S1] GPU OK 1920x1080 t=80
12:31:22 [S6] GPU OK t=80 n=8
12:31:22 [S1] GPU OK 1920x1080 t=81
12:31:22 [S6] GPU OK t=81 n=8
12:31:22 [S1] GPU OK 1920x1080 t=82
12:31:22 [S6] GPU OK t=82 n=8
12:31:22 [S1] GPU OK 1920x1080 t=83
12:31:22 [S6] GPU OK t=83 n=8
12:31:22 [S1] GPU OK 1920x1080 t=84
12:31:22 [S6] GPU OK t=84 n=8
12:31:22 [S1] GPU OK 1920x1080 t=85
12:31:22 [S6] GPU OK t=85 n=8
12:31:22 [S1] GPU OK 1920x1080 t=86
12:31:22 [S6] GPU OK t=86 n=8
12:31:22 [S1] GPU OK 1920x1080 t=87
12:31:22 [S6] GPU OK t=87 n=8
12:31:22 [S1] GPU OK 1920x1080 t=88
12:31:22 [S6] GPU OK t=88 n=8
12:31:22 [S1] GPU OK 1920x1080 t=89
12:31:22 [S6] GPU OK t=89 n=8
12:31:22 [S1] GPU OK 1920x1080 t=90
12:31:22 [S6] GPU OK t=90 n=8
12:31:22 [S1] GPU OK 1920x1080 t=91
12:31:22 [S6] GPU OK t=91 n=8
12:31:22 [S1] GPU OK 1920x1080 t=92
12:31:22 [S6] GPU OK t=92 n=8
12:31:22 [S1] GPU OK 1920x1080 t=93
12:31:22 [S6] GPU OK t=93 n=8
12:31:22 [S1] GPU OK 1920x1080 t=94
12:31:22 [S6] GPU OK t=94 n=8
12:31:22 [S1] GPU OK 1920x1080 t=95
12:31:22 [S6] GPU OK t=95 n=8
12:31:22 [S1] GPU OK 1920x1080 t=96
12:31:22 [S6] GPU OK t=96 n=8
12:31:22 [S1] GPU OK 1920x1080 t=97
12:31:22 [S6] GPU OK t=97 n=8
12:31:22 [S1] GPU OK 1920x1080 t=98
12:31:22 [S6] GPU OK t=98 n=8
12:31:22 [S1] GPU OK 1920x1080 t=99
12:31:22 [S6] GPU OK t=99 n=8
12:31:22 [S1] GPU OK 1920x1080 t=100
12:31:22 [S6] GPU OK t=100 n=8
12:31:22 [S1] GPU OK 1920x1080 t=101
12:31:22 [S6] GPU OK t=101 n=8
12:31:22 [S1] GPU OK 1920x1080 t=102
12:31:22 [S6] GPU OK t=102 n=8
12:31:22 [S1] GPU OK 1920x1080 t=103
12:31:22 [S6] GPU OK t=103 n=8
12:31:22 [S1] GPU OK 1920x1080 t=104
12:31:22 [S6] GPU OK t=104 n=8
12:31:23 [S1] GPU OK 1920x1080 t=105
12:31:23 [S6] GPU OK t=105 n=8
12:31:23 [S1] GPU OK 1920x1080 t=106
12:31:23 [S6] GPU OK t=106 n=8
12:31:23 [S1] GPU OK 1920x1080 t=107
12:31:23 [S6] GPU OK t=107 n=8
12:31:23 [S1] GPU OK 1920x1080 t=108
12:31:23 [S6] GPU OK t=108 n=8
12:31:23 [S1] GPU OK 1920x1080 t=109
12:31:23 [S6] GPU OK t=109 n=8
12:31:23 [S1] GPU OK 1920x1080 t=110
12:31:23 [S6] GPU OK t=110 n=8
12:31:23 [S1] GPU OK 1920x1080 t=111
12:31:23 [S6] GPU OK t=111 n=8
12:31:23 [S1] GPU OK 1920x1080 t=112
12:31:23 [S6] GPU OK t=112 n=8
12:31:23 [S1] GPU OK 1920x1080 t=113
12:31:23 [S6] GPU OK t=113 n=8
12:31:23 [S1] GPU OK 1920x1080 t=114
12:31:23 [S6] GPU OK t=114 n=8
12:31:23 [S1] GPU OK 1920x1080 t=115
12:31:23 [S6] GPU OK t=115 n=8
12:31:23 [S1] GPU OK 1920x1080 t=116
12:31:23 [S6] GPU OK t=116 n=8
12:31:23 [S1] GPU OK 1920x1080 t=117
12:31:23 [S6] GPU OK t=117 n=8
12:31:23 [S1] GPU OK 1920x1080 t=118
12:31:23 [S6] GPU OK t=118 n=8
12:31:23 [S1] GPU OK 1920x1080 t=119
12:31:23 [S6] GPU OK t=119 n=8
12:31:23 [S1] GPU OK 1920x1080 t=0
12:31:23 [S6] GPU OK t=0 n=8
12:31:23 [S1] GPU OK 1920x1080 t=0
12:31:23 [S6] GPU OK t=0 n=8
12:31:23 [S1] GPU OK 1920x1080 t=0
12:31:23 [S6] GPU OK t=0 n=8
12:31:23 [S1] GPU OK 1920x1080 t=0
12:31:23 [S6] GPU OK t=0 n=8
12:31:28 [S1] GPU OK 1920x1080 t=0
12:31:28 [S6] GPU OK t=0 n=1
12:31:28 [S1] GPU OK 1920x1080 t=0
12:31:28 [S6] GPU OK t=0 n=1
12:31:28 [S1] GPU OK 1920x1080 t=0
12:31:28 [S6] GPU OK t=0 n=1
12:31:28 [S1] GPU OK 1920x1080 t=0
12:31:28 [S6] GPU OK t=0 n=1
12:31:28 [S1] GPU OK 1920x1080 t=0
12:31:28 [S6] GPU OK t=0 n=1
12:31:28 [S1] GPU OK 1920x1080 t=1
12:31:28 [S6] GPU OK t=1 n=1
12:31:28 [S1] GPU OK 1920x1080 t=2
12:31:28 [S6] GPU OK t=2 n=1
12:31:28 [S1] GPU OK 1920x1080 t=3
12:31:28 [S6] GPU OK t=3 n=1
12:31:28 [S1] GPU OK 1920x1080 t=4
12:31:28 [S6] GPU OK t=4 n=1
12:31:28 [S1] GPU OK 1920x1080 t=5
12:31:28 [S6] GPU OK t=5 n=1
12:31:28 [S1] GPU OK 1920x1080 t=6
12:31:29 [S6] GPU OK t=6 n=1
12:31:29 [S1] GPU OK 1920x1080 t=7
12:31:29 [S6] GPU OK t=7 n=1
12:31:29 [S1] GPU OK 1920x1080 t=8
12:31:29 [S6] GPU OK t=8 n=1
12:31:29 [S1] GPU OK 1920x1080 t=9
12:31:29 [S6] GPU OK t=9 n=1
12:31:29 [S1] GPU OK 1920x1080 t=10
12:31:29 [S6] GPU OK t=10 n=1
12:31:29 [S1] GPU OK 1920x1080 t=11
12:31:29 [S6] GPU OK t=11 n=1
12:31:29 [S1] GPU OK 1920x1080 t=12
12:31:29 [S6] GPU OK t=12 n=1
12:31:29 [S1] GPU OK 1920x1080 t=13
12:31:29 [S6] GPU OK t=13 n=1
12:31:29 [S1] GPU OK 1920x1080 t=14
12:31:29 [S6] GPU OK t=14 n=1
12:31:29 [S1] GPU OK 1920x1080 t=15
12:31:29 [S6] GPU OK t=15 n=1
12:31:29 [S1] GPU OK 1920x1080 t=16
12:31:29 [S6] GPU OK t=16 n=1
12:31:29 [S1] GPU OK 1920x1080 t=17
12:31:29 [S6] GPU OK t=17 n=1
12:31:29 [S1] GPU OK 1920x1080 t=18
12:31:29 [S6] GPU OK t=18 n=1
12:31:29 [S1] GPU OK 1920x1080 t=19
12:31:29 [S6] GPU OK t=19 n=1
12:31:29 [S1] GPU OK 1920x1080 t=20
12:31:29 [S6] GPU OK t=20 n=1
12:31:29 [S1] GPU OK 1920x1080 t=21
12:31:29 [S6] GPU OK t=21 n=1
12:31:29 [S1] GPU OK 1920x1080 t=22
12:31:29 [S6] GPU OK t=22 n=1
12:31:29 [S1] GPU OK 1920x1080 t=23
12:31:29 [S6] GPU OK t=23 n=1
12:31:29 [S1] GPU OK 1920x1080 t=24
12:31:29 [S6] GPU OK t=24 n=1
12:31:29 [S1] GPU OK 1920x1080 t=25
12:31:29 [S6] GPU OK t=25 n=1
12:31:29 [S1] GPU OK 1920x1080 t=26
12:31:29 [S6] GPU OK t=26 n=1
12:31:29 [S1] GPU OK 1920x1080 t=27
12:31:29 [S6] GPU OK t=27 n=1
12:31:29 [S1] GPU OK 1920x1080 t=28
12:31:29 [S6] GPU OK t=28 n=1
12:31:29 [S1] GPU OK 1920x1080 t=29
12:31:29 [S6] GPU OK t=29 n=1
12:31:29 [S1] GPU OK 1920x1080 t=30
12:31:29 [S6] GPU OK t=30 n=1
12:31:29 [S1] GPU OK 1920x1080 t=31
12:31:29 [S6] GPU OK t=31 n=1
12:31:29 [S1] GPU OK 1920x1080 t=32
12:31:29 [S6] GPU OK t=32 n=1
12:31:29 [S1] GPU OK 1920x1080 t=33
12:31:29 [S6] GPU OK t=33 n=1
12:31:29 [S1] GPU OK 1920x1080 t=34
12:31:29 [S6] GPU OK t=34 n=1
12:31:29 [S1] GPU OK 1920x1080 t=35
12:31:29 [S6] GPU OK t=35 n=1
12:31:29 [S1] GPU OK 1920x1080 t=36
12:31:29 [S6] GPU OK t=36 n=1
12:31:29 [S1] GPU OK 1920x1080 t=37
12:31:29 [S6] GPU OK t=37 n=1
12:31:29 [S1] GPU OK 1920x1080 t=38
12:31:29 [S6] GPU OK t=38 n=1
12:31:29 [S1] GPU OK 1920x1080 t=39
12:31:29 [S6] GPU OK t=39 n=1
12:31:29 [S1] GPU OK 1920x1080 t=40
12:31:29 [S6] GPU OK t=40 n=1
12:31:29 [S1] GPU OK 1920x1080 t=41
12:31:29 [S6] GPU OK t=41 n=1
12:31:29 [S1] GPU OK 1920x1080 t=42
12:31:29 [S6] GPU OK t=42 n=1
12:31:29 [S1] GPU OK 1920x1080 t=43
12:31:29 [S6] GPU OK t=43 n=1
12:31:29 [S1] GPU OK 1920x1080 t=44
12:31:29 [S6] GPU OK t=44 n=1
12:31:29 [S1] GPU OK 1920x1080 t=45
12:31:29 [S6] GPU OK t=45 n=1
12:31:29 [S1] GPU OK 1920x1080 t=46
12:31:29 [S6] GPU OK t=46 n=1
12:31:29 [S1] GPU OK 1920x1080 t=47
12:31:29 [S6] GPU OK t=47 n=1
12:31:29 [S1] GPU OK 1920x1080 t=48
12:31:29 [S6] GPU OK t=48 n=1
12:31:29 [S1] GPU OK 1920x1080 t=49
12:31:29 [S6] GPU OK t=49 n=1
12:31:29 [S1] GPU OK 1920x1080 t=50
12:31:29 [S6] GPU OK t=50 n=1
12:31:29 [S1] GPU OK 1920x1080 t=51
12:31:29 [S6] GPU OK t=51 n=1
12:31:29 [S1] GPU OK 1920x1080 t=52
12:31:29 [S6] GPU OK t=52 n=1
12:31:29 [S1] GPU OK 1920x1080 t=53
12:31:29 [S6] GPU OK t=53 n=1
12:31:29 [S1] GPU OK 1920x1080 t=54
12:31:29 [S6] GPU OK t=54 n=1
12:31:29 [S1] GPU OK 1920x1080 t=55
12:31:29 [S6] GPU OK t=55 n=1
12:31:29 [S1] GPU OK 1920x1080 t=56
12:31:29 [S6] GPU OK t=56 n=1
12:31:29 [S1] GPU OK 1920x1080 t=57
12:31:29 [S6] GPU OK t=57 n=1
12:31:29 [S1] GPU OK 1920x1080 t=58
12:31:29 [S6] GPU OK t=58 n=1
12:31:29 [S1] GPU OK 1920x1080 t=59
12:31:29 [S6] GPU OK t=59 n=1
12:31:29 [S1] GPU OK 1920x1080 t=60
12:31:29 [S6] GPU OK t=60 n=1
12:31:29 [S1] GPU OK 1920x1080 t=61
12:31:29 [S6] GPU OK t=61 n=1
12:31:29 [S1] GPU OK 1920x1080 t=62
12:31:29 [S6] GPU OK t=62 n=1
12:31:29 [S1] GPU OK 1920x1080 t=63
12:31:29 [S6] GPU OK t=63 n=1
12:31:29 [S1] GPU OK 1920x1080 t=64
12:31:29 [S6] GPU OK t=64 n=1
12:31:29 [S1] GPU OK 1920x1080 t=65
12:31:29 [S6] GPU OK t=65 n=1
12:31:29 [S1] GPU OK 1920x1080 t=66
12:31:29 [S6] GPU OK t=66 n=1
12:31:29 [S1] GPU OK 1920x1080 t=67
12:31:29 [S6] GPU OK t=67 n=1
12:31:29 [S1] GPU OK 1920x1080 t=68
12:31:29 [S6] GPU OK t=68 n=1
12:31:29 [S1] GPU OK 1920x1080 t=69
12:31:29 [S6] GPU OK t=69 n=1
12:31:29 [S1] GPU OK 1920x1080 t=70
12:31:29 [S6] GPU OK t=70 n=1
12:31:29 [S1] GPU OK 1920x1080 t=71
12:31:29 [S6] GPU OK t=71 n=1
12:31:29 [S1] GPU OK 1920x1080 t=72
12:31:29 [S6] GPU OK t=72 n=1
12:31:29 [S1] GPU OK 1920x1080 t=73
12:31:29 [S6] GPU OK t=73 n=1
12:31:29 [S1] GPU OK 1920x1080 t=74
12:31:29 [S6] GPU OK t=74 n=1
12:31:29 [S1] GPU OK 1920x1080 t=75
12:31:29 [S6] GPU OK t=75 n=1
12:31:29 [S1] GPU OK 1920x1080 t=76
12:31:29 [S6] GPU OK t=76 n=1
12:31:29 [S1] GPU OK 1920x1080 t=77
12:31:29 [S6] GPU OK t=77 n=1
12:31:29 [S1] GPU OK 1920x1080 t=78
12:31:29 [S6] GPU OK t=78 n=1
12:31:29 [S1] GPU OK 1920x1080 t=79
12:31:29 [S6] GPU OK t=79 n=1
12:31:29 [S1] GPU OK 1920x1080 t=80
12:31:29 [S6] GPU OK t=80 n=1
12:31:29 [S1] GPU OK 1920x1080 t=81
12:31:29 [S6] GPU OK t=81 n=1
12:31:29 [S1] GPU OK 1920x1080 t=82
12:31:29 [S6] GPU OK t=82 n=1
12:31:29 [S1] GPU OK 1920x1080 t=83
12:31:29 [S6] GPU OK t=83 n=1
12:31:29 [S1] GPU OK 1920x1080 t=84
12:31:29 [S6] GPU OK t=84 n=1
12:31:29 [S1] GPU OK 1920x1080 t=85
12:31:29 [S6] GPU OK t=85 n=1
12:31:29 [S1] GPU OK 1920x1080 t=86
12:31:29 [S6] GPU OK t=86 n=1
12:31:29 [S1] GPU OK 1920x1080 t=87
12:31:29 [S6] GPU OK t=87 n=1
12:31:30 [S1] GPU OK 1920x1080 t=88
12:31:30 [S6] GPU OK t=88 n=1
12:31:30 [S1] GPU OK 1920x1080 t=89
12:31:30 [S6] GPU OK t=89 n=1
12:31:30 [S1] GPU OK 1920x1080 t=90
12:31:30 [S6] GPU OK t=90 n=1
12:31:30 [S1] GPU OK 1920x1080 t=91
12:31:30 [S6] GPU OK t=91 n=1
12:31:30 [S1] GPU OK 1920x1080 t=92
12:31:30 [S6] GPU OK t=92 n=1
12:31:30 [S1] GPU OK 1920x1080 t=93
12:31:30 [S6] GPU OK t=93 n=1
12:31:30 [S1] GPU OK 1920x1080 t=94
12:31:30 [S6] GPU OK t=94 n=1
12:31:30 [S1] GPU OK 1920x1080 t=95
12:31:30 [S6] GPU OK t=95 n=1
12:31:30 [S1] GPU OK 1920x1080 t=96
12:31:30 [S6] GPU OK t=96 n=1
12:31:30 [S1] GPU OK 1920x1080 t=97
12:31:30 [S6] GPU OK t=97 n=1
12:31:30 [S1] GPU OK 1920x1080 t=98
12:31:30 [S6] GPU OK t=98 n=1
12:31:30 [S1] GPU OK 1920x1080 t=99
12:31:30 [S6] GPU OK t=99 n=1
12:31:30 [S1] GPU OK 1920x1080 t=100
12:31:30 [S6] GPU OK t=100 n=1
12:31:30 [S1] GPU OK 1920x1080 t=101
12:31:30 [S6] GPU OK t=101 n=1
12:31:30 [S1] GPU OK 1920x1080 t=102
12:31:30 [S6] GPU OK t=102 n=1
12:31:30 [S1] GPU OK 1920x1080 t=103
12:31:30 [S6] GPU OK t=103 n=1
12:31:30 [S1] GPU OK 1920x1080 t=104
12:31:30 [S6] GPU OK t=104 n=1
12:31:30 [S1] GPU OK 1920x1080 t=105
12:31:30 [S6] GPU OK t=105 n=1
12:31:30 [S1] GPU OK 1920x1080 t=106
12:31:30 [S6] GPU OK t=106 n=1
12:31:30 [S1] GPU OK 1920x1080 t=107
12:31:30 [S6] GPU OK t=107 n=1
12:31:30 [S1] GPU OK 1920x1080 t=108
12:31:30 [S6] GPU OK t=108 n=1
12:31:30 [S1] GPU OK 1920x1080 t=109
12:31:30 [S6] GPU OK t=109 n=1
12:31:30 [S1] GPU OK 1920x1080 t=110
12:31:30 [S6] GPU OK t=110 n=1
12:31:30 [S1] GPU OK 1920x1080 t=111
12:31:30 [S6] GPU OK t=111 n=1
12:31:30 [S1] GPU OK 1920x1080 t=112
12:31:30 [S6] GPU OK t=112 n=1
12:31:30 [S1] GPU OK 1920x1080 t=113
12:31:30 [S6] GPU OK t=113 n=1
12:31:30 [S1] GPU OK 1920x1080 t=114
12:31:30 [S6] GPU OK t=114 n=1
12:31:30 [S1] GPU OK 1920x1080 t=115
12:31:30 [S6] GPU OK t=115 n=1
12:31:30 [S1] GPU OK 1920x1080 t=116
12:31:30 [S6] GPU OK t=116 n=1
12:31:30 [S1] GPU OK 1920x1080 t=117
12:31:30 [S6] GPU OK t=117 n=1
12:31:30 [S1] GPU OK 1920x1080 t=118
12:31:30 [S6] GPU OK t=118 n=1
12:31:30 [S1] GPU OK 1920x1080 t=119
12:31:30 [S6] GPU OK t=119 n=1
12:31:30 [S1] GPU OK 1920x1080 t=0
12:31:30 [S6] GPU OK t=0 n=1
12:31:30 [S1] GPU OK 1920x1080 t=0
12:31:30 [S6] GPU OK t=0 n=1
12:31:31 [S1] GPU OK 1920x1080 t=0
12:31:31 [S6] GPU OK t=0 n=16
12:31:31 [S1] GPU OK 1920x1080 t=0
12:31:31 [S6] GPU OK t=0 n=16
12:31:31 [S1] GPU OK 1920x1080 t=0
12:31:31 [S6] GPU OK t=0 n=16
12:31:31 [S1] GPU OK 1920x1080 t=0
12:31:31 [S6] GPU OK t=0 n=16
12:31:31 [S1] GPU OK 1920x1080 t=0
12:31:31 [S6] GPU OK t=0 n=16
12:31:31 [S1] GPU OK 1920x1080 t=0
12:31:31 [S6] GPU OK t=0 n=16
12:31:31 [S1] GPU OK 1920x1080 t=1
12:31:31 [S6] GPU OK t=1 n=16
12:31:31 [S1] GPU OK 1920x1080 t=2
12:31:31 [S6] GPU OK t=2 n=16
12:31:31 [S1] GPU OK 1920x1080 t=3
12:31:31 [S6] GPU OK t=3 n=16
12:31:31 [S1] GPU OK 1920x1080 t=4
12:31:31 [S6] GPU OK t=4 n=16
12:31:31 [S1] GPU OK 1920x1080 t=5
12:31:31 [S6] GPU OK t=5 n=16
12:31:31 [S1] GPU OK 1920x1080 t=6
12:31:31 [S6] GPU OK t=6 n=16
12:31:31 [S1] GPU OK 1920x1080 t=7
12:31:31 [S6] GPU OK t=7 n=16
12:31:31 [S1] GPU OK 1920x1080 t=8
12:31:31 [S6] GPU OK t=8 n=16
12:31:31 [S1] GPU OK 1920x1080 t=9
12:31:31 [S6] GPU OK t=9 n=16
12:31:31 [S1] GPU OK 1920x1080 t=10
12:31:31 [S6] GPU OK t=10 n=16
12:31:31 [S1] GPU OK 1920x1080 t=11
12:31:31 [S6] GPU OK t=11 n=16
12:31:31 [S1] GPU OK 1920x1080 t=12
12:31:31 [S6] GPU OK t=12 n=16
12:31:31 [S1] GPU OK 1920x1080 t=13
12:31:31 [S6] GPU OK t=13 n=16
12:31:31 [S1] GPU OK 1920x1080 t=14
12:31:31 [S6] GPU OK t=14 n=16
12:31:31 [S1] GPU OK 1920x1080 t=15
12:31:31 [S6] GPU OK t=15 n=16
12:31:31 [S1] GPU OK 1920x1080 t=16
12:31:31 [S6] GPU OK t=16 n=16
12:31:31 [S1] GPU OK 1920x1080 t=17
12:31:31 [S6] GPU OK t=17 n=16
12:31:31 [S1] GPU OK 1920x1080 t=18
12:31:31 [S6] GPU OK t=18 n=16
12:31:31 [S1] GPU OK 1920x1080 t=19
12:31:31 [S6] GPU OK t=19 n=16
12:31:31 [S1] GPU OK 1920x1080 t=20
12:31:31 [S6] GPU OK t=20 n=16
12:31:31 [S1] GPU OK 1920x1080 t=21
12:31:31 [S6] GPU OK t=21 n=16
12:31:31 [S1] GPU OK 1920x1080 t=22
12:31:31 [S6] GPU OK t=22 n=16
12:31:31 [S1] GPU OK 1920x1080 t=23
12:31:31 [S6] GPU OK t=23 n=16
12:31:31 [S1] GPU OK 1920x1080 t=24
12:31:31 [S6] GPU OK t=24 n=16
12:31:31 [S1] GPU OK 1920x1080 t=25
12:31:31 [S6] GPU OK t=25 n=16
12:31:31 [S1] GPU OK 1920x1080 t=26
12:31:31 [S6] GPU OK t=26 n=16
12:31:31 [S1] GPU OK 1920x1080 t=27
12:31:31 [S6] GPU OK t=27 n=16
12:31:31 [S1] GPU OK 1920x1080 t=28
12:31:31 [S6] GPU OK t=28 n=16
12:31:31 [S1] GPU OK 1920x1080 t=29
12:31:31 [S6] GPU OK t=29 n=16
12:31:31 [S1] GPU OK 1920x1080 t=30
12:31:31 [S6] GPU OK t=30 n=16
12:31:31 [S1] GPU OK 1920x1080 t=31
12:31:31 [S6] GPU OK t=31 n=16
12:31:31 [S1] GPU OK 1920x1080 t=32
12:31:31 [S6] GPU OK t=32 n=16
12:31:31 [S1] GPU OK 1920x1080 t=33
12:31:31 [S6] GPU OK t=33 n=16
12:31:31 [S1] GPU OK 1920x1080 t=34
12:31:31 [S6] GPU OK t=34 n=16
12:31:31 [S1] GPU OK 1920x1080 t=35
12:31:31 [S6] GPU OK t=35 n=16
12:31:31 [S1] GPU OK 1920x1080 t=36
12:31:31 [S6] GPU OK t=36 n=16
12:31:31 [S1] GPU OK 1920x1080 t=37
12:31:31 [S6] GPU OK t=37 n=16
12:31:31 [S1] GPU OK 1920x1080 t=38
12:31:31 [S6] GPU OK t=38 n=16
12:31:31 [S1] GPU OK 1920x1080 t=39
12:31:31 [S6] GPU OK t=39 n=16
12:31:31 [S1] GPU OK 1920x1080 t=40
12:31:31 [S6] GPU OK t=40 n=16
12:31:31 [S1] GPU OK 1920x1080 t=41
12:31:31 [S6] GPU OK t=41 n=16
12:31:31 [S1] GPU OK 1920x1080 t=42
12:31:31 [S6] GPU OK t=42 n=16
12:31:31 [S1] GPU OK 1920x1080 t=43
12:31:31 [S6] GPU OK t=43 n=16
12:31:31 [S1] GPU OK 1920x1080 t=44
12:31:31 [S6] GPU OK t=44 n=16
12:31:31 [S1] GPU OK 1920x1080 t=45
12:31:31 [S6] GPU OK t=45 n=16
12:31:32 [S1] GPU OK 1920x1080 t=46
12:31:32 [S6] GPU OK t=46 n=16
12:31:32 [S1] GPU OK 1920x1080 t=47
12:31:32 [S6] GPU OK t=47 n=16
12:31:32 [S1] GPU OK 1920x1080 t=48
12:31:32 [S6] GPU OK t=48 n=16
12:31:32 [S1] GPU OK 1920x1080 t=49
12:31:32 [S6] GPU OK t=49 n=16
12:31:32 [S1] GPU OK 1920x1080 t=50
12:31:32 [S6] GPU OK t=50 n=16
12:31:32 [S1] GPU OK 1920x1080 t=51
12:31:32 [S6] GPU OK t=51 n=16
12:31:32 [S1] GPU OK 1920x1080 t=52
12:31:32 [S6] GPU OK t=52 n=16
12:31:32 [S1] GPU OK 1920x1080 t=53
12:31:32 [S6] GPU OK t=53 n=16
12:31:32 [S1] GPU OK 1920x1080 t=54
12:31:32 [S6] GPU OK t=54 n=16
12:31:32 [S1] GPU OK 1920x1080 t=55
12:31:32 [S6] GPU OK t=55 n=16
12:31:32 [S1] GPU OK 1920x1080 t=56
12:31:32 [S6] GPU OK t=56 n=16
12:31:32 [S1] GPU OK 1920x1080 t=57
12:31:32 [S6] GPU OK t=57 n=16
12:31:32 [S1] GPU OK 1920x1080 t=58
12:31:32 [S6] GPU OK t=58 n=16
12:31:32 [S1] GPU OK 1920x1080 t=59
12:31:32 [S6] GPU OK t=59 n=16
12:31:32 [S1] GPU OK 1920x1080 t=60
12:31:32 [S6] GPU OK t=60 n=16
12:31:32 [S1] GPU OK 1920x1080 t=61
12:31:32 [S6] GPU OK t=61 n=16
12:31:32 [S1] GPU OK 1920x1080 t=62
12:31:32 [S6] GPU OK t=62 n=16
12:31:32 [S1] GPU OK 1920x1080 t=63
12:31:32 [S6] GPU OK t=63 n=16
12:31:32 [S1] GPU OK 1920x1080 t=64
12:31:32 [S6] GPU OK t=64 n=16
12:31:32 [S1] GPU OK 1920x1080 t=65
12:31:32 [S6] GPU OK t=65 n=16
12:31:32 [S1] GPU OK 1920x1080 t=66
12:31:32 [S6] GPU OK t=66 n=16
12:31:32 [S1] GPU OK 1920x1080 t=67
12:31:32 [S6] GPU OK t=67 n=16
12:31:32 [S1] GPU OK 1920x1080 t=68
12:31:32 [S6] GPU OK t=68 n=16
12:31:32 [S1] GPU OK 1920x1080 t=69
12:31:32 [S6] GPU OK t=69 n=16
12:31:32 [S1] GPU OK 1920x1080 t=70
12:31:32 [S6] GPU OK t=70 n=16
12:31:32 [S1] GPU OK 1920x1080 t=71
12:31:32 [S6] GPU OK t=71 n=16
12:31:32 [S1] GPU OK 1920x1080 t=72
12:31:32 [S6] GPU OK t=72 n=16
12:31:32 [S1] GPU OK 1920x1080 t=73
12:31:32 [S6] GPU OK t=73 n=16
12:31:32 [S1] GPU OK 1920x1080 t=74
12:31:32 [S6] GPU OK t=74 n=16
12:31:32 [S1] GPU OK 1920x1080 t=75
12:31:32 [S6] GPU OK t=75 n=16
12:31:32 [S1] GPU OK 1920x1080 t=76
12:31:32 [S6] GPU OK t=76 n=16
12:31:32 [S1] GPU OK 1920x1080 t=77
12:31:32 [S6] GPU OK t=77 n=16
12:31:32 [S1] GPU OK 1920x1080 t=78
12:31:32 [S6] GPU OK t=78 n=16
12:31:32 [S1] GPU OK 1920x1080 t=79
12:31:32 [S6] GPU OK t=79 n=16
12:31:32 [S1] GPU OK 1920x1080 t=80
12:31:32 [S6] GPU OK t=80 n=16
12:31:32 [S1] GPU OK 1920x1080 t=81
12:31:32 [S6] GPU OK t=81 n=16
12:31:32 [S1] GPU OK 1920x1080 t=82
12:31:32 [S6] GPU OK t=82 n=16
12:31:32 [S1] GPU OK 1920x1080 t=83
12:31:32 [S6] GPU OK t=83 n=16
12:31:32 [S1] GPU OK 1920x1080 t=84
12:31:32 [S6] GPU OK t=84 n=16
12:31:32 [S1] GPU OK 1920x1080 t=85
12:31:32 [S6] GPU OK t=85 n=16
12:31:32 [S1] GPU OK 1920x1080 t=86
12:31:32 [S6] GPU OK t=86 n=16
12:31:32 [S1] GPU OK 1920x1080 t=87
12:31:32 [S6] GPU OK t=87 n=16
12:31:32 [S1] GPU OK 1920x1080 t=88
12:31:32 [S6] GPU OK t=88 n=16
12:31:32 [S1] GPU OK 1920x1080 t=89
12:31:32 [S6] GPU OK t=89 n=16
12:31:32 [S1] GPU OK 1920x1080 t=90
12:31:32 [S6] GPU OK t=90 n=16
12:31:32 [S1] GPU OK 1920x1080 t=91
12:31:32 [S6] GPU OK t=91 n=16
12:31:32 [S1] GPU OK 1920x1080 t=92
12:31:32 [S6] GPU OK t=92 n=16
12:31:32 [S1] GPU OK 1920x1080 t=93
12:31:32 [S6] GPU OK t=93 n=16
12:31:32 [S1] GPU OK 1920x1080 t=94
12:31:32 [S6] GPU OK t=94 n=16
12:31:32 [S1] GPU OK 1920x1080 t=95
12:31:32 [S6] GPU OK t=95 n=16
12:31:32 [S1] GPU OK 1920x1080 t=96
12:31:32 [S6] GPU OK t=96 n=16
12:31:32 [S1] GPU OK 1920x1080 t=97
12:31:32 [S6] GPU OK t=97 n=16
12:31:32 [S1] GPU OK 1920x1080 t=98
12:31:32 [S6] GPU OK t=98 n=16
12:31:32 [S1] GPU OK 1920x1080 t=99
12:31:32 [S6] GPU OK t=99 n=16
12:31:32 [S1] GPU OK 1920x1080 t=100
12:31:32 [S6] GPU OK t=100 n=16
12:31:32 [S1] GPU OK 1920x1080 t=101
12:31:32 [S6] GPU OK t=101 n=16
12:31:32 [S1] GPU OK 1920x1080 t=102
12:31:32 [S6] GPU OK t=102 n=16
12:31:32 [S1] GPU OK 1920x1080 t=103
12:31:32 [S6] GPU OK t=103 n=16
12:31:32 [S1] GPU OK 1920x1080 t=104
12:31:32 [S6] GPU OK t=104 n=16
12:31:32 [S1] GPU OK 1920x1080 t=105
12:31:32 [S6] GPU OK t=105 n=16
12:31:32 [S1] GPU OK 1920x1080 t=106
12:31:32 [S6] GPU OK t=106 n=16
12:31:32 [S1] GPU OK 1920x1080 t=107
12:31:32 [S6] GPU OK t=107 n=16
12:31:32 [S1] GPU OK 1920x1080 t=108
12:31:32 [S6] GPU OK t=108 n=16
12:31:32 [S1] GPU OK 1920x1080 t=109
12:31:32 [S6] GPU OK t=109 n=16
12:31:32 [S1] GPU OK 1920x1080 t=110
12:31:32 [S6] GPU OK t=110 n=16
12:31:32 [S1] GPU OK 1920x1080 t=111
12:31:32 [S6] GPU OK t=111 n=16
12:31:32 [S1] GPU OK 1920x1080 t=112
12:31:32 [S6] GPU OK t=112 n=16
12:31:32 [S1] GPU OK 1920x1080 t=113
12:31:32 [S6] GPU OK t=113 n=16
12:31:32 [S1] GPU OK 1920x1080 t=114
12:31:32 [S6] GPU OK t=114 n=16
12:31:32 [S1] GPU OK 1920x1080 t=115
12:31:32 [S6] GPU OK t=115 n=16
12:31:32 [S1] GPU OK 1920x1080 t=116
12:31:32 [S6] GPU OK t=116 n=16
12:31:32 [S1] GPU OK 1920x1080 t=117
12:31:32 [S6] GPU OK t=117 n=16
12:31:32 [S1] GPU OK 1920x1080 t=118
12:31:32 [S6] GPU OK t=118 n=16
12:31:32 [S1] GPU OK 1920x1080 t=119
12:31:32 [S6] GPU OK t=119 n=16
12:31:32 [S1] GPU OK 1920x1080 t=0
12:31:32 [S6] GPU OK t=0 n=16
12:31:33 [S1] GPU OK 1920x1080 t=0
12:31:33 [S6] GPU OK t=0 n=16
12:31:33 [S1] GPU OK 1920x1080 t=0
12:31:33 [S6] GPU OK t=0 n=16
12:31:33 [S1] GPU OK 1920x1080 t=0
12:31:33 [S6] GPU OK t=0 n=16
12:31:33 [S1] GPU OK 1920x1080 t=0
12:31:33 [S6] GPU OK t=0 n=32
12:31:33 [S1] GPU OK 1920x1080 t=0
12:31:33 [S6] GPU OK t=0 n=32
12:31:33 [S1] GPU OK 1920x1080 t=0
12:31:33 [S6] GPU OK t=0 n=32
12:31:33 [S1] GPU OK 1920x1080 t=0
12:31:33 [S6] GPU OK t=0 n=32
12:31:33 [S1] GPU OK 1920x1080 t=0
12:31:33 [S6] GPU OK t=0 n=32
12:31:34 [S1] GPU OK 1920x1080 t=0
12:31:34 [S6] GPU OK t=0 n=32
12:31:34 [S1] GPU OK 1920x1080 t=1
12:31:34 [S6] GPU OK t=1 n=32
12:31:34 [S1] GPU OK 1920x1080 t=2
12:31:34 [S6] GPU OK t=2 n=32
12:31:34 [S1] GPU OK 1920x1080 t=3
12:31:34 [S6] GPU OK t=3 n=32
12:31:34 [S1] GPU OK 1920x1080 t=4
12:31:34 [S6] GPU OK t=4 n=32
12:31:34 [S1] GPU OK 1920x1080 t=5
12:31:34 [S6] GPU OK t=5 n=32
12:31:34 [S1] GPU OK 1920x1080 t=6
12:31:34 [S6] GPU OK t=6 n=32
12:31:34 [S1] GPU OK 1920x1080 t=7
12:31:34 [S6] GPU OK t=7 n=32
12:31:34 [S1] GPU OK 1920x1080 t=8
12:31:34 [S6] GPU OK t=8 n=32
12:31:34 [S1] GPU OK 1920x1080 t=9
12:31:34 [S6] GPU OK t=9 n=32
12:31:34 [S1] GPU OK 1920x1080 t=10
12:31:34 [S6] GPU OK t=10 n=32
12:31:34 [S1] GPU OK 1920x1080 t=11
12:31:34 [S6] GPU OK t=11 n=32
12:31:34 [S1] GPU OK 1920x1080 t=12
12:31:34 [S6] GPU OK t=12 n=32
12:31:34 [S1] GPU OK 1920x1080 t=13
12:31:34 [S6] GPU OK t=13 n=32
12:31:34 [S1] GPU OK 1920x1080 t=14
12:31:34 [S6] GPU OK t=14 n=32
12:31:34 [S1] GPU OK 1920x1080 t=15
12:31:34 [S6] GPU OK t=15 n=32
12:31:34 [S1] GPU OK 1920x1080 t=16
12:31:34 [S6] GPU OK t=16 n=32
12:31:34 [S1] GPU OK 1920x1080 t=17
12:31:34 [S6] GPU OK t=17 n=32
12:31:34 [S1] GPU OK 1920x1080 t=18
12:31:34 [S6] GPU OK t=18 n=32
12:31:34 [S1] GPU OK 1920x1080 t=19
12:31:34 [S6] GPU OK t=19 n=32
12:31:34 [S1] GPU OK 1920x1080 t=20
12:31:34 [S6] GPU OK t=20 n=32
12:31:34 [S1] GPU OK 1920x1080 t=21
12:31:34 [S6] GPU OK t=21 n=32
12:31:34 [S1] GPU OK 1920x1080 t=22
12:31:34 [S6] GPU OK t=22 n=32
12:31:34 [S1] GPU OK 1920x1080 t=23
12:31:34 [S6] GPU OK t=23 n=32
12:31:34 [S1] GPU OK 1920x1080 t=24
12:31:34 [S6] GPU OK t=24 n=32
12:31:34 [S1] GPU OK 1920x1080 t=25
12:31:34 [S6] GPU OK t=25 n=32
12:31:34 [S1] GPU OK 1920x1080 t=26
12:31:34 [S6] GPU OK t=26 n=32
12:31:34 [S1] GPU OK 1920x1080 t=27
12:31:34 [S6] GPU OK t=27 n=32
12:31:34 [S1] GPU OK 1920x1080 t=28
12:31:34 [S6] GPU OK t=28 n=32
12:31:34 [S1] GPU OK 1920x1080 t=29
12:31:34 [S6] GPU OK t=29 n=32
12:31:34 [S1] GPU OK 1920x1080 t=30
12:31:34 [S6] GPU OK t=30 n=32
12:31:34 [S1] GPU OK 1920x1080 t=31
12:31:34 [S6] GPU OK t=31 n=32
12:31:34 [S1] GPU OK 1920x1080 t=32
12:31:34 [S6] GPU OK t=32 n=32
12:31:34 [S1] GPU OK 1920x1080 t=33
12:31:34 [S6] GPU OK t=33 n=32
12:31:34 [S1] GPU OK 1920x1080 t=34
12:31:34 [S6] GPU OK t=34 n=32
12:31:34 [S1] GPU OK 1920x1080 t=35
12:31:34 [S6] GPU OK t=35 n=32
12:31:34 [S1] GPU OK 1920x1080 t=36
12:31:34 [S6] GPU OK t=36 n=32
12:31:34 [S1] GPU OK 1920x1080 t=37
12:31:34 [S6] GPU OK t=37 n=32
12:31:34 [S1] GPU OK 1920x1080 t=38
12:31:34 [S6] GPU OK t=38 n=32
12:31:34 [S1] GPU OK 1920x1080 t=39
12:31:34 [S6] GPU OK t=39 n=32
12:31:34 [S1] GPU OK 1920x1080 t=40
12:31:34 [S6] GPU OK t=40 n=32
12:31:34 [S1] GPU OK 1920x1080 t=41
12:31:34 [S6] GPU OK t=41 n=32
12:31:34 [S1] GPU OK 1920x1080 t=42
12:31:34 [S6] GPU OK t=42 n=32
12:31:34 [S1] GPU OK 1920x1080 t=43
12:31:34 [S6] GPU OK t=43 n=32
12:31:34 [S1] GPU OK 1920x1080 t=44
12:31:34 [S6] GPU OK t=44 n=32
12:31:34 [S1] GPU OK 1920x1080 t=45
12:31:34 [S6] GPU OK t=45 n=32
12:31:34 [S1] GPU OK 1920x1080 t=46
12:31:34 [S6] GPU OK t=46 n=32
12:31:34 [S1] GPU OK 1920x1080 t=47
12:31:34 [S6] GPU OK t=47 n=32
12:31:34 [S1] GPU OK 1920x1080 t=48
12:31:34 [S6] GPU OK t=48 n=32
12:31:34 [S1] GPU OK 1920x1080 t=49
12:31:34 [S6] GPU OK t=49 n=32
12:31:34 [S1] GPU OK 1920x1080 t=50
12:31:34 [S6] GPU OK t=50 n=32
12:31:34 [S1] GPU OK 1920x1080 t=51
12:31:34 [S6] GPU OK t=51 n=32
12:31:34 [S1] GPU OK 1920x1080 t=52
12:31:34 [S6] GPU OK t=52 n=32
12:31:34 [S1] GPU OK 1920x1080 t=53
12:31:34 [S6] GPU OK t=53 n=32
12:31:34 [S1] GPU OK 1920x1080 t=54
12:31:34 [S6] GPU OK t=54 n=32
12:31:34 [S1] GPU OK 1920x1080 t=55
12:31:34 [S6] GPU OK t=55 n=32
12:31:34 [S1] GPU OK 1920x1080 t=56
12:31:34 [S6] GPU OK t=56 n=32
12:31:34 [S1] GPU OK 1920x1080 t=57
12:31:34 [S6] GPU OK t=57 n=32
12:31:34 [S1] GPU OK 1920x1080 t=58
12:31:34 [S6] GPU OK t=58 n=32
12:31:34 [S1] GPU OK 1920x1080 t=59
12:31:34 [S6] GPU OK t=59 n=32
12:31:34 [S1] GPU OK 1920x1080 t=60
12:31:34 [S6] GPU OK t=60 n=32
12:31:34 [S1] GPU OK 1920x1080 t=61
12:31:34 [S6] GPU OK t=61 n=32
12:31:34 [S1] GPU OK 1920x1080 t=62
12:31:34 [S6] GPU OK t=62 n=32
12:31:34 [S1] GPU OK 1920x1080 t=63
12:31:34 [S6] GPU OK t=63 n=32
12:31:34 [S1] GPU OK 1920x1080 t=64
12:31:34 [S6] GPU OK t=64 n=32
12:31:34 [S1] GPU OK 1920x1080 t=65
12:31:34 [S6] GPU OK t=65 n=32
12:31:34 [S1] GPU OK 1920x1080 t=66
12:31:34 [S6] GPU OK t=66 n=32
12:31:34 [S1] GPU OK 1920x1080 t=67
12:31:34 [S6] GPU OK t=67 n=32
12:31:34 [S1] GPU OK 1920x1080 t=68
12:31:34 [S6] GPU OK t=68 n=32
12:31:34 [S1] GPU OK 1920x1080 t=69
12:31:34 [S6] GPU OK t=69 n=32
12:31:34 [S1] GPU OK 1920x1080 t=70
12:31:34 [S6] GPU OK t=70 n=32
12:31:34 [S1] GPU OK 1920x1080 t=71
12:31:34 [S6] GPU OK t=71 n=32
12:31:34 [S1] GPU OK 1920x1080 t=72
12:31:34 [S6] GPU OK t=72 n=32
12:31:34 [S1] GPU OK 1920x1080 t=73
12:31:34 [S6] GPU OK t=73 n=32
12:31:34 [S1] GPU OK 1920x1080 t=74
12:31:34 [S6] GPU OK t=74 n=32
12:31:34 [S1] GPU OK 1920x1080 t=75
12:31:35 [S6] GPU OK t=75 n=32
12:31:35 [S1] GPU OK 1920x1080 t=76
12:31:35 [S6] GPU OK t=76 n=32
12:31:35 [S1] GPU OK 1920x1080 t=77
12:31:35 [S6] GPU OK t=77 n=32
12:31:35 [S1] GPU OK 1920x1080 t=78
12:31:35 [S6] GPU OK t=78 n=32
12:31:35 [S1] GPU OK 1920x1080 t=79
12:31:35 [S6] GPU OK t=79 n=32
12:31:35 [S1] GPU OK 1920x1080 t=80
12:31:35 [S6] GPU OK t=80 n=32
12:31:35 [S1] GPU OK 1920x1080 t=81
12:31:35 [S6] GPU OK t=81 n=32
12:31:35 [S1] GPU OK 1920x1080 t=82
12:31:35 [S6] GPU OK t=82 n=32
12:31:35 [S1] GPU OK 1920x1080 t=83
12:31:35 [S6] GPU OK t=83 n=32
12:31:35 [S1] GPU OK 1920x1080 t=84
12:31:35 [S6] GPU OK t=84 n=32
12:31:35 [S1] GPU OK 1920x1080 t=85
12:31:35 [S6] GPU OK t=85 n=32
12:31:35 [S1] GPU OK 1920x1080 t=86
12:31:35 [S6] GPU OK t=86 n=32
12:31:35 [S1] GPU OK 1920x1080 t=87
12:31:35 [S6] GPU OK t=87 n=32
12:31:35 [S1] GPU OK 1920x1080 t=88
12:31:35 [S6] GPU OK t=88 n=32
12:31:35 [S1] GPU OK 1920x1080 t=89
12:31:35 [S6] GPU OK t=89 n=32
12:31:35 [S1] GPU OK 1920x1080 t=90
12:31:35 [S6] GPU OK t=90 n=32
12:31:35 [S1] GPU OK 1920x1080 t=91
12:31:35 [S6] GPU OK t=91 n=32
12:31:35 [S1] GPU OK 1920x1080 t=92
12:31:35 [S6] GPU OK t=92 n=32
12:31:35 [S1] GPU OK 1920x1080 t=93
12:31:35 [S6] GPU OK t=93 n=32
12:31:35 [S1] GPU OK 1920x1080 t=94
12:31:35 [S6] GPU OK t=94 n=32
12:31:35 [S1] GPU OK 1920x1080 t=95
12:31:35 [S6] GPU OK t=95 n=32
12:31:35 [S1] GPU OK 1920x1080 t=96
12:31:35 [S6] GPU OK t=96 n=32
12:31:35 [S1] GPU OK 1920x1080 t=97
12:31:35 [S6] GPU OK t=97 n=32
12:31:35 [S1] GPU OK 1920x1080 t=98
12:31:35 [S6] GPU OK t=98 n=32
12:31:35 [S1] GPU OK 1920x1080 t=99
12:31:35 [S6] GPU OK t=99 n=32
12:31:35 [S1] GPU OK 1920x1080 t=100
12:31:35 [S6] GPU OK t=100 n=32
12:31:35 [S1] GPU OK 1920x1080 t=101
12:31:35 [S6] GPU OK t=101 n=32
12:31:35 [S1] GPU OK 1920x1080 t=102
12:31:35 [S6] GPU OK t=102 n=32
12:31:35 [S1] GPU OK 1920x1080 t=103
12:31:35 [S6] GPU OK t=103 n=32
12:31:35 [S1] GPU OK 1920x1080 t=104
12:31:35 [S6] GPU OK t=104 n=32
12:31:35 [S1] GPU OK 1920x1080 t=105
12:31:35 [S6] GPU OK t=105 n=32
12:31:35 [S1] GPU OK 1920x1080 t=106
12:31:35 [S6] GPU OK t=106 n=32
12:31:35 [S1] GPU OK 1920x1080 t=107
12:31:35 [S6] GPU OK t=107 n=32
12:31:35 [S1] GPU OK 1920x1080 t=108
12:31:35 [S6] GPU OK t=108 n=32
12:31:35 [S1] GPU OK 1920x1080 t=109
12:31:35 [S6] GPU OK t=109 n=32
12:31:35 [S1] GPU OK 1920x1080 t=110
12:31:35 [S6] GPU OK t=110 n=32
12:31:35 [S1] GPU OK 1920x1080 t=111
12:31:35 [S6] GPU OK t=111 n=32
12:31:35 [S1] GPU OK 1920x1080 t=112
12:31:35 [S6] GPU OK t=112 n=32
12:31:35 [S1] GPU OK 1920x1080 t=113
12:31:35 [S6] GPU OK t=113 n=32
12:31:35 [S1] GPU OK 1920x1080 t=114
12:31:35 [S6] GPU OK t=114 n=32
12:31:35 [S1] GPU OK 1920x1080 t=115
12:31:35 [S6] GPU OK t=115 n=32
12:31:35 [S1] GPU OK 1920x1080 t=116
12:31:35 [S6] GPU OK t=116 n=32
12:31:35 [S1] GPU OK 1920x1080 t=117
12:31:35 [S6] GPU OK t=117 n=32
12:31:35 [S1] GPU OK 1920x1080 t=118
12:31:35 [S6] GPU OK t=118 n=32
12:31:35 [S1] GPU OK 1920x1080 t=119
12:31:35 [S6] GPU OK t=119 n=32
12:31:35 [S1] GPU OK 1920x1080 t=0
12:31:35 [S6] GPU OK t=0 n=32
12:31:36 [S1] GPU OK 1920x1080 t=0
12:31:36 [S6] GPU OK t=0 n=32
12:31:36 [S1] GPU OK 1920x1080 t=0
12:31:36 [S6] GPU OK t=0 n=32
12:31:36 [S1] GPU OK 1920x1080 t=0
12:31:36 [S6] GPU OK t=0 n=32
12:31:41 [S1] GPU OK 1920x1080 t=0
12:31:42 [S1] GPU OK 1920x1080 t=0
12:31:42 [S1] GPU OK 1920x1080 t=0
12:31:42 [S1] GPU OK 1920x1080 t=0
12:31:42 [S1] GPU OK 1920x1080 t=0
12:31:42 [S1] GPU OK 1920x1080 t=1
12:31:42 [S1] GPU OK 1920x1080 t=2
12:31:42 [S1] GPU OK 1920x1080 t=3
12:31:42 [S1] GPU OK 1920x1080 t=4
12:31:42 [S1] GPU OK 1920x1080 t=5
12:31:42 [S1] GPU OK 1920x1080 t=6
12:31:42 [S1] GPU OK 1920x1080 t=7
12:31:42 [S1] GPU OK 1920x1080 t=8
12:31:42 [S1] GPU OK 1920x1080 t=9
12:31:42 [S1] GPU OK 1920x1080 t=10
12:31:42 [S1] GPU OK 1920x1080 t=11
12:31:42 [S1] GPU OK 1920x1080 t=12
12:31:42 [S1] GPU OK 1920x1080 t=13
12:31:42 [S1] GPU OK 1920x1080 t=14
12:31:42 [S1] GPU OK 1920x1080 t=15
12:31:42 [S1] GPU OK 1920x1080 t=16
12:31:42 [S1] GPU OK 1920x1080 t=17
12:31:42 [S1] GPU OK 1920x1080 t=18
12:31:42 [S1] GPU OK 1920x1080 t=19
12:31:42 [S1] GPU OK 1920x1080 t=20
12:31:42 [S1] GPU OK 1920x1080 t=21
12:31:42 [S1] GPU OK 1920x1080 t=22
12:31:42 [S1] GPU OK 1920x1080 t=23
12:31:42 [S1] GPU OK 1920x1080 t=24
12:31:42 [S1] GPU OK 1920x1080 t=25
12:31:42 [S1] GPU OK 1920x1080 t=26
12:31:42 [S1] GPU OK 1920x1080 t=27
12:31:42 [S1] GPU OK 1920x1080 t=28
12:31:42 [S1] GPU OK 1920x1080 t=29
12:31:42 [S1] GPU OK 1920x1080 t=30
12:31:42 [S1] GPU OK 1920x1080 t=31
12:31:42 [S1] GPU OK 1920x1080 t=32
12:31:42 [S1] GPU OK 1920x1080 t=33
12:31:42 [S1] GPU OK 1920x1080 t=34
12:31:42 [S1] GPU OK 1920x1080 t=35
12:31:42 [S1] GPU OK 1920x1080 t=36
12:31:42 [S1] GPU OK 1920x1080 t=37
12:31:42 [S1] GPU OK 1920x1080 t=38
12:31:42 [S1] GPU OK 1920x1080 t=39
12:31:42 [S1] GPU OK 1920x1080 t=40
12:31:42 [S1] GPU OK 1920x1080 t=41
12:31:42 [S1] GPU OK 1920x1080 t=42
12:31:42 [S1] GPU OK 1920x1080 t=43
12:31:42 [S1] GPU OK 1920x1080 t=44
12:31:42 [S1] GPU OK 1920x1080 t=45
12:31:42 [S1] GPU OK 1920x1080 t=46
12:31:42 [S1] GPU OK 1920x1080 t=47
12:31:42 [S1] GPU OK 1920x1080 t=48
12:31:42 [S1] GPU OK 1920x1080 t=49
12:31:42 [S1] GPU OK 1920x1080 t=50
12:31:42 [S1] GPU OK 1920x1080 t=51
12:31:42 [S1] GPU OK 1920x1080 t=52
12:31:42 [S1] GPU OK 1920x1080 t=53
12:31:42 [S1] GPU OK 1920x1080 t=54
12:31:42 [S1] GPU OK 1920x1080 t=55
12:31:42 [S1] GPU OK 1920x1080 t=56
12:31:42 [S1] GPU OK 1920x1080 t=57
12:31:42 [S1] GPU OK 1920x1080 t=58
12:31:42 [S1] GPU OK 1920x1080 t=59
12:31:42 [S1] GPU OK 1920x1080 t=60
12:31:42 [S1] GPU OK 1920x1080 t=61
12:31:42 [S1] GPU OK 1920x1080 t=62
12:31:42 [S1] GPU OK 1920x1080 t=63
12:31:42 [S1] GPU OK 1920x1080 t=64
12:31:42 [S1] GPU OK 1920x1080 t=65
12:31:42 [S1] GPU OK 1920x1080 t=66
12:31:42 [S1] GPU OK 1920x1080 t=67
12:31:42 [S1] GPU OK 1920x1080 t=68
12:31:42 [S1] GPU OK 1920x1080 t=69
12:31:42 [S1] GPU OK 1920x1080 t=70
12:31:42 [S1] GPU OK 1920x1080 t=71
12:31:42 [S1] GPU OK 1920x1080 t=72
12:31:42 [S1] GPU OK 1920x1080 t=73
12:31:42 [S1] GPU OK 1920x1080 t=74
12:31:43 [S1] GPU OK 1920x1080 t=75
12:31:43 [S1] GPU OK 1920x1080 t=76
12:31:43 [S1] GPU OK 1920x1080 t=77
12:31:43 [S1] GPU OK 1920x1080 t=78
12:31:43 [S1] GPU OK 1920x1080 t=79
12:31:43 [S1] GPU OK 1920x1080 t=80
12:31:43 [S1] GPU OK 1920x1080 t=81
12:31:43 [S1] GPU OK 1920x1080 t=82
12:31:43 [S1] GPU OK 1920x1080 t=83
12:31:43 [S1] GPU OK 1920x1080 t=84
12:31:43 [S1] GPU OK 1920x1080 t=85
12:31:43 [S1] GPU OK 1920x1080 t=86
12:31:43 [S1] GPU OK 1920x1080 t=87
12:31:43 [S1] GPU OK 1920x1080 t=88
12:31:43 [S1] GPU OK 1920x1080 t=89
12:31:43 [S1] GPU OK 1920x1080 t=90
12:31:43 [S1] GPU OK 1920x1080 t=91
12:31:43 [S1] GPU OK 1920x1080 t=92
12:31:43 [S1] GPU OK 1920x1080 t=93
12:31:43 [S1] GPU OK 1920x1080 t=94
12:31:43 [S1] GPU OK 1920x1080 t=95
12:31:43 [S1] GPU OK 1920x1080 t=96
12:31:43 [S1] GPU OK 1920x1080 t=97
12:31:43 [S1] GPU OK 1920x1080 t=98
12:31:43 [S1] GPU OK 1920x1080 t=99
12:31:43 [S1] GPU OK 1920x1080 t=100
12:31:43 [S1] GPU OK 1920x1080 t=101
12:31:43 [S1] GPU OK 1920x1080 t=102
12:31:43 [S1] GPU OK 1920x1080 t=103
12:31:43 [S1] GPU OK 1920x1080 t=104
12:31:43 [S1] GPU OK 1920x1080 t=105
12:31:43 [S1] GPU OK 1920x1080 t=106
12:31:43 [S1] GPU OK 1920x1080 t=107
12:31:43 [S1] GPU OK 1920x1080 t=108
12:31:43 [S1] GPU OK 1920x1080 t=109
12:31:43 [S1] GPU OK 1920x1080 t=110
12:31:43 [S1] GPU OK 1920x1080 t=111
12:31:43 [S1] GPU OK 1920x1080 t=112
12:31:43 [S1] GPU OK 1920x1080 t=113
12:31:43 [S1] GPU OK 1920x1080 t=114
12:31:43 [S1] GPU OK 1920x1080 t=115
12:31:43 [S1] GPU OK 1920x1080 t=116
12:31:43 [S1] GPU OK 1920x1080 t=117
12:31:43 [S1] GPU OK 1920x1080 t=118
12:31:43 [S1] GPU OK 1920x1080 t=119
12:31:43 [S1] GPU OK 1920x1080 t=0
12:31:43 [S1] GPU OK 1920x1080 t=0
12:31:44 [S1] GPU OK 1920x1080 t=0
12:31:44 [S1] GPU OK 1920x1080 t=0
12:31:49 [S1] GPU OK 1920x1080 t=0
12:31:49 [S1] GPU OK 1920x1080 t=0
12:31:49 [S1] GPU OK 1920x1080 t=0
12:31:54 [S1] GPU OK 1920x1080 t=0
12:31:55 [S1] GPU OK 1920x1080 t=0
12:31:55 [S1] GPU OK 1920x1080 t=0
12:31:55 [S1] GPU OK 1920x1080 t=0
12:31:55 [S1] GPU OK 1920x1080 t=0
12:31:55 [S1] GPU OK 1920x1080 t=1
12:31:55 [S1] GPU OK 1920x1080 t=2
12:31:55 [S1] GPU OK 1920x1080 t=3
12:31:55 [S1] GPU OK 1920x1080 t=4
12:31:55 [S1] GPU OK 1920x1080 t=5
12:31:55 [S1] GPU OK 1920x1080 t=6
12:31:55 [S1] GPU OK 1920x1080 t=7
12:31:55 [S1] GPU OK 1920x1080 t=8
12:31:55 [S1] GPU OK 1920x1080 t=9
12:31:55 [S1] GPU OK 1920x1080 t=10
12:31:55 [S1] GPU OK 1920x1080 t=11
12:31:55 [S1] GPU OK 1920x1080 t=12
12:31:55 [S1] GPU OK 1920x1080 t=13
12:31:55 [S1] GPU OK 1920x1080 t=14
12:31:55 [S1] GPU OK 1920x1080 t=15
12:31:55 [S1] GPU OK 1920x1080 t=16
12:31:55 [S1] GPU OK 1920x1080 t=17
12:31:55 [S1] GPU OK 1920x1080 t=18
12:31:55 [S1] GPU OK 1920x1080 t=19
12:31:55 [S1] GPU OK 1920x1080 t=20
12:31:55 [S1] GPU OK 1920x1080 t=21
12:31:55 [S1] GPU OK 1920x1080 t=22
12:31:55 [S1] GPU OK 1920x1080 t=23
12:31:55 [S1] GPU OK 1920x1080 t=24
12:31:55 [S1] GPU OK 1920x1080 t=25
12:31:55 [S1] GPU OK 1920x1080 t=26
12:31:55 [S1] GPU OK 1920x1080 t=27
12:31:55 [S1] GPU OK 1920x1080 t=28
12:31:55 [S1] GPU OK 1920x1080 t=29
12:31:55 [S1] GPU OK 1920x1080 t=30
12:31:55 [S1] GPU OK 1920x1080 t=31
12:31:55 [S1] GPU OK 1920x1080 t=32
12:31:55 [S1] GPU OK 1920x1080 t=33
12:31:55 [S1] GPU OK 1920x1080 t=34
12:31:55 [S1] GPU OK 1920x1080 t=35
12:31:55 [S1] GPU OK 1920x1080 t=36
12:31:56 [S1] GPU OK 1920x1080 t=37
12:31:56 [S1] GPU OK 1920x1080 t=38
12:31:56 [S1] GPU OK 1920x1080 t=39
12:31:56 [S1] GPU OK 1920x1080 t=40
12:31:56 [S1] GPU OK 1920x1080 t=41
12:31:56 [S1] GPU OK 1920x1080 t=42
12:31:56 [S1] GPU OK 1920x1080 t=43
12:31:56 [S1] GPU OK 1920x1080 t=44
12:31:56 [S1] GPU OK 1920x1080 t=45
12:31:56 [S1] GPU OK 1920x1080 t=46
12:31:56 [S1] GPU OK 1920x1080 t=47
12:31:56 [S1] GPU OK 1920x1080 t=48
12:31:56 [S1] GPU OK 1920x1080 t=49
12:31:56 [S1] GPU OK 1920x1080 t=50
12:31:56 [S1] GPU OK 1920x1080 t=51
12:31:56 [S1] GPU OK 1920x1080 t=52
12:31:56 [S1] GPU OK 1920x1080 t=53
12:31:56 [S1] GPU OK 1920x1080 t=54
12:31:56 [S1] GPU OK 1920x1080 t=55
12:31:56 [S1] GPU OK 1920x1080 t=56
12:31:56 [S1] GPU OK 1920x1080 t=57
12:31:56 [S1] GPU OK 1920x1080 t=58
12:31:56 [S1] GPU OK 1920x1080 t=59
12:31:56 [S1] GPU OK 1920x1080 t=60
12:31:56 [S1] GPU OK 1920x1080 t=61
12:31:56 [S1] GPU OK 1920x1080 t=62
12:31:56 [S1] GPU OK 1920x1080 t=63
12:31:56 [S1] GPU OK 1920x1080 t=64
12:31:56 [S1] GPU OK 1920x1080 t=65
12:31:56 [S1] GPU OK 1920x1080 t=66
12:31:56 [S1] GPU OK 1920x1080 t=67
12:31:56 [S1] GPU OK 1920x1080 t=68
12:31:56 [S1] GPU OK 1920x1080 t=69
12:31:56 [S1] GPU OK 1920x1080 t=70
12:31:56 [S1] GPU OK 1920x1080 t=71
12:31:56 [S1] GPU OK 1920x1080 t=72
12:31:56 [S1] GPU OK 1920x1080 t=73
12:31:56 [S1] GPU OK 1920x1080 t=74
12:31:56 [S1] GPU OK 1920x1080 t=75
12:31:56 [S1] GPU OK 1920x1080 t=76
12:31:56 [S1] GPU OK 1920x1080 t=77
12:31:56 [S1] GPU OK 1920x1080 t=78
12:31:56 [S1] GPU OK 1920x1080 t=79
12:31:56 [S1] GPU OK 1920x1080 t=80
12:31:56 [S1] GPU OK 1920x1080 t=81
12:31:56 [S1] GPU OK 1920x1080 t=82
12:31:56 [S1] GPU OK 1920x1080 t=83
12:31:56 [S1] GPU OK 1920x1080 t=84
12:31:56 [S1] GPU OK 1920x1080 t=85
12:31:56 [S1] GPU OK 1920x1080 t=86
12:31:56 [S1] GPU OK 1920x1080 t=87
12:31:56 [S1] GPU OK 1920x1080 t=88
12:31:56 [S1] GPU OK 1920x1080 t=89
12:31:56 [S1] GPU OK 1920x1080 t=90
12:31:56 [S1] GPU OK 1920x1080 t=91
12:31:56 [S1] GPU OK 1920x1080 t=92
12:31:56 [S1] GPU OK 1920x1080 t=93
12:31:56 [S1] GPU OK 1920x1080 t=94
12:31:56 [S1] GPU OK 1920x1080 t=95
12:31:56 [S1] GPU OK 1920x1080 t=96
12:31:56 [S1] GPU OK 1920x1080 t=97
12:31:56 [S1] GPU OK 1920x1080 t=98
12:31:56 [S1] GPU OK 1920x1080 t=99
12:31:56 [S1] GPU OK 1920x1080 t=100
12:31:56 [S1] GPU OK 1920x1080 t=101
12:31:56 [S1] GPU OK 1920x1080 t=102
12:31:56 [S1] GPU OK 1920x1080 t=103
12:31:56 [S1] GPU OK 1920x1080 t=104
12:31:56 [S1] GPU OK 1920x1080 t=105
12:31:56 [S1] GPU OK 1920x1080 t=106
12:31:56 [S1] GPU OK 1920x1080 t=107
12:31:56 [S1] GPU OK 1920x1080 t=108
12:31:56 [S1] GPU OK 1920x1080 t=109
12:31:56 [S1] GPU OK 1920x1080 t=110
12:31:56 [S1] GPU OK 1920x1080 t=111
12:31:56 [S1] GPU OK 1920x1080 t=112
12:31:56 [S1] GPU OK 1920x1080 t=113
12:31:56 [S1] GPU OK 1920x1080 t=114
12:31:56 [S1] GPU OK 1920x1080 t=115
12:31:56 [S1] GPU OK 1920x1080 t=116
12:31:56 [S1] GPU OK 1920x1080 t=117
12:31:56 [S1] GPU OK 1920x1080 t=118
12:31:56 [S1] GPU OK 1920x1080 t=119
12:31:56 [S1] GPU OK 1920x1080 t=0
12:31:57 [S1] GPU OK 1920x1080 t=0
12:31:57 [S1] GPU OK 1920x1080 t=0
12:31:57 [S1] GPU OK 1920x1080 t=0
12:32:05 [S1] GPU OK 3840x2160 t=0
12:32:06 [S1] GPU OK 3840x2160 t=0
12:32:06 [S1] GPU OK 3840x2160 t=0
12:32:06 [S1] GPU OK 3840x2160 t=0
12:32:06 [S1] GPU OK 3840x2160 t=0
12:32:06 [S1] GPU OK 3840x2160 t=0
12:32:06 [S1] GPU OK 3840x2160 t=1
12:32:06 [S1] GPU OK 3840x2160 t=2
12:32:06 [S1] GPU OK 3840x2160 t=3
12:32:06 [S1] GPU OK 3840x2160 t=4
12:32:06 [S1] GPU OK 3840x2160 t=5
12:32:06 [S1] GPU OK 3840x2160 t=6
12:32:06 [S1] GPU OK 3840x2160 t=7
12:32:06 [S1] GPU OK 3840x2160 t=8
12:32:06 [S1] GPU OK 3840x2160 t=9
12:32:06 [S1] GPU OK 3840x2160 t=10
12:32:06 [S1] GPU OK 3840x2160 t=11
12:32:06 [S1] GPU OK 3840x2160 t=12
12:32:06 [S1] GPU OK 3840x2160 t=13
12:32:06 [S1] GPU OK 3840x2160 t=14
12:32:06 [S1] GPU OK 3840x2160 t=15
12:32:06 [S1] GPU OK 3840x2160 t=16
12:32:06 [S1] GPU OK 3840x2160 t=17
12:32:06 [S1] GPU OK 3840x2160 t=18
12:32:06 [S1] GPU OK 3840x2160 t=19
12:32:06 [S1] GPU OK 3840x2160 t=20
12:32:06 [S1] GPU OK 3840x2160 t=21
12:32:06 [S1] GPU OK 3840x2160 t=22
12:32:06 [S1] GPU OK 3840x2160 t=23
12:32:06 [S1] GPU OK 3840x2160 t=24
12:32:06 [S1] GPU OK 3840x2160 t=25
12:32:06 [S1] GPU OK 3840x2160 t=26
12:32:06 [S1] GPU OK 3840x2160 t=27
12:32:06 [S1] GPU OK 3840x2160 t=28
12:32:06 [S1] GPU OK 3840x2160 t=29
12:32:06 [S1] GPU OK 3840x2160 t=30
12:32:06 [S1] GPU OK 3840x2160 t=31
12:32:06 [S1] GPU OK 3840x2160 t=32
12:32:06 [S1] GPU OK 3840x2160 t=33
12:32:06 [S1] GPU OK 3840x2160 t=34
12:32:06 [S1] GPU OK 3840x2160 t=35
12:32:06 [S1] GPU OK 3840x2160 t=36
12:32:06 [S1] GPU OK 3840x2160 t=37
12:32:06 [S1] GPU OK 3840x2160 t=38
12:32:06 [S1] GPU OK 3840x2160 t=39
12:32:06 [S1] GPU OK 3840x2160 t=40
12:32:06 [S1] GPU OK 3840x2160 t=41
12:32:06 [S1] GPU OK 3840x2160 t=42
12:32:06 [S1] GPU OK 3840x2160 t=43
12:32:06 [S1] GPU OK 3840x2160 t=44
12:32:07 [S1] GPU OK 3840x2160 t=45
12:32:07 [S1] GPU OK 3840x2160 t=46
12:32:07 [S1] GPU OK 3840x2160 t=47
12:32:07 [S1] GPU OK 3840x2160 t=48
12:32:07 [S1] GPU OK 3840x2160 t=49
12:32:07 [S1] GPU OK 3840x2160 t=50
12:32:07 [S1] GPU OK 3840x2160 t=51
12:32:07 [S1] GPU OK 3840x2160 t=52
12:32:07 [S1] GPU OK 3840x2160 t=53
12:32:07 [S1] GPU OK 3840x2160 t=54
12:32:07 [S1] GPU OK 3840x2160 t=55
12:32:07 [S1] GPU OK 3840x2160 t=56
12:32:07 [S1] GPU OK 3840x2160 t=57
12:32:07 [S1] GPU OK 3840x2160 t=58
12:32:07 [S1] GPU OK 3840x2160 t=59
12:32:07 [S1] GPU OK 3840x2160 t=60
12:32:07 [S1] GPU OK 3840x2160 t=61
12:32:07 [S1] GPU OK 3840x2160 t=62
12:32:07 [S1] GPU OK 3840x2160 t=63
12:32:07 [S1] GPU OK 3840x2160 t=64
12:32:07 [S1] GPU OK 3840x2160 t=65
12:32:07 [S1] GPU OK 3840x2160 t=66
12:32:07 [S1] GPU OK 3840x2160 t=67
12:32:07 [S1] GPU OK 3840x2160 t=68
12:32:07 [S1] GPU OK 3840x2160 t=69
12:32:07 [S1] GPU OK 3840x2160 t=70
12:32:07 [S1] GPU OK 3840x2160 t=71
12:32:07 [S1] GPU OK 3840x2160 t=72
12:32:07 [S1] GPU OK 3840x2160 t=73
12:32:07 [S1] GPU OK 3840x2160 t=74
12:32:07 [S1] GPU OK 3840x2160 t=75
12:32:07 [S1] GPU OK 3840x2160 t=76
12:32:07 [S1] GPU OK 3840x2160 t=77
12:32:07 [S1] GPU OK 3840x2160 t=78
12:32:07 [S1] GPU OK 3840x2160 t=79
12:32:07 [S1] GPU OK 3840x2160 t=80
12:32:07 [S1] GPU OK 3840x2160 t=81
12:32:07 [S1] GPU OK 3840x2160 t=82
12:32:07 [S1] GPU OK 3840x2160 t=83
12:32:07 [S1] GPU OK 3840x2160 t=84
12:32:07 [S1] GPU OK 3840x2160 t=85
12:32:07 [S1] GPU OK 3840x2160 t=86
12:32:07 [S1] GPU OK 3840x2160 t=87
12:32:07 [S1] GPU OK 3840x2160 t=88
12:32:07 [S1] GPU OK 3840x2160 t=89
12:32:07 [S1] GPU OK 3840x2160 t=90
12:32:07 [S1] GPU OK 3840x2160 t=91
12:32:07 [S1] GPU OK 3840x2160 t=92
12:32:08 [S1] GPU OK 3840x2160 t=93
12:32:08 [S1] GPU OK 3840x2160 t=94
12:32:08 [S1] GPU OK 3840x2160 t=95
12:32:08 [S1] GPU OK 3840x2160 t=96
12:32:08 [S1] GPU OK 3840x2160 t=97
12:32:08 [S1] GPU OK 3840x2160 t=98
12:32:08 [S1] GPU OK 3840x2160 t=99
12:32:08 [S1] GPU OK 3840x2160 t=100
12:32:08 [S1] GPU OK 3840x2160 t=101
12:32:08 [S1] GPU OK 3840x2160 t=102
12:32:08 [S1] GPU OK 3840x2160 t=103
12:32:08 [S1] GPU OK 3840x2160 t=104
12:32:08 [S1] GPU OK 3840x2160 t=105
12:32:08 [S1] GPU OK 3840x2160 t=106
12:32:08 [S1] GPU OK 3840x2160 t=107
12:32:08 [S1] GPU OK 3840x2160 t=108
12:32:08 [S1] GPU OK 3840x2160 t=109
12:32:08 [S1] GPU OK 3840x2160 t=110
12:32:08 [S1] GPU OK 3840x2160 t=111
12:32:08 [S1] GPU OK 3840x2160 t=112
12:32:08 [S1] GPU OK 3840x2160 t=113
12:32:08 [S1] GPU OK 3840x2160 t=114
12:32:08 [S1] GPU OK 3840x2160 t=115
12:32:08 [S1] GPU OK 3840x2160 t=116
12:32:08 [S1] GPU OK 3840x2160 t=117
12:32:08 [S1] GPU OK 3840x2160 t=118
12:32:08 [S1] GPU OK 3840x2160 t=119
12:32:08 [S1] GPU OK 3840x2160 t=0
12:32:09 [S1] GPU OK 3840x2160 t=0
12:32:09 [S1] GPU OK 3840x2160 t=0
12:32:09 [S1] GPU OK 3840x2160 t=0
12:32:19 [S1] GPU OK 3840x2160 t=0
12:32:19 [S6] GPU OK t=0 n=1
12:32:19 [S1] GPU OK 3840x2160 t=0
12:32:19 [S6] GPU OK t=0 n=1
12:32:19 [S1] GPU OK 3840x2160 t=0
12:32:19 [S6] GPU OK t=0 n=1
12:32:19 [S1] GPU OK 3840x2160 t=0
12:32:19 [S6] GPU OK t=0 n=1
12:32:20 [S1] GPU OK 3840x2160 t=0
12:32:20 [S6] GPU OK t=0 n=1
12:32:20 [S1] GPU OK 3840x2160 t=1
12:32:20 [S6] GPU OK t=1 n=1
12:32:20 [S1] GPU OK 3840x2160 t=2
12:32:20 [S6] GPU OK t=2 n=1
12:32:20 [S1] GPU OK 3840x2160 t=3
12:32:20 [S6] GPU OK t=3 n=1
12:32:20 [S1] GPU OK 3840x2160 t=4
12:32:20 [S6] GPU OK t=4 n=1
12:32:20 [S1] GPU OK 3840x2160 t=5
12:32:20 [S6] GPU OK t=5 n=1
12:32:20 [S1] GPU OK 3840x2160 t=6
12:32:20 [S6] GPU OK t=6 n=1
12:32:20 [S1] GPU OK 3840x2160 t=7
12:32:20 [S6] GPU OK t=7 n=1
12:32:20 [S1] GPU OK 3840x2160 t=8
12:32:20 [S6] GPU OK t=8 n=1
12:32:20 [S1] GPU OK 3840x2160 t=9
12:32:20 [S6] GPU OK t=9 n=1
12:32:20 [S1] GPU OK 3840x2160 t=10
12:32:20 [S6] GPU OK t=10 n=1
12:32:20 [S1] GPU OK 3840x2160 t=11
12:32:20 [S6] GPU OK t=11 n=1
12:32:20 [S1] GPU OK 3840x2160 t=12
12:32:20 [S6] GPU OK t=12 n=1
12:32:20 [S1] GPU OK 3840x2160 t=13
12:32:20 [S6] GPU OK t=13 n=1
12:32:20 [S1] GPU OK 3840x2160 t=14
12:32:20 [S6] GPU OK t=14 n=1
12:32:20 [S1] GPU OK 3840x2160 t=15
12:32:20 [S6] GPU OK t=15 n=1
12:32:20 [S1] GPU OK 3840x2160 t=16
12:32:20 [S6] GPU OK t=16 n=1
12:32:20 [S1] GPU OK 3840x2160 t=17
12:32:20 [S6] GPU OK t=17 n=1
12:32:20 [S1] GPU OK 3840x2160 t=18
12:32:20 [S6] GPU OK t=18 n=1
12:32:20 [S1] GPU OK 3840x2160 t=19
12:32:20 [S6] GPU OK t=19 n=1
12:32:20 [S1] GPU OK 3840x2160 t=20
12:32:20 [S6] GPU OK t=20 n=1
12:32:20 [S1] GPU OK 3840x2160 t=21
12:32:20 [S6] GPU OK t=21 n=1
12:32:20 [S1] GPU OK 3840x2160 t=22
12:32:20 [S6] GPU OK t=22 n=1
12:32:20 [S1] GPU OK 3840x2160 t=23
12:32:20 [S6] GPU OK t=23 n=1
12:32:20 [S1] GPU OK 3840x2160 t=24
12:32:20 [S6] GPU OK t=24 n=1
12:32:20 [S1] GPU OK 3840x2160 t=25
12:32:20 [S6] GPU OK t=25 n=1
12:32:20 [S1] GPU OK 3840x2160 t=26
12:32:20 [S6] GPU OK t=26 n=1
12:32:20 [S1] GPU OK 3840x2160 t=27
12:32:20 [S6] GPU OK t=27 n=1
12:32:20 [S1] GPU OK 3840x2160 t=28
12:32:20 [S6] GPU OK t=28 n=1
12:32:20 [S1] GPU OK 3840x2160 t=29
12:32:20 [S6] GPU OK t=29 n=1
12:32:20 [S1] GPU OK 3840x2160 t=30
12:32:20 [S6] GPU OK t=30 n=1
12:32:20 [S1] GPU OK 3840x2160 t=31
12:32:20 [S6] GPU OK t=31 n=1
12:32:20 [S1] GPU OK 3840x2160 t=32
12:32:20 [S6] GPU OK t=32 n=1
12:32:20 [S1] GPU OK 3840x2160 t=33
12:32:20 [S6] GPU OK t=33 n=1
12:32:20 [S1] GPU OK 3840x2160 t=34
12:32:20 [S6] GPU OK t=34 n=1
12:32:20 [S1] GPU OK 3840x2160 t=35
12:32:20 [S6] GPU OK t=35 n=1
12:32:20 [S1] GPU OK 3840x2160 t=36
12:32:20 [S6] GPU OK t=36 n=1
12:32:20 [S1] GPU OK 3840x2160 t=37
12:32:20 [S6] GPU OK t=37 n=1
12:32:20 [S1] GPU OK 3840x2160 t=38
12:32:20 [S6] GPU OK t=38 n=1
12:32:20 [S1] GPU OK 3840x2160 t=39
12:32:20 [S6] GPU OK t=39 n=1
12:32:20 [S1] GPU OK 3840x2160 t=40
12:32:20 [S6] GPU OK t=40 n=1
12:32:20 [S1] GPU OK 3840x2160 t=41
12:32:20 [S6] GPU OK t=41 n=1
12:32:20 [S1] GPU OK 3840x2160 t=42
12:32:20 [S6] GPU OK t=42 n=1
12:32:20 [S1] GPU OK 3840x2160 t=43
12:32:20 [S6] GPU OK t=43 n=1
12:32:20 [S1] GPU OK 3840x2160 t=44
12:32:20 [S6] GPU OK t=44 n=1
12:32:20 [S1] GPU OK 3840x2160 t=45
12:32:20 [S6] GPU OK t=45 n=1
12:32:20 [S1] GPU OK 3840x2160 t=46
12:32:20 [S6] GPU OK t=46 n=1
12:32:20 [S1] GPU OK 3840x2160 t=47
12:32:20 [S6] GPU OK t=47 n=1
12:32:20 [S1] GPU OK 3840x2160 t=48
12:32:20 [S6] GPU OK t=48 n=1
12:32:20 [S1] GPU OK 3840x2160 t=49
12:32:20 [S6] GPU OK t=49 n=1
12:32:20 [S1] GPU OK 3840x2160 t=50
12:32:20 [S6] GPU OK t=50 n=1
12:32:20 [S1] GPU OK 3840x2160 t=51
12:32:20 [S6] GPU OK t=51 n=1
12:32:20 [S1] GPU OK 3840x2160 t=52
12:32:20 [S6] GPU OK t=52 n=1
12:32:20 [S1] GPU OK 3840x2160 t=53
12:32:20 [S6] GPU OK t=53 n=1
12:32:20 [S1] GPU OK 3840x2160 t=54
12:32:20 [S6] GPU OK t=54 n=1
12:32:21 [S1] GPU OK 3840x2160 t=55
12:32:21 [S6] GPU OK t=55 n=1
12:32:21 [S1] GPU OK 3840x2160 t=56
12:32:21 [S6] GPU OK t=56 n=1
12:32:21 [S1] GPU OK 3840x2160 t=57
12:32:21 [S6] GPU OK t=57 n=1
12:32:21 [S1] GPU OK 3840x2160 t=58
12:32:21 [S6] GPU OK t=58 n=1
12:32:21 [S1] GPU OK 3840x2160 t=59
12:32:21 [S6] GPU OK t=59 n=1
12:32:21 [S1] GPU OK 3840x2160 t=60
12:32:21 [S6] GPU OK t=60 n=1
12:32:21 [S1] GPU OK 3840x2160 t=61
12:32:21 [S6] GPU OK t=61 n=1
12:32:21 [S1] GPU OK 3840x2160 t=62
12:32:21 [S6] GPU OK t=62 n=1
12:32:21 [S1] GPU OK 3840x2160 t=63
12:32:21 [S6] GPU OK t=63 n=1
12:32:21 [S1] GPU OK 3840x2160 t=64
12:32:21 [S6] GPU OK t=64 n=1
12:32:21 [S1] GPU OK 3840x2160 t=65
12:32:21 [S6] GPU OK t=65 n=1
12:32:21 [S1] GPU OK 3840x2160 t=66
12:32:21 [S6] GPU OK t=66 n=1
12:32:21 [S1] GPU OK 3840x2160 t=67
12:32:21 [S6] GPU OK t=67 n=1
12:32:21 [S1] GPU OK 3840x2160 t=68
12:32:21 [S6] GPU OK t=68 n=1
12:32:21 [S1] GPU OK 3840x2160 t=69
12:32:21 [S6] GPU OK t=69 n=1
12:32:21 [S1] GPU OK 3840x2160 t=70
12:32:21 [S6] GPU OK t=70 n=1
12:32:21 [S1] GPU OK 3840x2160 t=71
12:32:21 [S6] GPU OK t=71 n=1
12:32:21 [S1] GPU OK 3840x2160 t=72
12:32:21 [S6] GPU OK t=72 n=1
12:32:21 [S1] GPU OK 3840x2160 t=73
12:32:21 [S6] GPU OK t=73 n=1
12:32:21 [S1] GPU OK 3840x2160 t=74
12:32:21 [S6] GPU OK t=74 n=1
12:32:21 [S1] GPU OK 3840x2160 t=75
12:32:21 [S6] GPU OK t=75 n=1
12:32:21 [S1] GPU OK 3840x2160 t=76
12:32:21 [S6] GPU OK t=76 n=1
12:32:21 [S1] GPU OK 3840x2160 t=77
12:32:21 [S6] GPU OK t=77 n=1
12:32:21 [S1] GPU OK 3840x2160 t=78
12:32:21 [S6] GPU OK t=78 n=1
12:32:21 [S1] GPU OK 3840x2160 t=79
12:32:21 [S6] GPU OK t=79 n=1
12:32:21 [S1] GPU OK 3840x2160 t=80
12:32:21 [S6] GPU OK t=80 n=1
12:32:21 [S1] GPU OK 3840x2160 t=81
12:32:21 [S6] GPU OK t=81 n=1
12:32:21 [S1] GPU OK 3840x2160 t=82
12:32:21 [S6] GPU OK t=82 n=1
12:32:21 [S1] GPU OK 3840x2160 t=83
12:32:21 [S6] GPU OK t=83 n=1
12:32:21 [S1] GPU OK 3840x2160 t=84
12:32:21 [S6] GPU OK t=84 n=1
12:32:21 [S1] GPU OK 3840x2160 t=85
12:32:21 [S6] GPU OK t=85 n=1
12:32:21 [S1] GPU OK 3840x2160 t=86
12:32:21 [S6] GPU OK t=86 n=1
12:32:21 [S1] GPU OK 3840x2160 t=87
12:32:21 [S6] GPU OK t=87 n=1
12:32:21 [S1] GPU OK 3840x2160 t=88
12:32:21 [S6] GPU OK t=88 n=1
12:32:21 [S1] GPU OK 3840x2160 t=89
12:32:21 [S6] GPU OK t=89 n=1
12:32:21 [S1] GPU OK 3840x2160 t=90
12:32:21 [S6] GPU OK t=90 n=1
12:32:21 [S1] GPU OK 3840x2160 t=91
12:32:21 [S6] GPU OK t=91 n=1
12:32:21 [S1] GPU OK 3840x2160 t=92
12:32:21 [S6] GPU OK t=92 n=1
12:32:21 [S1] GPU OK 3840x2160 t=93
12:32:21 [S6] GPU OK t=93 n=1
12:32:21 [S1] GPU OK 3840x2160 t=94
12:32:21 [S6] GPU OK t=94 n=1
12:32:21 [S1] GPU OK 3840x2160 t=95
12:32:21 [S6] GPU OK t=95 n=1
12:32:21 [S1] GPU OK 3840x2160 t=96
12:32:21 [S6] GPU OK t=96 n=1
12:32:21 [S1] GPU OK 3840x2160 t=97
12:32:21 [S6] GPU OK t=97 n=1
12:32:21 [S1] GPU OK 3840x2160 t=98
12:32:21 [S6] GPU OK t=98 n=1
12:32:21 [S1] GPU OK 3840x2160 t=99
12:32:21 [S6] GPU OK t=99 n=1
12:32:21 [S1] GPU OK 3840x2160 t=100
12:32:21 [S6] GPU OK t=100 n=1
12:32:21 [S1] GPU OK 3840x2160 t=101
12:32:21 [S6] GPU OK t=101 n=1
12:32:21 [S1] GPU OK 3840x2160 t=102
12:32:21 [S6] GPU OK t=102 n=1
12:32:21 [S1] GPU OK 3840x2160 t=103
12:32:21 [S6] GPU OK t=103 n=1
12:32:21 [S1] GPU OK 3840x2160 t=104
12:32:21 [S6] GPU OK t=104 n=1
12:32:21 [S1] GPU OK 3840x2160 t=105
12:32:21 [S6] GPU OK t=105 n=1
12:32:21 [S1] GPU OK 3840x2160 t=106
12:32:21 [S6] GPU OK t=106 n=1
12:32:21 [S1] GPU OK 3840x2160 t=107
12:32:22 [S6] GPU OK t=107 n=1
12:32:22 [S1] GPU OK 3840x2160 t=108
12:32:22 [S6] GPU OK t=108 n=1
12:32:22 [S1] GPU OK 3840x2160 t=109
12:32:22 [S6] GPU OK t=109 n=1
12:32:22 [S1] GPU OK 3840x2160 t=110
12:32:22 [S6] GPU OK t=110 n=1
12:32:22 [S1] GPU OK 3840x2160 t=111
12:32:22 [S6] GPU OK t=111 n=1
12:32:22 [S1] GPU OK 3840x2160 t=112
12:32:22 [S6] GPU OK t=112 n=1
12:32:22 [S1] GPU OK 3840x2160 t=113
12:32:22 [S6] GPU OK t=113 n=1
12:32:22 [S1] GPU OK 3840x2160 t=114
12:32:22 [S6] GPU OK t=114 n=1
12:32:22 [S1] GPU OK 3840x2160 t=115
12:32:22 [S6] GPU OK t=115 n=1
12:32:22 [S1] GPU OK 3840x2160 t=116
12:32:22 [S6] GPU OK t=116 n=1
12:32:22 [S1] GPU OK 3840x2160 t=117
12:32:22 [S6] GPU OK t=117 n=1
12:32:22 [S1] GPU OK 3840x2160 t=118
12:32:22 [S6] GPU OK t=118 n=1
12:32:22 [S1] GPU OK 3840x2160 t=119
12:32:22 [S6] GPU OK t=119 n=1
12:32:22 [S1] GPU OK 3840x2160 t=0
12:32:22 [S6] GPU OK t=0 n=1
12:32:22 [S1] GPU OK 3840x2160 t=0
12:32:22 [S6] GPU OK t=0 n=1
12:32:23 [S1] GPU OK 3840x2160 t=0
12:32:23 [S6] GPU OK t=0 n=1
12:32:23 [S1] GPU OK 3840x2160 t=0
12:32:23 [S6] GPU OK t=0 n=1
12:32:23 [S1] GPU OK 3840x2160 t=0
12:32:23 [S6] GPU OK t=0 n=8
12:32:23 [S1] GPU OK 3840x2160 t=0
12:32:23 [S6] GPU OK t=0 n=8
12:32:23 [S1] GPU OK 3840x2160 t=0
12:32:23 [S6] GPU OK t=0 n=8
12:32:23 [S1] GPU OK 3840x2160 t=0
12:32:23 [S6] GPU OK t=0 n=8
12:32:23 [S1] GPU OK 3840x2160 t=0
12:32:23 [S6] GPU OK t=0 n=8
12:32:23 [S1] GPU OK 3840x2160 t=0
12:32:23 [S6] GPU OK t=0 n=8
12:32:23 [S1] GPU OK 3840x2160 t=1
12:32:23 [S6] GPU OK t=1 n=8
12:32:23 [S1] GPU OK 3840x2160 t=2
12:32:23 [S6] GPU OK t=2 n=8
12:32:23 [S1] GPU OK 3840x2160 t=3
12:32:23 [S6] GPU OK t=3 n=8
12:32:23 [S1] GPU OK 3840x2160 t=4
12:32:23 [S6] GPU OK t=4 n=8
12:32:23 [S1] GPU OK 3840x2160 t=5
12:32:23 [S6] GPU OK t=5 n=8
12:32:23 [S1] GPU OK 3840x2160 t=6
12:32:23 [S6] GPU OK t=6 n=8
12:32:23 [S1] GPU OK 3840x2160 t=7
12:32:23 [S6] GPU OK t=7 n=8
12:32:23 [S1] GPU OK 3840x2160 t=8
12:32:23 [S6] GPU OK t=8 n=8
12:32:23 [S1] GPU OK 3840x2160 t=9
12:32:23 [S6] GPU OK t=9 n=8
12:32:23 [S1] GPU OK 3840x2160 t=10
12:32:23 [S6] GPU OK t=10 n=8
12:32:23 [S1] GPU OK 3840x2160 t=11
12:32:23 [S6] GPU OK t=11 n=8
12:32:23 [S1] GPU OK 3840x2160 t=12
12:32:23 [S6] GPU OK t=12 n=8
12:32:23 [S1] GPU OK 3840x2160 t=13
12:32:23 [S6] GPU OK t=13 n=8
12:32:23 [S1] GPU OK 3840x2160 t=14
12:32:23 [S6] GPU OK t=14 n=8
12:32:23 [S1] GPU OK 3840x2160 t=15
12:32:23 [S6] GPU OK t=15 n=8
12:32:23 [S1] GPU OK 3840x2160 t=16
12:32:23 [S6] GPU OK t=16 n=8
12:32:23 [S1] GPU OK 3840x2160 t=17
12:32:23 [S6] GPU OK t=17 n=8
12:32:23 [S1] GPU OK 3840x2160 t=18
12:32:23 [S6] GPU OK t=18 n=8
12:32:23 [S1] GPU OK 3840x2160 t=19
12:32:23 [S6] GPU OK t=19 n=8
12:32:23 [S1] GPU OK 3840x2160 t=20
12:32:23 [S6] GPU OK t=20 n=8
12:32:23 [S1] GPU OK 3840x2160 t=21
12:32:23 [S6] GPU OK t=21 n=8
12:32:24 [S1] GPU OK 3840x2160 t=22
12:32:24 [S6] GPU OK t=22 n=8
12:32:24 [S1] GPU OK 3840x2160 t=23
12:32:24 [S6] GPU OK t=23 n=8
12:32:24 [S1] GPU OK 3840x2160 t=24
12:32:24 [S6] GPU OK t=24 n=8
12:32:24 [S1] GPU OK 3840x2160 t=25
12:32:24 [S6] GPU OK t=25 n=8
12:32:24 [S1] GPU OK 3840x2160 t=26
12:32:24 [S6] GPU OK t=26 n=8
12:32:24 [S1] GPU OK 3840x2160 t=27
12:32:24 [S6] GPU OK t=27 n=8
12:32:24 [S1] GPU OK 3840x2160 t=28
12:32:24 [S6] GPU OK t=28 n=8
12:32:24 [S1] GPU OK 3840x2160 t=29
12:32:24 [S6] GPU OK t=29 n=8
12:32:24 [S1] GPU OK 3840x2160 t=30
12:32:24 [S6] GPU OK t=30 n=8
12:32:24 [S1] GPU OK 3840x2160 t=31
12:32:24 [S6] GPU OK t=31 n=8
12:32:24 [S1] GPU OK 3840x2160 t=32
12:32:24 [S6] GPU OK t=32 n=8
12:32:24 [S1] GPU OK 3840x2160 t=33
12:32:24 [S6] GPU OK t=33 n=8
12:32:24 [S1] GPU OK 3840x2160 t=34
12:32:24 [S6] GPU OK t=34 n=8
12:32:24 [S1] GPU OK 3840x2160 t=35
12:32:24 [S6] GPU OK t=35 n=8
12:32:24 [S1] GPU OK 3840x2160 t=36
12:32:24 [S6] GPU OK t=36 n=8
12:32:24 [S1] GPU OK 3840x2160 t=37
12:32:24 [S6] GPU OK t=37 n=8
12:32:24 [S1] GPU OK 3840x2160 t=38
12:32:24 [S6] GPU OK t=38 n=8
12:32:24 [S1] GPU OK 3840x2160 t=39
12:32:24 [S6] GPU OK t=39 n=8
12:32:24 [S1] GPU OK 3840x2160 t=40
12:32:24 [S6] GPU OK t=40 n=8
12:32:24 [S1] GPU OK 3840x2160 t=41
12:32:24 [S6] GPU OK t=41 n=8
12:32:24 [S1] GPU OK 3840x2160 t=42
12:32:24 [S6] GPU OK t=42 n=8
12:32:24 [S1] GPU OK 3840x2160 t=43
12:32:24 [S6] GPU OK t=43 n=8
12:32:24 [S1] GPU OK 3840x2160 t=44
12:32:24 [S6] GPU OK t=44 n=8
12:32:24 [S1] GPU OK 3840x2160 t=45
12:32:24 [S6] GPU OK t=45 n=8
12:32:24 [S1] GPU OK 3840x2160 t=46
12:32:24 [S6] GPU OK t=46 n=8
12:32:24 [S1] GPU OK 3840x2160 t=47
12:32:24 [S6] GPU OK t=47 n=8
12:32:24 [S1] GPU OK 3840x2160 t=48
12:32:24 [S6] GPU OK t=48 n=8
12:32:24 [S1] GPU OK 3840x2160 t=49
12:32:24 [S6] GPU OK t=49 n=8
12:32:24 [S1] GPU OK 3840x2160 t=50
12:32:24 [S6] GPU OK t=50 n=8
12:32:24 [S1] GPU OK 3840x2160 t=51
12:32:24 [S6] GPU OK t=51 n=8
12:32:24 [S1] GPU OK 3840x2160 t=52
12:32:24 [S6] GPU OK t=52 n=8
12:32:24 [S1] GPU OK 3840x2160 t=53
12:32:24 [S6] GPU OK t=53 n=8
12:32:24 [S1] GPU OK 3840x2160 t=54
12:32:24 [S6] GPU OK t=54 n=8
12:32:24 [S1] GPU OK 3840x2160 t=55
12:32:24 [S6] GPU OK t=55 n=8
12:32:24 [S1] GPU OK 3840x2160 t=56
12:32:24 [S6] GPU OK t=56 n=8
12:32:24 [S1] GPU OK 3840x2160 t=57
12:32:24 [S6] GPU OK t=57 n=8
12:32:24 [S1] GPU OK 3840x2160 t=58
12:32:24 [S6] GPU OK t=58 n=8
12:32:24 [S1] GPU OK 3840x2160 t=59
12:32:24 [S6] GPU OK t=59 n=8
12:32:24 [S1] GPU OK 3840x2160 t=60
12:32:24 [S6] GPU OK t=60 n=8
12:32:24 [S1] GPU OK 3840x2160 t=61
12:32:24 [S6] GPU OK t=61 n=8
12:32:24 [S1] GPU OK 3840x2160 t=62
12:32:24 [S6] GPU OK t=62 n=8
12:32:24 [S1] GPU OK 3840x2160 t=63
12:32:24 [S6] GPU OK t=63 n=8
12:32:24 [S1] GPU OK 3840x2160 t=64
12:32:24 [S6] GPU OK t=64 n=8
12:32:24 [S1] GPU OK 3840x2160 t=65
12:32:24 [S6] GPU OK t=65 n=8
12:32:24 [S1] GPU OK 3840x2160 t=66
12:32:24 [S6] GPU OK t=66 n=8
12:32:24 [S1] GPU OK 3840x2160 t=67
12:32:24 [S6] GPU OK t=67 n=8
12:32:25 [S1] GPU OK 3840x2160 t=68
12:32:25 [S6] GPU OK t=68 n=8
12:32:25 [S1] GPU OK 3840x2160 t=69
12:32:25 [S6] GPU OK t=69 n=8
12:32:25 [S1] GPU OK 3840x2160 t=70
12:32:25 [S6] GPU OK t=70 n=8
12:32:25 [S1] GPU OK 3840x2160 t=71
12:32:25 [S6] GPU OK t=71 n=8
12:32:25 [S1] GPU OK 3840x2160 t=72
12:32:25 [S6] GPU OK t=72 n=8
12:32:25 [S1] GPU OK 3840x2160 t=73
12:32:25 [S6] GPU OK t=73 n=8
12:32:25 [S1] GPU OK 3840x2160 t=74
12:32:25 [S6] GPU OK t=74 n=8
12:32:25 [S1] GPU OK 3840x2160 t=75
12:32:25 [S6] GPU OK t=75 n=8
12:32:25 [S1] GPU OK 3840x2160 t=76
12:32:25 [S6] GPU OK t=76 n=8
12:32:25 [S1] GPU OK 3840x2160 t=77
12:32:25 [S6] GPU OK t=77 n=8
12:32:25 [S1] GPU OK 3840x2160 t=78
12:32:25 [S6] GPU OK t=78 n=8
12:32:25 [S1] GPU OK 3840x2160 t=79
12:32:25 [S6] GPU OK t=79 n=8
12:32:25 [S1] GPU OK 3840x2160 t=80
12:32:25 [S6] GPU OK t=80 n=8
12:32:25 [S1] GPU OK 3840x2160 t=81
12:32:25 [S6] GPU OK t=81 n=8
12:32:25 [S1] GPU OK 3840x2160 t=82
12:32:25 [S6] GPU OK t=82 n=8
12:32:25 [S1] GPU OK 3840x2160 t=83
12:32:25 [S6] GPU OK t=83 n=8
12:32:25 [S1] GPU OK 3840x2160 t=84
12:32:25 [S6] GPU OK t=84 n=8
12:32:25 [S1] GPU OK 3840x2160 t=85
12:32:25 [S6] GPU OK t=85 n=8
12:32:25 [S1] GPU OK 3840x2160 t=86
12:32:25 [S6] GPU OK t=86 n=8
12:32:25 [S1] GPU OK 3840x2160 t=87
12:32:25 [S6] GPU OK t=87 n=8
12:32:25 [S1] GPU OK 3840x2160 t=88
12:32:25 [S6] GPU OK t=88 n=8
12:32:25 [S1] GPU OK 3840x2160 t=89
12:32:25 [S6] GPU OK t=89 n=8
12:32:25 [S1] GPU OK 3840x2160 t=90
12:32:25 [S6] GPU OK t=90 n=8
12:32:25 [S1] GPU OK 3840x2160 t=91
12:32:25 [S6] GPU OK t=91 n=8
12:32:25 [S1] GPU OK 3840x2160 t=92
12:32:25 [S6] GPU OK t=92 n=8
12:32:25 [S1] GPU OK 3840x2160 t=93
12:32:25 [S6] GPU OK t=93 n=8
12:32:25 [S1] GPU OK 3840x2160 t=94
12:32:25 [S6] GPU OK t=94 n=8
12:32:25 [S1] GPU OK 3840x2160 t=95
12:32:25 [S6] GPU OK t=95 n=8
12:32:25 [S1] GPU OK 3840x2160 t=96
12:32:25 [S6] GPU OK t=96 n=8
12:32:25 [S1] GPU OK 3840x2160 t=97
12:32:25 [S6] GPU OK t=97 n=8
12:32:25 [S1] GPU OK 3840x2160 t=98
12:32:25 [S6] GPU OK t=98 n=8
12:32:25 [S1] GPU OK 3840x2160 t=99
12:32:25 [S6] GPU OK t=99 n=8
12:32:25 [S1] GPU OK 3840x2160 t=100
12:32:25 [S6] GPU OK t=100 n=8
12:32:25 [S1] GPU OK 3840x2160 t=101
12:32:25 [S6] GPU OK t=101 n=8
12:32:25 [S1] GPU OK 3840x2160 t=102
12:32:25 [S6] GPU OK t=102 n=8
12:32:25 [S1] GPU OK 3840x2160 t=103
12:32:25 [S6] GPU OK t=103 n=8
12:32:25 [S1] GPU OK 3840x2160 t=104
12:32:25 [S6] GPU OK t=104 n=8
12:32:25 [S1] GPU OK 3840x2160 t=105
12:32:25 [S6] GPU OK t=105 n=8
12:32:25 [S1] GPU OK 3840x2160 t=106
12:32:25 [S6] GPU OK t=106 n=8
12:32:25 [S1] GPU OK 3840x2160 t=107
12:32:25 [S6] GPU OK t=107 n=8
12:32:25 [S1] GPU OK 3840x2160 t=108
12:32:25 [S6] GPU OK t=108 n=8
12:32:25 [S1] GPU OK 3840x2160 t=109
12:32:25 [S6] GPU OK t=109 n=8
12:32:25 [S1] GPU OK 3840x2160 t=110
12:32:25 [S6] GPU OK t=110 n=8
12:32:25 [S1] GPU OK 3840x2160 t=111
12:32:25 [S6] GPU OK t=111 n=8
12:32:25 [S1] GPU OK 3840x2160 t=112
12:32:25 [S6] GPU OK t=112 n=8
12:32:26 [S1] GPU OK 3840x2160 t=113
12:32:26 [S6] GPU OK t=113 n=8
12:32:26 [S1] GPU OK 3840x2160 t=114
12:32:26 [S6] GPU OK t=114 n=8
12:32:26 [S1] GPU OK 3840x2160 t=115
12:32:26 [S6] GPU OK t=115 n=8
12:32:26 [S1] GPU OK 3840x2160 t=116
12:32:26 [S6] GPU OK t=116 n=8
12:32:26 [S1] GPU OK 3840x2160 t=117
12:32:26 [S6] GPU OK t=117 n=8
12:32:26 [S1] GPU OK 3840x2160 t=118
12:32:26 [S6] GPU OK t=118 n=8
12:32:26 [S1] GPU OK 3840x2160 t=119
12:32:26 [S6] GPU OK t=119 n=8
12:32:26 [S1] GPU OK 3840x2160 t=0
12:32:26 [S6] GPU OK t=0 n=8
12:32:26 [S1] GPU OK 3840x2160 t=0
12:32:26 [S6] GPU OK t=0 n=8
12:32:26 [S1] GPU OK 3840x2160 t=0
12:32:26 [S6] GPU OK t=0 n=8
12:32:26 [S1] GPU OK 3840x2160 t=0
12:32:26 [S6] GPU OK t=0 n=16
12:32:26 [S1] GPU OK 3840x2160 t=0
12:32:26 [S6] GPU OK t=0 n=16
12:32:27 [S1] GPU OK 3840x2160 t=0
12:32:27 [S6] GPU OK t=0 n=16
12:32:27 [S1] GPU OK 3840x2160 t=0
12:32:27 [S6] GPU OK t=0 n=16
12:32:27 [S1] GPU OK 3840x2160 t=0
12:32:27 [S6] GPU OK t=0 n=16
12:32:27 [S1] GPU OK 3840x2160 t=0
12:32:27 [S6] GPU OK t=0 n=16
12:32:27 [S1] GPU OK 3840x2160 t=1
12:32:27 [S6] GPU OK t=1 n=16
12:32:27 [S1] GPU OK 3840x2160 t=2
12:32:27 [S6] GPU OK t=2 n=16
12:32:27 [S1] GPU OK 3840x2160 t=3
12:32:27 [S6] GPU OK t=3 n=16
12:32:27 [S1] GPU OK 3840x2160 t=4
12:32:27 [S6] GPU OK t=4 n=16
12:32:27 [S1] GPU OK 3840x2160 t=5
12:32:27 [S6] GPU OK t=5 n=16
12:32:27 [S1] GPU OK 3840x2160 t=6
12:32:27 [S6] GPU OK t=6 n=16
12:32:27 [S1] GPU OK 3840x2160 t=7
12:32:27 [S6] GPU OK t=7 n=16
12:32:27 [S1] GPU OK 3840x2160 t=8
12:32:27 [S6] GPU OK t=8 n=16
12:32:27 [S1] GPU OK 3840x2160 t=9
12:32:27 [S6] GPU OK t=9 n=16
12:32:27 [S1] GPU OK 3840x2160 t=10
12:32:27 [S6] GPU OK t=10 n=16
12:32:27 [S1] GPU OK 3840x2160 t=11
12:32:27 [S6] GPU OK t=11 n=16
12:32:27 [S1] GPU OK 3840x2160 t=12
12:32:27 [S6] GPU OK t=12 n=16
12:32:27 [S1] GPU OK 3840x2160 t=13
12:32:27 [S6] GPU OK t=13 n=16
12:32:27 [S1] GPU OK 3840x2160 t=14
12:32:27 [S6] GPU OK t=14 n=16
12:32:27 [S1] GPU OK 3840x2160 t=15
12:32:27 [S6] GPU OK t=15 n=16
12:32:27 [S1] GPU OK 3840x2160 t=16
12:32:27 [S6] GPU OK t=16 n=16
12:32:27 [S1] GPU OK 3840x2160 t=17
12:32:27 [S6] GPU OK t=17 n=16
12:32:27 [S1] GPU OK 3840x2160 t=18
12:32:27 [S6] GPU OK t=18 n=16
12:32:27 [S1] GPU OK 3840x2160 t=19
12:32:27 [S6] GPU OK t=19 n=16
12:32:27 [S1] GPU OK 3840x2160 t=20
12:32:27 [S6] GPU OK t=20 n=16
12:32:27 [S1] GPU OK 3840x2160 t=21
12:32:27 [S6] GPU OK t=21 n=16
12:32:27 [S1] GPU OK 3840x2160 t=22
12:32:27 [S6] GPU OK t=22 n=16
12:32:27 [S1] GPU OK 3840x2160 t=23
12:32:27 [S6] GPU OK t=23 n=16
12:32:27 [S1] GPU OK 3840x2160 t=24
12:32:27 [S6] GPU OK t=24 n=16
12:32:27 [S1] GPU OK 3840x2160 t=25
12:32:27 [S6] GPU OK t=25 n=16
12:32:27 [S1] GPU OK 3840x2160 t=26
12:32:27 [S6] GPU OK t=26 n=16
12:32:27 [S1] GPU OK 3840x2160 t=27
12:32:27 [S6] GPU OK t=27 n=16
12:32:27 [S1] GPU OK 3840x2160 t=28
12:32:27 [S6] GPU OK t=28 n=16
12:32:27 [S1] GPU OK 3840x2160 t=29
12:32:27 [S6] GPU OK t=29 n=16
12:32:27 [S1] GPU OK 3840x2160 t=30
12:32:27 [S6] GPU OK t=30 n=16
12:32:27 [S1] GPU OK 3840x2160 t=31
12:32:27 [S6] GPU OK t=31 n=16
12:32:27 [S1] GPU OK 3840x2160 t=32
12:32:27 [S6] GPU OK t=32 n=16
12:32:27 [S1] GPU OK 3840x2160 t=33
12:32:27 [S6] GPU OK t=33 n=16
12:32:27 [S1] GPU OK 3840x2160 t=34
12:32:27 [S6] GPU OK t=34 n=16
12:32:27 [S1] GPU OK 3840x2160 t=35
12:32:27 [S6] GPU OK t=35 n=16
12:32:27 [S1] GPU OK 3840x2160 t=36
12:32:27 [S6] GPU OK t=36 n=16
12:32:27 [S1] GPU OK 3840x2160 t=37
12:32:27 [S6] GPU OK t=37 n=16
12:32:28 [S1] GPU OK 3840x2160 t=38
12:32:28 [S6] GPU OK t=38 n=16
12:32:28 [S1] GPU OK 3840x2160 t=39
12:32:28 [S6] GPU OK t=39 n=16
12:32:28 [S1] GPU OK 3840x2160 t=40
12:32:28 [S6] GPU OK t=40 n=16
12:32:28 [S1] GPU OK 3840x2160 t=41
12:32:28 [S6] GPU OK t=41 n=16
12:32:28 [S1] GPU OK 3840x2160 t=42
12:32:28 [S6] GPU OK t=42 n=16
12:32:28 [S1] GPU OK 3840x2160 t=43
12:32:28 [S6] GPU OK t=43 n=16
12:32:28 [S1] GPU OK 3840x2160 t=44
12:32:28 [S6] GPU OK t=44 n=16
12:32:28 [S1] GPU OK 3840x2160 t=45
12:32:28 [S6] GPU OK t=45 n=16
12:32:28 [S1] GPU OK 3840x2160 t=46
12:32:28 [S6] GPU OK t=46 n=16
12:32:28 [S1] GPU OK 3840x2160 t=47
12:32:28 [S6] GPU OK t=47 n=16
12:32:28 [S1] GPU OK 3840x2160 t=48
12:32:28 [S6] GPU OK t=48 n=16
12:32:28 [S1] GPU OK 3840x2160 t=49
12:32:28 [S6] GPU OK t=49 n=16
12:32:28 [S1] GPU OK 3840x2160 t=50
12:32:28 [S6] GPU OK t=50 n=16
12:32:28 [S1] GPU OK 3840x2160 t=51
12:32:28 [S6] GPU OK t=51 n=16
12:32:28 [S1] GPU OK 3840x2160 t=52
12:32:28 [S6] GPU OK t=52 n=16
12:32:28 [S1] GPU OK 3840x2160 t=53
12:32:28 [S6] GPU OK t=53 n=16
12:32:28 [S1] GPU OK 3840x2160 t=54
12:32:28 [S6] GPU OK t=54 n=16
12:32:28 [S1] GPU OK 3840x2160 t=55
12:32:28 [S6] GPU OK t=55 n=16
12:32:28 [S1] GPU OK 3840x2160 t=56
12:32:28 [S6] GPU OK t=56 n=16
12:32:28 [S1] GPU OK 3840x2160 t=57
12:32:28 [S6] GPU OK t=57 n=16
12:32:28 [S1] GPU OK 3840x2160 t=58
12:32:28 [S6] GPU OK t=58 n=16
12:32:28 [S1] GPU OK 3840x2160 t=59
12:32:28 [S6] GPU OK t=59 n=16
12:32:28 [S1] GPU OK 3840x2160 t=60
12:32:28 [S6] GPU OK t=60 n=16
12:32:28 [S1] GPU OK 3840x2160 t=61
12:32:28 [S6] GPU OK t=61 n=16
12:32:28 [S1] GPU OK 3840x2160 t=62
12:32:28 [S6] GPU OK t=62 n=16
12:32:28 [S1] GPU OK 3840x2160 t=63
12:32:28 [S6] GPU OK t=63 n=16
12:32:28 [S1] GPU OK 3840x2160 t=64
12:32:28 [S6] GPU OK t=64 n=16
12:32:28 [S1] GPU OK 3840x2160 t=65
12:32:28 [S6] GPU OK t=65 n=16
12:32:28 [S1] GPU OK 3840x2160 t=66
12:32:28 [S6] GPU OK t=66 n=16
12:32:28 [S1] GPU OK 3840x2160 t=67
12:32:28 [S6] GPU OK t=67 n=16
12:32:28 [S1] GPU OK 3840x2160 t=68
12:32:28 [S6] GPU OK t=68 n=16
12:32:28 [S1] GPU OK 3840x2160 t=69
12:32:28 [S6] GPU OK t=69 n=16
12:32:28 [S1] GPU OK 3840x2160 t=70
12:32:28 [S6] GPU OK t=70 n=16
12:32:28 [S1] GPU OK 3840x2160 t=71
12:32:28 [S6] GPU OK t=71 n=16
12:32:28 [S1] GPU OK 3840x2160 t=72
12:32:28 [S6] GPU OK t=72 n=16
12:32:28 [S1] GPU OK 3840x2160 t=73
12:32:28 [S6] GPU OK t=73 n=16
12:32:28 [S1] GPU OK 3840x2160 t=74
12:32:28 [S6] GPU OK t=74 n=16
12:32:28 [S1] GPU OK 3840x2160 t=75
12:32:28 [S6] GPU OK t=75 n=16
12:32:28 [S1] GPU OK 3840x2160 t=76
12:32:28 [S6] GPU OK t=76 n=16
12:32:28 [S1] GPU OK 3840x2160 t=77
12:32:28 [S6] GPU OK t=77 n=16
12:32:28 [S1] GPU OK 3840x2160 t=78
12:32:28 [S6] GPU OK t=78 n=16
12:32:28 [S1] GPU OK 3840x2160 t=79
12:32:28 [S6] GPU OK t=79 n=16
12:32:28 [S1] GPU OK 3840x2160 t=80
12:32:28 [S6] GPU OK t=80 n=16
12:32:29 [S1] GPU OK 3840x2160 t=81
12:32:29 [S6] GPU OK t=81 n=16
12:32:29 [S1] GPU OK 3840x2160 t=82
12:32:29 [S6] GPU OK t=82 n=16
12:32:29 [S1] GPU OK 3840x2160 t=83
12:32:29 [S6] GPU OK t=83 n=16
12:32:29 [S1] GPU OK 3840x2160 t=84
12:32:29 [S6] GPU OK t=84 n=16
12:32:29 [S1] GPU OK 3840x2160 t=85
12:32:29 [S6] GPU OK t=85 n=16
12:32:29 [S1] GPU OK 3840x2160 t=86
12:32:29 [S6] GPU OK t=86 n=16
12:32:29 [S1] GPU OK 3840x2160 t=87
12:32:29 [S6] GPU OK t=87 n=16
12:32:29 [S1] GPU OK 3840x2160 t=88
12:32:29 [S6] GPU OK t=88 n=16
12:32:29 [S1] GPU OK 3840x2160 t=89
12:32:29 [S6] GPU OK t=89 n=16
12:32:29 [S1] GPU OK 3840x2160 t=90
12:32:29 [S6] GPU OK t=90 n=16
12:32:29 [S1] GPU OK 3840x2160 t=91
12:32:29 [S6] GPU OK t=91 n=16
12:32:29 [S1] GPU OK 3840x2160 t=92
12:32:29 [S6] GPU OK t=92 n=16
12:32:29 [S1] GPU OK 3840x2160 t=93
12:32:29 [S6] GPU OK t=93 n=16
12:32:29 [S1] GPU OK 3840x2160 t=94
12:32:29 [S6] GPU OK t=94 n=16
12:32:29 [S1] GPU OK 3840x2160 t=95
12:32:29 [S6] GPU OK t=95 n=16
12:32:29 [S1] GPU OK 3840x2160 t=96
12:32:29 [S6] GPU OK t=96 n=16
12:32:29 [S1] GPU OK 3840x2160 t=97
12:32:29 [S6] GPU OK t=97 n=16
12:32:29 [S1] GPU OK 3840x2160 t=98
12:32:29 [S6] GPU OK t=98 n=16
12:32:29 [S1] GPU OK 3840x2160 t=99
12:32:29 [S6] GPU OK t=99 n=16
12:32:29 [S1] GPU OK 3840x2160 t=100
12:32:29 [S6] GPU OK t=100 n=16
12:32:29 [S1] GPU OK 3840x2160 t=101
12:32:29 [S6] GPU OK t=101 n=16
12:32:29 [S1] GPU OK 3840x2160 t=102
12:32:29 [S6] GPU OK t=102 n=16
12:32:29 [S1] GPU OK 3840x2160 t=103
12:32:29 [S6] GPU OK t=103 n=16
12:32:29 [S1] GPU OK 3840x2160 t=104
12:32:29 [S6] GPU OK t=104 n=16
12:32:29 [S1] GPU OK 3840x2160 t=105
12:32:29 [S6] GPU OK t=105 n=16
12:32:29 [S1] GPU OK 3840x2160 t=106
12:32:29 [S6] GPU OK t=106 n=16
12:32:29 [S1] GPU OK 3840x2160 t=107
12:32:29 [S6] GPU OK t=107 n=16
12:32:29 [S1] GPU OK 3840x2160 t=108
12:32:29 [S6] GPU OK t=108 n=16
12:32:29 [S1] GPU OK 3840x2160 t=109
12:32:29 [S6] GPU OK t=109 n=16
12:32:29 [S1] GPU OK 3840x2160 t=110
12:32:29 [S6] GPU OK t=110 n=16
12:32:29 [S1] GPU OK 3840x2160 t=111
12:32:29 [S6] GPU OK t=111 n=16
12:32:29 [S1] GPU OK 3840x2160 t=112
12:32:29 [S6] GPU OK t=112 n=16
12:32:29 [S1] GPU OK 3840x2160 t=113
12:32:29 [S6] GPU OK t=113 n=16
12:32:29 [S1] GPU OK 3840x2160 t=114
12:32:29 [S6] GPU OK t=114 n=16
12:32:29 [S1] GPU OK 3840x2160 t=115
12:32:29 [S6] GPU OK t=115 n=16
12:32:29 [S1] GPU OK 3840x2160 t=116
12:32:29 [S6] GPU OK t=116 n=16
12:32:29 [S1] GPU OK 3840x2160 t=117
12:32:29 [S6] GPU OK t=117 n=16
12:32:29 [S1] GPU OK 3840x2160 t=118
12:32:29 [S6] GPU OK t=118 n=16
12:32:29 [S1] GPU OK 3840x2160 t=119
12:32:29 [S6] GPU OK t=119 n=16
12:32:30 [S1] GPU OK 3840x2160 t=0
12:32:30 [S6] GPU OK t=0 n=16
12:32:30 [S1] GPU OK 3840x2160 t=0
12:32:30 [S6] GPU OK t=0 n=16
12:32:30 [S1] GPU OK 3840x2160 t=0
12:32:30 [S6] GPU OK t=0 n=16
12:32:30 [S1] GPU OK 3840x2160 t=0
12:32:30 [S6] GPU OK t=0 n=32
12:32:30 [S1] GPU OK 3840x2160 t=0
12:32:30 [S6] GPU OK t=0 n=32
12:32:30 [S1] GPU OK 3840x2160 t=0
12:32:30 [S6] GPU OK t=0 n=32
12:32:30 [S1] GPU OK 3840x2160 t=0
12:32:30 [S6] GPU OK t=0 n=32
12:32:31 [S1] GPU OK 3840x2160 t=0
12:32:31 [S6] GPU OK t=0 n=32
12:32:31 [S1] GPU OK 3840x2160 t=1
12:32:31 [S6] GPU OK t=1 n=32
12:32:31 [S1] GPU OK 3840x2160 t=2
12:32:31 [S6] GPU OK t=2 n=32
12:32:31 [S1] GPU OK 3840x2160 t=3
12:32:31 [S6] GPU OK t=3 n=32
12:32:31 [S1] GPU OK 3840x2160 t=4
12:32:31 [S6] GPU OK t=4 n=32
12:32:31 [S1] GPU OK 3840x2160 t=5
12:32:31 [S6] GPU OK t=5 n=32
12:32:31 [S1] GPU OK 3840x2160 t=6
12:32:31 [S6] GPU OK t=6 n=32
12:32:31 [S1] GPU OK 3840x2160 t=7
12:32:31 [S6] GPU OK t=7 n=32
12:32:31 [S1] GPU OK 3840x2160 t=8
12:32:31 [S6] GPU OK t=8 n=32
12:32:31 [S1] GPU OK 3840x2160 t=9
12:32:31 [S6] GPU OK t=9 n=32
12:32:31 [S1] GPU OK 3840x2160 t=10
12:32:31 [S6] GPU OK t=10 n=32
12:32:31 [S1] GPU OK 3840x2160 t=11
12:32:31 [S6] GPU OK t=11 n=32
12:32:31 [S1] GPU OK 3840x2160 t=12
12:32:31 [S6] GPU OK t=12 n=32
12:32:31 [S1] GPU OK 3840x2160 t=13
12:32:31 [S6] GPU OK t=13 n=32
12:32:31 [S1] GPU OK 3840x2160 t=14
12:32:31 [S6] GPU OK t=14 n=32
12:32:31 [S1] GPU OK 3840x2160 t=15
12:32:31 [S6] GPU OK t=15 n=32
12:32:31 [S1] GPU OK 3840x2160 t=16
12:32:31 [S6] GPU OK t=16 n=32
12:32:31 [S1] GPU OK 3840x2160 t=17
12:32:31 [S6] GPU OK t=17 n=32
12:32:31 [S1] GPU OK 3840x2160 t=18
12:32:31 [S6] GPU OK t=18 n=32
12:32:31 [S1] GPU OK 3840x2160 t=19
12:32:31 [S6] GPU OK t=19 n=32
12:32:31 [S1] GPU OK 3840x2160 t=20
12:32:31 [S6] GPU OK t=20 n=32
12:32:31 [S1] GPU OK 3840x2160 t=21
12:32:31 [S6] GPU OK t=21 n=32
12:32:31 [S1] GPU OK 3840x2160 t=22
12:32:31 [S6] GPU OK t=22 n=32
12:32:31 [S1] GPU OK 3840x2160 t=23
12:32:31 [S6] GPU OK t=23 n=32
12:32:31 [S1] GPU OK 3840x2160 t=24
12:32:31 [S6] GPU OK t=24 n=32
12:32:31 [S1] GPU OK 3840x2160 t=25
12:32:31 [S6] GPU OK t=25 n=32
12:32:31 [S1] GPU OK 3840x2160 t=26
12:32:31 [S6] GPU OK t=26 n=32
12:32:31 [S1] GPU OK 3840x2160 t=27
12:32:31 [S6] GPU OK t=27 n=32
12:32:31 [S1] GPU OK 3840x2160 t=28
12:32:31 [S6] GPU OK t=28 n=32
12:32:31 [S1] GPU OK 3840x2160 t=29
12:32:31 [S6] GPU OK t=29 n=32
12:32:31 [S1] GPU OK 3840x2160 t=30
12:32:31 [S6] GPU OK t=30 n=32
12:32:31 [S1] GPU OK 3840x2160 t=31
12:32:31 [S6] GPU OK t=31 n=32
12:32:31 [S1] GPU OK 3840x2160 t=32
12:32:31 [S6] GPU OK t=32 n=32
12:32:31 [S1] GPU OK 3840x2160 t=33
12:32:31 [S6] GPU OK t=33 n=32
12:32:31 [S1] GPU OK 3840x2160 t=34
12:32:31 [S6] GPU OK t=34 n=32
12:32:31 [S1] GPU OK 3840x2160 t=35
12:32:31 [S6] GPU OK t=35 n=32
12:32:31 [S1] GPU OK 3840x2160 t=36
12:32:31 [S6] GPU OK t=36 n=32
12:32:31 [S1] GPU OK 3840x2160 t=37
12:32:31 [S6] GPU OK t=37 n=32
12:32:31 [S1] GPU OK 3840x2160 t=38
12:32:31 [S6] GPU OK t=38 n=32
12:32:31 [S1] GPU OK 3840x2160 t=39
12:32:31 [S6] GPU OK t=39 n=32
12:32:31 [S1] GPU OK 3840x2160 t=40
12:32:31 [S6] GPU OK t=40 n=32
12:32:31 [S1] GPU OK 3840x2160 t=41
12:32:31 [S6] GPU OK t=41 n=32
12:32:31 [S1] GPU OK 3840x2160 t=42
12:32:31 [S6] GPU OK t=42 n=32
12:32:31 [S1] GPU OK 3840x2160 t=43
12:32:31 [S6] GPU OK t=43 n=32
12:32:31 [S1] GPU OK 3840x2160 t=44
12:32:31 [S6] GPU OK t=44 n=32
12:32:31 [S1] GPU OK 3840x2160 t=45
12:32:31 [S6] GPU OK t=45 n=32
12:32:31 [S1] GPU OK 3840x2160 t=46
12:32:31 [S6] GPU OK t=46 n=32
12:32:31 [S1] GPU OK 3840x2160 t=47
12:32:31 [S6] GPU OK t=47 n=32
12:32:31 [S1] GPU OK 3840x2160 t=48
12:32:31 [S6] GPU OK t=48 n=32
12:32:31 [S1] GPU OK 3840x2160 t=49
12:32:31 [S6] GPU OK t=49 n=32
12:32:31 [S1] GPU OK 3840x2160 t=50
12:32:31 [S6] GPU OK t=50 n=32
12:32:31 [S1] GPU OK 3840x2160 t=51
12:32:31 [S6] GPU OK t=51 n=32
12:32:31 [S1] GPU OK 3840x2160 t=52
12:32:31 [S6] GPU OK t=52 n=32
12:32:31 [S1] GPU OK 3840x2160 t=53
12:32:31 [S6] GPU OK t=53 n=32
12:32:32 [S1] GPU OK 3840x2160 t=54
12:32:32 [S6] GPU OK t=54 n=32
12:32:32 [S1] GPU OK 3840x2160 t=55
12:32:32 [S6] GPU OK t=55 n=32
12:32:32 [S1] GPU OK 3840x2160 t=56
12:32:32 [S6] GPU OK t=56 n=32
12:32:32 [S1] GPU OK 3840x2160 t=57
12:32:32 [S6] GPU OK t=57 n=32
12:32:32 [S1] GPU OK 3840x2160 t=58
12:32:32 [S6] GPU OK t=58 n=32
12:32:32 [S1] GPU OK 3840x2160 t=59
12:32:32 [S6] GPU OK t=59 n=32
12:32:32 [S1] GPU OK 3840x2160 t=60
12:32:32 [S6] GPU OK t=60 n=32
12:32:32 [S1] GPU OK 3840x2160 t=61
12:32:32 [S6] GPU OK t=61 n=32
12:32:32 [S1] GPU OK 3840x2160 t=62
12:32:32 [S6] GPU OK t=62 n=32
12:32:32 [S1] GPU OK 3840x2160 t=63
12:32:32 [S6] GPU OK t=63 n=32
12:32:32 [S1] GPU OK 3840x2160 t=64
12:32:32 [S6] GPU OK t=64 n=32
12:32:32 [S1] GPU OK 3840x2160 t=65
12:32:32 [S6] GPU OK t=65 n=32
12:32:32 [S1] GPU OK 3840x2160 t=66
12:32:32 [S6] GPU OK t=66 n=32
12:32:32 [S1] GPU OK 3840x2160 t=67
12:32:32 [S6] GPU OK t=67 n=32
12:32:32 [S1] GPU OK 3840x2160 t=68
12:32:32 [S6] GPU OK t=68 n=32
12:32:32 [S1] GPU OK 3840x2160 t=69
12:32:32 [S6] GPU OK t=69 n=32
12:32:32 [S1] GPU OK 3840x2160 t=70
12:32:32 [S6] GPU OK t=70 n=32
12:32:32 [S1] GPU OK 3840x2160 t=71
12:32:32 [S6] GPU OK t=71 n=32
12:32:32 [S1] GPU OK 3840x2160 t=72
12:32:32 [S6] GPU OK t=72 n=32
12:32:32 [S1] GPU OK 3840x2160 t=73
12:32:32 [S6] GPU OK t=73 n=32
12:32:32 [S1] GPU OK 3840x2160 t=74
12:32:32 [S6] GPU OK t=74 n=32
12:32:32 [S1] GPU OK 3840x2160 t=75
12:32:32 [S6] GPU OK t=75 n=32
12:32:32 [S1] GPU OK 3840x2160 t=76
12:32:32 [S6] GPU OK t=76 n=32
12:32:32 [S1] GPU OK 3840x2160 t=77
12:32:32 [S6] GPU OK t=77 n=32
12:32:32 [S1] GPU OK 3840x2160 t=78
12:32:32 [S6] GPU OK t=78 n=32
12:32:32 [S1] GPU OK 3840x2160 t=79
12:32:32 [S6] GPU OK t=79 n=32
12:32:32 [S1] GPU OK 3840x2160 t=80
12:32:32 [S6] GPU OK t=80 n=32
12:32:32 [S1] GPU OK 3840x2160 t=81
12:32:32 [S6] GPU OK t=81 n=32
12:32:32 [S1] GPU OK 3840x2160 t=82
12:32:32 [S6] GPU OK t=82 n=32
12:32:32 [S1] GPU OK 3840x2160 t=83
12:32:32 [S6] GPU OK t=83 n=32
12:32:32 [S1] GPU OK 3840x2160 t=84
12:32:32 [S6] GPU OK t=84 n=32
12:32:32 [S1] GPU OK 3840x2160 t=85
12:32:32 [S6] GPU OK t=85 n=32
12:32:32 [S1] GPU OK 3840x2160 t=86
12:32:32 [S6] GPU OK t=86 n=32
12:32:32 [S1] GPU OK 3840x2160 t=87
12:32:32 [S6] GPU OK t=87 n=32
12:32:32 [S1] GPU OK 3840x2160 t=88
12:32:32 [S6] GPU OK t=88 n=32
12:32:32 [S1] GPU OK 3840x2160 t=89
12:32:32 [S6] GPU OK t=89 n=32
12:32:32 [S1] GPU OK 3840x2160 t=90
12:32:32 [S6] GPU OK t=90 n=32
12:32:32 [S1] GPU OK 3840x2160 t=91
12:32:32 [S6] GPU OK t=91 n=32
12:32:32 [S1] GPU OK 3840x2160 t=92
12:32:32 [S6] GPU OK t=92 n=32
12:32:32 [S1] GPU OK 3840x2160 t=93
12:32:32 [S6] GPU OK t=93 n=32
12:32:32 [S1] GPU OK 3840x2160 t=94
12:32:32 [S6] GPU OK t=94 n=32
12:32:32 [S1] GPU OK 3840x2160 t=95
12:32:32 [S6] GPU OK t=95 n=32
12:32:32 [S1] GPU OK 3840x2160 t=96
12:32:32 [S6] GPU OK t=96 n=32
12:32:32 [S1] GPU OK 3840x2160 t=97
12:32:32 [S6] GPU OK t=97 n=32
12:32:32 [S1] GPU OK 3840x2160 t=98
12:32:32 [S6] GPU OK t=98 n=32
12:32:33 [S1] GPU OK 3840x2160 t=99
12:32:33 [S6] GPU OK t=99 n=32
12:32:33 [S1] GPU OK 3840x2160 t=100
12:32:33 [S6] GPU OK t=100 n=32
12:32:33 [S1] GPU OK 3840x2160 t=101
12:32:33 [S6] GPU OK t=101 n=32
12:32:33 [S1] GPU OK 3840x2160 t=102
12:32:33 [S6] GPU OK t=102 n=32
12:32:33 [S1] GPU OK 3840x2160 t=103
12:32:33 [S6] GPU OK t=103 n=32
12:32:33 [S1] GPU OK 3840x2160 t=104
12:32:33 [S6] GPU OK t=104 n=32
12:32:33 [S1] GPU OK 3840x2160 t=105
12:32:33 [S6] GPU OK t=105 n=32
12:32:33 [S1] GPU OK 3840x2160 t=106
12:32:33 [S6] GPU OK t=106 n=32
12:32:33 [S1] GPU OK 3840x2160 t=107
12:32:33 [S6] GPU OK t=107 n=32
12:32:33 [S1] GPU OK 3840x2160 t=108
12:32:33 [S6] GPU OK t=108 n=32
12:32:33 [S1] GPU OK 3840x2160 t=109
12:32:33 [S6] GPU OK t=109 n=32
12:32:33 [S1] GPU OK 3840x2160 t=110
12:32:33 [S6] GPU OK t=110 n=32
12:32:33 [S1] GPU OK 3840x2160 t=111
12:32:33 [S6] GPU OK t=111 n=32
12:32:33 [S1] GPU OK 3840x2160 t=112
12:32:33 [S6] GPU OK t=112 n=32
12:32:33 [S1] GPU OK 3840x2160 t=113
12:32:33 [S6] GPU OK t=113 n=32
12:32:33 [S1] GPU OK 3840x2160 t=114
12:32:33 [S6] GPU OK t=114 n=32
12:32:33 [S1] GPU OK 3840x2160 t=115
12:32:33 [S6] GPU OK t=115 n=32
12:32:33 [S1] GPU OK 3840x2160 t=116
12:32:33 [S6] GPU OK t=116 n=32
12:32:33 [S1] GPU OK 3840x2160 t=117
12:32:33 [S6] GPU OK t=117 n=32
12:32:33 [S1] GPU OK 3840x2160 t=118
12:32:33 [S6] GPU OK t=118 n=32
12:32:33 [S1] GPU OK 3840x2160 t=119
12:32:33 [S6] GPU OK t=119 n=32
12:32:33 [S1] GPU OK 3840x2160 t=0
12:32:33 [S6] GPU OK t=0 n=32
12:32:34 [S1] GPU OK 3840x2160 t=0
12:32:34 [S6] GPU OK t=0 n=32
12:32:34 [S1] GPU OK 3840x2160 t=0
12:32:34 [S6] GPU OK t=0 n=32
12:32:34 [S1] GPU OK 3840x2160 t=0
12:32:34 [S6] GPU OK t=0 n=32
12:32:34 [S1] GPU OK 3840x2160 t=0
12:32:34 [S1] GPU OK 3840x2160 t=0
12:32:34 [S1] GPU OK 3840x2160 t=0
12:32:34 [S1] GPU OK 3840x2160 t=0
12:32:34 [S1] GPU OK 3840x2160 t=0
12:32:34 [S1] GPU OK 3840x2160 t=1
12:32:34 [S1] GPU OK 3840x2160 t=2
12:32:34 [S1] GPU OK 3840x2160 t=3
12:32:34 [S1] GPU OK 3840x2160 t=4
12:32:34 [S1] GPU OK 3840x2160 t=5
12:32:34 [S1] GPU OK 3840x2160 t=6
12:32:34 [S1] GPU OK 3840x2160 t=7
12:32:34 [S1] GPU OK 3840x2160 t=8
12:32:34 [S1] GPU OK 3840x2160 t=9
12:32:34 [S1] GPU OK 3840x2160 t=10
12:32:34 [S1] GPU OK 3840x2160 t=11
12:32:34 [S1] GPU OK 3840x2160 t=12
12:32:34 [S1] GPU OK 3840x2160 t=13
12:32:34 [S1] GPU OK 3840x2160 t=14
12:32:34 [S1] GPU OK 3840x2160 t=15
12:32:34 [S1] GPU OK 3840x2160 t=16
12:32:34 [S1] GPU OK 3840x2160 t=17
12:32:34 [S1] GPU OK 3840x2160 t=18
12:32:34 [S1] GPU OK 3840x2160 t=19
12:32:34 [S1] GPU OK 3840x2160 t=20
12:32:35 [S1] GPU OK 3840x2160 t=21
12:32:35 [S1] GPU OK 3840x2160 t=22
12:32:35 [S1] GPU OK 3840x2160 t=23
12:32:35 [S1] GPU OK 3840x2160 t=24
12:32:35 [S1] GPU OK 3840x2160 t=25
12:32:35 [S1] GPU OK 3840x2160 t=26
12:32:35 [S1] GPU OK 3840x2160 t=27
12:32:35 [S1] GPU OK 3840x2160 t=28
12:32:35 [S1] GPU OK 3840x2160 t=29
12:32:35 [S1] GPU OK 3840x2160 t=30
12:32:35 [S1] GPU OK 3840x2160 t=31
12:32:35 [S1] GPU OK 3840x2160 t=32
12:32:35 [S1] GPU OK 3840x2160 t=33
12:32:35 [S1] GPU OK 3840x2160 t=34
12:32:35 [S1] GPU OK 3840x2160 t=35
12:32:35 [S1] GPU OK 3840x2160 t=36
12:32:35 [S1] GPU OK 3840x2160 t=37
12:32:35 [S1] GPU OK 3840x2160 t=38
12:32:35 [S1] GPU OK 3840x2160 t=39
12:32:35 [S1] GPU OK 3840x2160 t=40
12:32:35 [S1] GPU OK 3840x2160 t=41
12:32:35 [S1] GPU OK 3840x2160 t=42
12:32:35 [S1] GPU OK 3840x2160 t=43
12:32:35 [S1] GPU OK 3840x2160 t=44
12:32:35 [S1] GPU OK 3840x2160 t=45
12:32:35 [S1] GPU OK 3840x2160 t=46
12:32:35 [S1] GPU OK 3840x2160 t=47
12:32:35 [S1] GPU OK 3840x2160 t=48
12:32:35 [S1] GPU OK 3840x2160 t=49
12:32:35 [S1] GPU OK 3840x2160 t=50
12:32:35 [S1] GPU OK 3840x2160 t=51
12:32:35 [S1] GPU OK 3840x2160 t=52
12:32:35 [S1] GPU OK 3840x2160 t=53
12:32:35 [S1] GPU OK 3840x2160 t=54
12:32:35 [S1] GPU OK 3840x2160 t=55
12:32:35 [S1] GPU OK 3840x2160 t=56
12:32:35 [S1] GPU OK 3840x2160 t=57
12:32:35 [S1] GPU OK 3840x2160 t=58
12:32:35 [S1] GPU OK 3840x2160 t=59
12:32:35 [S1] GPU OK 3840x2160 t=60
12:32:35 [S1] GPU OK 3840x2160 t=61
12:32:35 [S1] GPU OK 3840x2160 t=62
12:32:35 [S1] GPU OK 3840x2160 t=63
12:32:35 [S1] GPU OK 3840x2160 t=64
12:32:35 [S1] GPU OK 3840x2160 t=65
12:32:35 [S1] GPU OK 3840x2160 t=66
12:32:35 [S1] GPU OK 3840x2160 t=67
12:32:36 [S1] GPU OK 3840x2160 t=68
12:32:36 [S1] GPU OK 3840x2160 t=69
12:32:36 [S1] GPU OK 3840x2160 t=70
12:32:36 [S1] GPU OK 3840x2160 t=71
12:32:36 [S1] GPU OK 3840x2160 t=72
12:32:36 [S1] GPU OK 3840x2160 t=73
12:32:36 [S1] GPU OK 3840x2160 t=74
12:32:36 [S1] GPU OK 3840x2160 t=75
12:32:36 [S1] GPU OK 3840x2160 t=76
12:32:36 [S1] GPU OK 3840x2160 t=77
12:32:36 [S1] GPU OK 3840x2160 t=78
12:32:36 [S1] GPU OK 3840x2160 t=79
12:32:36 [S1] GPU OK 3840x2160 t=80
12:32:36 [S1] GPU OK 3840x2160 t=81
12:32:36 [S1] GPU OK 3840x2160 t=82
12:32:36 [S1] GPU OK 3840x2160 t=83
12:32:36 [S1] GPU OK 3840x2160 t=84
12:32:36 [S1] GPU OK 3840x2160 t=85
12:32:36 [S1] GPU OK 3840x2160 t=86
12:32:36 [S1] GPU OK 3840x2160 t=87
12:32:36 [S1] GPU OK 3840x2160 t=88
12:32:36 [S1] GPU OK 3840x2160 t=89
12:32:36 [S1] GPU OK 3840x2160 t=90
12:32:36 [S1] GPU OK 3840x2160 t=91
12:32:36 [S1] GPU OK 3840x2160 t=92
12:32:36 [S1] GPU OK 3840x2160 t=93
12:32:36 [S1] GPU OK 3840x2160 t=94
12:32:36 [S1] GPU OK 3840x2160 t=95
12:32:36 [S1] GPU OK 3840x2160 t=96
12:32:36 [S1] GPU OK 3840x2160 t=97
12:32:36 [S1] GPU OK 3840x2160 t=98
12:32:36 [S1] GPU OK 3840x2160 t=99
12:32:36 [S1] GPU OK 3840x2160 t=100
12:32:36 [S1] GPU OK 3840x2160 t=101
12:32:36 [S1] GPU OK 3840x2160 t=102
12:32:36 [S1] GPU OK 3840x2160 t=103
12:32:36 [S1] GPU OK 3840x2160 t=104
12:32:36 [S1] GPU OK 3840x2160 t=105
12:32:36 [S1] GPU OK 3840x2160 t=106
12:32:36 [S1] GPU OK 3840x2160 t=107
12:32:36 [S1] GPU OK 3840x2160 t=108
12:32:36 [S1] GPU OK 3840x2160 t=109
12:32:36 [S1] GPU OK 3840x2160 t=110
12:32:36 [S1] GPU OK 3840x2160 t=111
12:32:36 [S1] GPU OK 3840x2160 t=112
12:32:36 [S1] GPU OK 3840x2160 t=113
12:32:37 [S1] GPU OK 3840x2160 t=114
12:32:37 [S1] GPU OK 3840x2160 t=115
12:32:37 [S1] GPU OK 3840x2160 t=116
12:32:37 [S1] GPU OK 3840x2160 t=117
12:32:37 [S1] GPU OK 3840x2160 t=118
12:32:37 [S1] GPU OK 3840x2160 t=119
12:32:37 [S1] GPU OK 3840x2160 t=0
12:32:37 [S1] GPU OK 3840x2160 t=0
12:32:37 [S1] GPU OK 3840x2160 t=0
12:32:37 [S1] GPU OK 3840x2160 t=0
12:32:37 [S1] GPU OK 3840x2160 t=0
12:32:37 [S1] GPU OK 3840x2160 t=0
12:32:37 [S1] GPU OK 3840x2160 t=0
12:32:38 [S1] GPU OK 3840x2160 t=0
12:32:38 [S1] GPU OK 3840x2160 t=0
12:32:38 [S1] GPU OK 3840x2160 t=0
12:32:38 [S1] GPU OK 3840x2160 t=0
12:32:38 [S1] GPU OK 3840x2160 t=1
12:32:38 [S1] GPU OK 3840x2160 t=2
12:32:38 [S1] GPU OK 3840x2160 t=3
12:32:38 [S1] GPU OK 3840x2160 t=4
12:32:38 [S1] GPU OK 3840x2160 t=5
12:32:38 [S1] GPU OK 3840x2160 t=6
12:32:38 [S1] GPU OK 3840x2160 t=7
12:32:38 [S1] GPU OK 3840x2160 t=8
12:32:38 [S1] GPU OK 3840x2160 t=9
12:32:38 [S1] GPU OK 3840x2160 t=10
12:32:38 [S1] GPU OK 3840x2160 t=11
12:32:38 [S1] GPU OK 3840x2160 t=12
12:32:38 [S1] GPU OK 3840x2160 t=13
12:32:38 [S1] GPU OK 3840x2160 t=14
12:32:38 [S1] GPU OK 3840x2160 t=15
12:32:38 [S1] GPU OK 3840x2160 t=16
12:32:38 [S1] GPU OK 3840x2160 t=17
12:32:38 [S1] GPU OK 3840x2160 t=18
12:32:38 [S1] GPU OK 3840x2160 t=19
12:32:38 [S1] GPU OK 3840x2160 t=20
12:32:38 [S1] GPU OK 3840x2160 t=21
12:32:38 [S1] GPU OK 3840x2160 t=22
12:32:38 [S1] GPU OK 3840x2160 t=23
12:32:38 [S1] GPU OK 3840x2160 t=24
12:32:38 [S1] GPU OK 3840x2160 t=25
12:32:38 [S1] GPU OK 3840x2160 t=26
12:32:38 [S1] GPU OK 3840x2160 t=27
12:32:38 [S1] GPU OK 3840x2160 t=28
12:32:38 [S1] GPU OK 3840x2160 t=29
12:32:38 [S1] GPU OK 3840x2160 t=30
12:32:38 [S1] GPU OK 3840x2160 t=31
12:32:38 [S1] GPU OK 3840x2160 t=32
12:32:38 [S1] GPU OK 3840x2160 t=33
12:32:38 [S1] GPU OK 3840x2160 t=34
12:32:38 [S1] GPU OK 3840x2160 t=35
12:32:38 [S1] GPU OK 3840x2160 t=36
12:32:38 [S1] GPU OK 3840x2160 t=37
12:32:38 [S1] GPU OK 3840x2160 t=38
12:32:38 [S1] GPU OK 3840x2160 t=39
12:32:38 [S1] GPU OK 3840x2160 t=40
12:32:38 [S1] GPU OK 3840x2160 t=41
12:32:38 [S1] GPU OK 3840x2160 t=42
12:32:38 [S1] GPU OK 3840x2160 t=43
12:32:39 [S1] GPU OK 3840x2160 t=44
12:32:39 [S1] GPU OK 3840x2160 t=45
12:32:39 [S1] GPU OK 3840x2160 t=46
12:32:39 [S1] GPU OK 3840x2160 t=47
12:32:39 [S1] GPU OK 3840x2160 t=48
12:32:39 [S1] GPU OK 3840x2160 t=49
12:32:39 [S1] GPU OK 3840x2160 t=50
12:32:39 [S1] GPU OK 3840x2160 t=51
12:32:39 [S1] GPU OK 3840x2160 t=52
12:32:39 [S1] GPU OK 3840x2160 t=53
12:32:39 [S1] GPU OK 3840x2160 t=54
12:32:39 [S1] GPU OK 3840x2160 t=55
12:32:39 [S1] GPU OK 3840x2160 t=56
12:32:39 [S1] GPU OK 3840x2160 t=57
12:32:39 [S1] GPU OK 3840x2160 t=58
12:32:39 [S1] GPU OK 3840x2160 t=59
12:32:39 [S1] GPU OK 3840x2160 t=60
12:32:39 [S1] GPU OK 3840x2160 t=61
12:32:39 [S1] GPU OK 3840x2160 t=62
12:32:39 [S1] GPU OK 3840x2160 t=63
12:32:39 [S1] GPU OK 3840x2160 t=64
12:32:39 [S1] GPU OK 3840x2160 t=65
12:32:39 [S1] GPU OK 3840x2160 t=66
12:32:39 [S1] GPU OK 3840x2160 t=67
12:32:39 [S1] GPU OK 3840x2160 t=68
12:32:39 [S1] GPU OK 3840x2160 t=69
12:32:39 [S1] GPU OK 3840x2160 t=70
12:32:39 [S1] GPU OK 3840x2160 t=71
12:32:39 [S1] GPU OK 3840x2160 t=72
12:32:39 [S1] GPU OK 3840x2160 t=73
12:32:39 [S1] GPU OK 3840x2160 t=74
12:32:39 [S1] GPU OK 3840x2160 t=75
12:32:39 [S1] GPU OK 3840x2160 t=76
12:32:39 [S1] GPU OK 3840x2160 t=77
12:32:39 [S1] GPU OK 3840x2160 t=78
12:32:39 [S1] GPU OK 3840x2160 t=79
12:32:39 [S1] GPU OK 3840x2160 t=80
12:32:39 [S1] GPU OK 3840x2160 t=81
12:32:39 [S1] GPU OK 3840x2160 t=82
12:32:39 [S1] GPU OK 3840x2160 t=83
12:32:39 [S1] GPU OK 3840x2160 t=84
12:32:39 [S1] GPU OK 3840x2160 t=85
12:32:39 [S1] GPU OK 3840x2160 t=86
12:32:39 [S1] GPU OK 3840x2160 t=87
12:32:39 [S1] GPU OK 3840x2160 t=88
12:32:39 [S1] GPU OK 3840x2160 t=89
12:32:39 [S1] GPU OK 3840x2160 t=90
12:32:39 [S1] GPU OK 3840x2160 t=91
12:32:39 [S1] GPU OK 3840x2160 t=92
12:32:39 [S1] GPU OK 3840x2160 t=93
12:32:40 [S1] GPU OK 3840x2160 t=94
12:32:40 [S1] GPU OK 3840x2160 t=95
12:32:40 [S1] GPU OK 3840x2160 t=97
12:32:40 [S1] GPU OK 3840x2160 t=96
12:32:40 [S1] GPU OK 3840x2160 t=98
12:32:40 [S1] GPU OK 3840x2160 t=99
12:32:40 [S1] GPU OK 3840x2160 t=100
12:32:40 [S1] GPU OK 3840x2160 t=101
12:32:40 [S1] GPU OK 3840x2160 t=102
12:32:40 [S1] GPU OK 3840x2160 t=103
12:32:40 [S1] GPU OK 3840x2160 t=104
12:32:40 [S1] GPU OK 3840x2160 t=105
12:32:40 [S1] GPU OK 3840x2160 t=106
12:32:40 [S1] GPU OK 3840x2160 t=107
12:32:40 [S1] GPU OK 3840x2160 t=108
12:32:40 [S1] GPU OK 3840x2160 t=109
12:32:40 [S1] GPU OK 3840x2160 t=110
12:32:40 [S1] GPU OK 3840x2160 t=111
12:32:40 [S1] GPU OK 3840x2160 t=112
12:32:40 [S1] GPU OK 3840x2160 t=113
12:32:40 [S1] GPU OK 3840x2160 t=114
12:32:40 [S1] GPU OK 3840x2160 t=115
12:32:40 [S1] GPU OK 3840x2160 t=116
12:32:40 [S1] GPU OK 3840x2160 t=117
12:32:40 [S1] GPU OK 3840x2160 t=118
12:32:40 [S1] GPU OK 3840x2160 t=119
12:32:40 [S1] GPU OK 3840x2160 t=0
12:32:41 [S1] GPU OK 3840x2160 t=0
12:32:41 [S1] GPU OK 3840x2160 t=0
12:32:41 [S1] GPU OK 3840x2160 t=0
12:32:41 [S1] GPU OK 3840x2160 t=0
12:32:50 [S1] GPU OK 3840x2160 t=0
12:32:50 [S6] GPU OK t=0 n=32
12:32:50 [S6] GPU OK t=0 n=32
12:32:50 [S6] GPU OK t=0 n=32
12:32:50 [S6] GPU OK t=0 n=32
12:32:50 [S6] GPU OK t=0 n=32
12:32:50 [S6] GPU OK t=0 n=32
12:32:50 [S6] GPU OK t=0 n=32
12:32:50 [S6] GPU OK t=0 n=32
12:32:50 [S1] GPU OK 3840x2160 t=0
12:32:50 [S6] GPU OK t=0 n=32
12:32:50 [S6] GPU OK t=0 n=32
12:32:51 [S6] GPU OK t=0 n=32
12:32:51 [S6] GPU OK t=0 n=32
12:32:51 [S6] GPU OK t=0 n=32
12:32:51 [S6] GPU OK t=0 n=32
12:32:51 [S6] GPU OK t=0 n=32
12:32:51 [S6] GPU OK t=0 n=32
12:32:51 [S1] GPU OK 3840x2160 t=0
12:32:51 [S6] GPU OK t=0 n=32
12:32:51 [S6] GPU OK t=0 n=32
12:32:51 [S6] GPU OK t=0 n=32
12:32:51 [S6] GPU OK t=0 n=32
12:32:51 [S6] GPU OK t=0 n=32
12:32:51 [S6] GPU OK t=0 n=32
12:32:51 [S6] GPU OK t=0 n=32
12:32:51 [S6] GPU OK t=0 n=32
12:32:51 [S1] GPU OK 3840x2160 t=0
12:32:51 [S6] GPU OK t=0 n=32
12:32:51 [S6] GPU OK t=0 n=32
12:32:51 [S6] GPU OK t=0 n=32
12:32:51 [S6] GPU OK t=0 n=32
12:32:51 [S6] GPU OK t=0 n=32
12:32:51 [S6] GPU OK t=0 n=32
12:32:51 [S6] GPU OK t=0 n=32
12:32:51 [S6] GPU OK t=0 n=32
12:32:51 [S1] GPU OK 3840x2160 t=1
12:32:51 [S6] GPU OK t=1 n=32
12:32:51 [S6] GPU OK t=1 n=32
12:32:51 [S6] GPU OK t=1 n=32
12:32:51 [S6] GPU OK t=1 n=32
12:32:51 [S6] GPU OK t=1 n=32
12:32:51 [S6] GPU OK t=1 n=32
12:32:51 [S6] GPU OK t=1 n=32
12:32:51 [S6] GPU OK t=1 n=32
12:32:51 [S1] GPU OK 3840x2160 t=2
12:32:51 [S6] GPU OK t=2 n=32
12:32:51 [S6] GPU OK t=2 n=32
12:32:51 [S6] GPU OK t=2 n=32
12:32:51 [S6] GPU OK t=2 n=32
12:32:51 [S6] GPU OK t=2 n=32
12:32:51 [S6] GPU OK t=2 n=32
12:32:51 [S6] GPU OK t=2 n=32
12:32:51 [S6] GPU OK t=2 n=32
12:32:51 [S1] GPU OK 3840x2160 t=3
12:32:51 [S6] GPU OK t=3 n=32
12:32:51 [S6] GPU OK t=3 n=32
12:32:51 [S6] GPU OK t=3 n=32
12:32:51 [S6] GPU OK t=3 n=32
12:32:51 [S6] GPU OK t=3 n=32
12:32:51 [S6] GPU OK t=3 n=32
12:32:51 [S6] GPU OK t=3 n=32
12:32:51 [S6] GPU OK t=3 n=32
12:32:51 [S1] GPU OK 3840x2160 t=4
12:32:51 [S6] GPU OK t=4 n=32
12:32:51 [S6] GPU OK t=4 n=32
12:32:51 [S6] GPU OK t=4 n=32
12:32:51 [S6] GPU OK t=4 n=32
12:32:51 [S6] GPU OK t=4 n=32
12:32:51 [S6] GPU OK t=4 n=32
12:32:51 [S6] GPU OK t=4 n=32
12:32:51 [S6] GPU OK t=4 n=32
12:32:51 [S1] GPU OK 3840x2160 t=5
12:32:51 [S6] GPU OK t=5 n=32
12:32:51 [S6] GPU OK t=5 n=32
12:32:51 [S6] GPU OK t=5 n=32
12:32:51 [S6] GPU OK t=5 n=32
12:32:51 [S6] GPU OK t=5 n=32
12:32:51 [S6] GPU OK t=5 n=32
12:32:51 [S6] GPU OK t=5 n=32
12:32:51 [S6] GPU OK t=5 n=32
12:32:51 [S1] GPU OK 3840x2160 t=6
12:32:51 [S6] GPU OK t=6 n=32
12:32:51 [S6] GPU OK t=6 n=32
12:32:51 [S6] GPU OK t=6 n=32
12:32:51 [S6] GPU OK t=6 n=32
12:32:51 [S6] GPU OK t=6 n=32
12:32:51 [S6] GPU OK t=6 n=32
12:32:51 [S6] GPU OK t=6 n=32
12:32:51 [S6] GPU OK t=6 n=32
12:32:51 [S1] GPU OK 3840x2160 t=7
12:32:51 [S6] GPU OK t=7 n=32
12:32:51 [S6] GPU OK t=7 n=32
12:32:51 [S6] GPU OK t=7 n=32
12:32:51 [S6] GPU OK t=7 n=32
12:32:51 [S6] GPU OK t=7 n=32
12:32:51 [S6] GPU OK t=7 n=32
12:32:51 [S6] GPU OK t=7 n=32
12:32:51 [S6] GPU OK t=7 n=32
12:32:51 [S1] GPU OK 3840x2160 t=8
12:32:51 [S6] GPU OK t=8 n=32
12:32:51 [S6] GPU OK t=8 n=32
12:32:51 [S6] GPU OK t=8 n=32
12:32:51 [S6] GPU OK t=8 n=32
12:32:51 [S6] GPU OK t=8 n=32
12:32:51 [S6] GPU OK t=8 n=32
12:32:51 [S6] GPU OK t=8 n=32
12:32:51 [S6] GPU OK t=8 n=32
12:32:51 [S1] GPU OK 3840x2160 t=9
12:32:51 [S6] GPU OK t=9 n=32
12:32:51 [S6] GPU OK t=9 n=32
12:32:51 [S6] GPU OK t=9 n=32
12:32:51 [S6] GPU OK t=9 n=32
12:32:51 [S6] GPU OK t=9 n=32
12:32:51 [S6] GPU OK t=9 n=32
12:32:51 [S6] GPU OK t=9 n=32
12:32:51 [S6] GPU OK t=9 n=32
12:32:51 [S1] GPU OK 3840x2160 t=10
12:32:51 [S6] GPU OK t=10 n=32
12:32:51 [S6] GPU OK t=10 n=32
12:32:51 [S6] GPU OK t=10 n=32
12:32:51 [S6] GPU OK t=10 n=32
12:32:51 [S6] GPU OK t=10 n=32
12:32:51 [S6] GPU OK t=10 n=32
12:32:51 [S6] GPU OK t=10 n=32
12:32:51 [S6] GPU OK t=10 n=32
12:32:51 [S1] GPU OK 3840x2160 t=11
12:32:51 [S6] GPU OK t=11 n=32
12:32:51 [S6] GPU OK t=11 n=32
12:32:51 [S6] GPU OK t=11 n=32
12:32:51 [S6] GPU OK t=11 n=32
12:32:51 [S6] GPU OK t=11 n=32
12:32:51 [S6] GPU OK t=11 n=32
12:32:51 [S6] GPU OK t=11 n=32
12:32:51 [S6] GPU OK t=11 n=32
12:32:51 [S1] GPU OK 3840x2160 t=12
12:32:51 [S6] GPU OK t=12 n=32
12:32:51 [S6] GPU OK t=12 n=32
12:32:51 [S6] GPU OK t=12 n=32
12:32:51 [S6] GPU OK t=12 n=32
12:32:51 [S6] GPU OK t=12 n=32
12:32:51 [S6] GPU OK t=12 n=32
12:32:51 [S6] GPU OK t=12 n=32
12:32:51 [S6] GPU OK t=12 n=32
12:32:51 [S1] GPU OK 3840x2160 t=13
12:32:51 [S6] GPU OK t=13 n=32
12:32:51 [S6] GPU OK t=13 n=32
12:32:51 [S6] GPU OK t=13 n=32
12:32:51 [S6] GPU OK t=13 n=32
12:32:51 [S6] GPU OK t=13 n=32
12:32:51 [S6] GPU OK t=13 n=32
12:32:51 [S6] GPU OK t=13 n=32
12:32:51 [S6] GPU OK t=13 n=32
12:32:51 [S1] GPU OK 3840x2160 t=14
12:32:51 [S6] GPU OK t=14 n=32
12:32:51 [S6] GPU OK t=14 n=32
12:32:51 [S6] GPU OK t=14 n=32
12:32:51 [S6] GPU OK t=14 n=32
12:32:51 [S6] GPU OK t=14 n=32
12:32:51 [S6] GPU OK t=14 n=32
12:32:51 [S6] GPU OK t=14 n=32
12:32:51 [S6] GPU OK t=14 n=32
12:32:51 [S1] GPU OK 3840x2160 t=15
12:32:51 [S6] GPU OK t=15 n=32
12:32:51 [S6] GPU OK t=15 n=32
12:32:51 [S6] GPU OK t=15 n=32
12:32:51 [S6] GPU OK t=15 n=32
12:32:51 [S6] GPU OK t=15 n=32
12:32:51 [S6] GPU OK t=15 n=32
12:32:51 [S6] GPU OK t=15 n=32
12:32:51 [S6] GPU OK t=15 n=32
12:32:51 [S1] GPU OK 3840x2160 t=16
12:32:51 [S6] GPU OK t=16 n=32
12:32:51 [S6] GPU OK t=16 n=32
12:32:51 [S6] GPU OK t=16 n=32
12:32:52 [S6] GPU OK t=16 n=32
12:32:52 [S6] GPU OK t=16 n=32
12:32:52 [S6] GPU OK t=16 n=32
12:32:52 [S6] GPU OK t=16 n=32
12:32:52 [S6] GPU OK t=16 n=32
12:32:52 [S1] GPU OK 3840x2160 t=17
12:32:52 [S6] GPU OK t=17 n=32
12:32:52 [S6] GPU OK t=17 n=32
12:32:52 [S6] GPU OK t=17 n=32
12:32:52 [S6] GPU OK t=17 n=32
12:32:52 [S6] GPU OK t=17 n=32
12:32:52 [S6] GPU OK t=17 n=32
12:32:52 [S6] GPU OK t=17 n=32
12:32:52 [S6] GPU OK t=17 n=32
12:32:52 [S1] GPU OK 3840x2160 t=18
12:32:52 [S6] GPU OK t=18 n=32
12:32:52 [S6] GPU OK t=18 n=32
12:32:52 [S6] GPU OK t=18 n=32
12:32:52 [S6] GPU OK t=18 n=32
12:32:52 [S6] GPU OK t=18 n=32
12:32:52 [S6] GPU OK t=18 n=32
12:32:52 [S6] GPU OK t=18 n=32
12:32:52 [S6] GPU OK t=18 n=32
12:32:52 [S1] GPU OK 3840x2160 t=19
12:32:52 [S6] GPU OK t=19 n=32
12:32:52 [S6] GPU OK t=19 n=32
12:32:52 [S6] GPU OK t=19 n=32
12:32:52 [S6] GPU OK t=19 n=32
12:32:52 [S6] GPU OK t=19 n=32
12:32:52 [S6] GPU OK t=19 n=32
12:32:52 [S6] GPU OK t=19 n=32
12:32:52 [S6] GPU OK t=19 n=32
12:32:52 [S1] GPU OK 3840x2160 t=20
12:32:52 [S6] GPU OK t=20 n=32
12:32:52 [S6] GPU OK t=20 n=32
12:32:52 [S6] GPU OK t=20 n=32
12:32:52 [S6] GPU OK t=20 n=32
12:32:52 [S6] GPU OK t=20 n=32
12:32:52 [S6] GPU OK t=20 n=32
12:32:52 [S6] GPU OK t=20 n=32
12:32:52 [S6] GPU OK t=20 n=32
12:32:52 [S1] GPU OK 3840x2160 t=21
12:32:52 [S6] GPU OK t=21 n=32
12:32:52 [S6] GPU OK t=21 n=32
12:32:52 [S6] GPU OK t=21 n=32
12:32:52 [S6] GPU OK t=21 n=32
12:32:52 [S6] GPU OK t=21 n=32
12:32:52 [S6] GPU OK t=21 n=32
12:32:52 [S6] GPU OK t=21 n=32
12:32:52 [S6] GPU OK t=21 n=32
12:32:52 [S1] GPU OK 3840x2160 t=22
12:32:52 [S6] GPU OK t=22 n=32
12:32:52 [S6] GPU OK t=22 n=32
12:32:52 [S6] GPU OK t=22 n=32
12:32:52 [S6] GPU OK t=22 n=32
12:32:52 [S6] GPU OK t=22 n=32
12:32:52 [S6] GPU OK t=22 n=32
12:32:52 [S6] GPU OK t=22 n=32
12:32:52 [S6] GPU OK t=22 n=32
12:32:52 [S1] GPU OK 3840x2160 t=23
12:32:52 [S6] GPU OK t=23 n=32
12:32:52 [S6] GPU OK t=23 n=32
12:32:52 [S6] GPU OK t=23 n=32
12:32:52 [S6] GPU OK t=23 n=32
12:32:52 [S6] GPU OK t=23 n=32
12:32:52 [S6] GPU OK t=23 n=32
12:32:52 [S6] GPU OK t=23 n=32
12:32:52 [S6] GPU OK t=23 n=32
12:32:52 [S1] GPU OK 3840x2160 t=24
12:32:52 [S6] GPU OK t=24 n=32
12:32:52 [S6] GPU OK t=24 n=32
12:32:52 [S6] GPU OK t=24 n=32
12:32:52 [S6] GPU OK t=24 n=32
12:32:52 [S6] GPU OK t=24 n=32
12:32:52 [S6] GPU OK t=24 n=32
12:32:52 [S6] GPU OK t=24 n=32
12:32:52 [S6] GPU OK t=24 n=32
12:32:52 [S1] GPU OK 3840x2160 t=25
12:32:52 [S6] GPU OK t=25 n=32
12:32:52 [S6] GPU OK t=25 n=32
12:32:52 [S6] GPU OK t=25 n=32
12:32:52 [S6] GPU OK t=25 n=32
12:32:52 [S6] GPU OK t=25 n=32
12:32:52 [S6] GPU OK t=25 n=32
12:32:52 [S6] GPU OK t=25 n=32
12:32:52 [S6] GPU OK t=25 n=32
12:32:52 [S1] GPU OK 3840x2160 t=26
12:32:52 [S6] GPU OK t=26 n=32
12:32:52 [S6] GPU OK t=26 n=32
12:32:52 [S6] GPU OK t=26 n=32
12:32:52 [S6] GPU OK t=26 n=32
12:32:52 [S6] GPU OK t=26 n=32
12:32:52 [S6] GPU OK t=26 n=32
12:32:52 [S6] GPU OK t=26 n=32
12:32:52 [S6] GPU OK t=26 n=32
12:32:52 [S1] GPU OK 3840x2160 t=27
12:32:52 [S6] GPU OK t=27 n=32
12:32:52 [S6] GPU OK t=27 n=32
12:32:52 [S6] GPU OK t=27 n=32
12:32:52 [S6] GPU OK t=27 n=32
12:32:52 [S6] GPU OK t=27 n=32
12:32:52 [S6] GPU OK t=27 n=32
12:32:52 [S6] GPU OK t=27 n=32
12:32:52 [S6] GPU OK t=27 n=32
12:32:52 [S1] GPU OK 3840x2160 t=28
12:32:52 [S6] GPU OK t=28 n=32
12:32:52 [S6] GPU OK t=28 n=32
12:32:52 [S6] GPU OK t=28 n=32
12:32:52 [S6] GPU OK t=28 n=32
12:32:52 [S6] GPU OK t=28 n=32
12:32:52 [S6] GPU OK t=28 n=32
12:32:52 [S6] GPU OK t=28 n=32
12:32:52 [S6] GPU OK t=28 n=32
12:32:52 [S1] GPU OK 3840x2160 t=29
12:32:52 [S6] GPU OK t=29 n=32
12:32:52 [S6] GPU OK t=29 n=32
12:32:52 [S6] GPU OK t=29 n=32
12:32:52 [S6] GPU OK t=29 n=32
12:32:52 [S6] GPU OK t=29 n=32
12:32:52 [S6] GPU OK t=29 n=32
12:32:52 [S6] GPU OK t=29 n=32
12:32:52 [S6] GPU OK t=29 n=32
12:32:52 [S1] GPU OK 3840x2160 t=30
12:32:52 [S6] GPU OK t=30 n=32
12:32:52 [S6] GPU OK t=30 n=32
12:32:52 [S6] GPU OK t=30 n=32
12:32:52 [S6] GPU OK t=30 n=32
12:32:52 [S6] GPU OK t=30 n=32
12:32:52 [S6] GPU OK t=30 n=32
12:32:52 [S6] GPU OK t=30 n=32
12:32:52 [S6] GPU OK t=30 n=32
12:32:52 [S1] GPU OK 3840x2160 t=31
12:32:52 [S6] GPU OK t=31 n=32
12:32:52 [S6] GPU OK t=31 n=32
12:32:52 [S6] GPU OK t=31 n=32
12:32:52 [S6] GPU OK t=31 n=32
12:32:52 [S6] GPU OK t=31 n=32
12:32:52 [S6] GPU OK t=31 n=32
12:32:52 [S6] GPU OK t=31 n=32
12:32:52 [S6] GPU OK t=31 n=32
12:32:52 [S1] GPU OK 3840x2160 t=32
12:32:52 [S6] GPU OK t=32 n=32
12:32:52 [S6] GPU OK t=32 n=32
12:32:52 [S6] GPU OK t=32 n=32
12:32:52 [S6] GPU OK t=32 n=32
12:32:52 [S6] GPU OK t=32 n=32
12:32:52 [S6] GPU OK t=32 n=32
12:32:52 [S6] GPU OK t=32 n=32
12:32:52 [S6] GPU OK t=32 n=32
12:32:52 [S1] GPU OK 3840x2160 t=33
12:32:52 [S6] GPU OK t=33 n=32
12:32:52 [S6] GPU OK t=33 n=32
12:32:52 [S6] GPU OK t=33 n=32
12:32:52 [S6] GPU OK t=33 n=32
12:32:52 [S6] GPU OK t=33 n=32
12:32:52 [S6] GPU OK t=33 n=32
12:32:52 [S6] GPU OK t=33 n=32
12:32:52 [S6] GPU OK t=33 n=32
12:32:52 [S1] GPU OK 3840x2160 t=34
12:32:52 [S6] GPU OK t=34 n=32
12:32:52 [S6] GPU OK t=34 n=32
12:32:52 [S6] GPU OK t=34 n=32
12:32:52 [S6] GPU OK t=34 n=32
12:32:52 [S6] GPU OK t=34 n=32
12:32:52 [S6] GPU OK t=34 n=32
12:32:52 [S6] GPU OK t=34 n=32
12:32:52 [S6] GPU OK t=34 n=32
12:32:52 [S1] GPU OK 3840x2160 t=35
12:32:52 [S6] GPU OK t=35 n=32
12:32:53 [S6] GPU OK t=35 n=32
12:32:53 [S6] GPU OK t=35 n=32
12:32:53 [S6] GPU OK t=35 n=32
12:32:53 [S6] GPU OK t=35 n=32
12:32:53 [S6] GPU OK t=35 n=32
12:32:53 [S6] GPU OK t=35 n=32
12:32:53 [S6] GPU OK t=35 n=32
12:32:53 [S1] GPU OK 3840x2160 t=36
12:32:53 [S6] GPU OK t=36 n=32
12:32:53 [S6] GPU OK t=36 n=32
12:32:53 [S6] GPU OK t=36 n=32
12:32:53 [S6] GPU OK t=36 n=32
12:32:53 [S6] GPU OK t=36 n=32
12:32:53 [S6] GPU OK t=36 n=32
12:32:53 [S6] GPU OK t=36 n=32
12:32:53 [S6] GPU OK t=36 n=32
12:32:53 [S1] GPU OK 3840x2160 t=37
12:32:53 [S6] GPU OK t=37 n=32
12:32:53 [S6] GPU OK t=37 n=32
12:32:53 [S6] GPU OK t=37 n=32
12:32:53 [S6] GPU OK t=37 n=32
12:32:53 [S6] GPU OK t=37 n=32
12:32:53 [S6] GPU OK t=37 n=32
12:32:53 [S6] GPU OK t=37 n=32
12:32:53 [S6] GPU OK t=37 n=32
12:32:53 [S1] GPU OK 3840x2160 t=38
12:32:53 [S6] GPU OK t=38 n=32
12:32:53 [S6] GPU OK t=38 n=32
12:32:53 [S6] GPU OK t=38 n=32
12:32:53 [S6] GPU OK t=38 n=32
12:32:53 [S6] GPU OK t=38 n=32
12:32:53 [S6] GPU OK t=38 n=32
12:32:53 [S6] GPU OK t=38 n=32
12:32:53 [S6] GPU OK t=38 n=32
12:32:53 [S1] GPU OK 3840x2160 t=39
12:32:53 [S6] GPU OK t=39 n=32
12:32:53 [S6] GPU OK t=39 n=32
12:32:53 [S6] GPU OK t=39 n=32
12:32:53 [S6] GPU OK t=39 n=32
12:32:53 [S6] GPU OK t=39 n=32
12:32:53 [S6] GPU OK t=39 n=32
12:32:53 [S6] GPU OK t=39 n=32
12:32:53 [S6] GPU OK t=39 n=32
12:32:53 [S1] GPU OK 3840x2160 t=40
12:32:53 [S6] GPU OK t=40 n=32
12:32:53 [S6] GPU OK t=40 n=32
12:32:53 [S6] GPU OK t=40 n=32
12:32:53 [S6] GPU OK t=40 n=32
12:32:53 [S6] GPU OK t=40 n=32
12:32:53 [S6] GPU OK t=40 n=32
12:32:53 [S6] GPU OK t=40 n=32
12:32:53 [S6] GPU OK t=40 n=32
12:32:53 [S1] GPU OK 3840x2160 t=41
12:32:53 [S6] GPU OK t=41 n=32
12:32:53 [S6] GPU OK t=41 n=32
12:32:53 [S6] GPU OK t=41 n=32
12:32:53 [S6] GPU OK t=41 n=32
12:32:53 [S6] GPU OK t=41 n=32
12:32:53 [S6] GPU OK t=41 n=32
12:32:53 [S6] GPU OK t=41 n=32
12:32:53 [S6] GPU OK t=41 n=32
12:32:53 [S1] GPU OK 3840x2160 t=42
12:32:53 [S6] GPU OK t=42 n=32
12:32:53 [S6] GPU OK t=42 n=32
12:32:53 [S6] GPU OK t=42 n=32
12:32:53 [S6] GPU OK t=42 n=32
12:32:53 [S6] GPU OK t=42 n=32
12:32:53 [S6] GPU OK t=42 n=32
12:32:53 [S6] GPU OK t=42 n=32
12:32:53 [S6] GPU OK t=42 n=32
12:32:53 [S1] GPU OK 3840x2160 t=43
12:32:53 [S6] GPU OK t=43 n=32
12:32:53 [S6] GPU OK t=43 n=32
12:32:53 [S6] GPU OK t=43 n=32
12:32:53 [S6] GPU OK t=43 n=32
12:32:53 [S6] GPU OK t=43 n=32
12:32:53 [S6] GPU OK t=43 n=32
12:32:53 [S6] GPU OK t=43 n=32
12:32:53 [S6] GPU OK t=43 n=32
12:32:53 [S1] GPU OK 3840x2160 t=44
12:32:53 [S6] GPU OK t=44 n=32
12:32:53 [S6] GPU OK t=44 n=32
12:32:53 [S6] GPU OK t=44 n=32
12:32:53 [S6] GPU OK t=44 n=32
12:32:53 [S6] GPU OK t=44 n=32
12:32:53 [S6] GPU OK t=44 n=32
12:32:53 [S6] GPU OK t=44 n=32
12:32:53 [S6] GPU OK t=44 n=32
12:32:53 [S1] GPU OK 3840x2160 t=45
12:32:53 [S6] GPU OK t=45 n=32
12:32:53 [S6] GPU OK t=45 n=32
12:32:53 [S6] GPU OK t=45 n=32
12:32:53 [S6] GPU OK t=45 n=32
12:32:53 [S6] GPU OK t=45 n=32
12:32:53 [S6] GPU OK t=45 n=32
12:32:53 [S6] GPU OK t=45 n=32
12:32:53 [S6] GPU OK t=45 n=32
12:32:53 [S1] GPU OK 3840x2160 t=46
12:32:53 [S6] GPU OK t=46 n=32
12:32:53 [S6] GPU OK t=46 n=32
12:32:53 [S6] GPU OK t=46 n=32
12:32:53 [S6] GPU OK t=46 n=32
12:32:53 [S6] GPU OK t=46 n=32
12:32:53 [S6] GPU OK t=46 n=32
12:32:53 [S6] GPU OK t=46 n=32
12:32:53 [S6] GPU OK t=46 n=32
12:32:53 [S1] GPU OK 3840x2160 t=47
12:32:53 [S6] GPU OK t=47 n=32
12:32:53 [S6] GPU OK t=47 n=32
12:32:53 [S6] GPU OK t=47 n=32
12:32:53 [S6] GPU OK t=47 n=32
12:32:53 [S6] GPU OK t=47 n=32
12:32:53 [S6] GPU OK t=47 n=32
12:32:53 [S6] GPU OK t=47 n=32
12:32:53 [S6] GPU OK t=47 n=32
12:32:53 [S1] GPU OK 3840x2160 t=48
12:32:53 [S6] GPU OK t=48 n=32
12:32:53 [S6] GPU OK t=48 n=32
12:32:53 [S6] GPU OK t=48 n=32
12:32:53 [S6] GPU OK t=48 n=32
12:32:53 [S6] GPU OK t=48 n=32
12:32:53 [S6] GPU OK t=48 n=32
12:32:53 [S6] GPU OK t=48 n=32
12:32:53 [S6] GPU OK t=48 n=32
12:32:53 [S1] GPU OK 3840x2160 t=49
12:32:53 [S6] GPU OK t=49 n=32
12:32:53 [S6] GPU OK t=49 n=32
12:32:53 [S6] GPU OK t=49 n=32
12:32:53 [S6] GPU OK t=49 n=32
12:32:53 [S6] GPU OK t=49 n=32
12:32:53 [S6] GPU OK t=49 n=32
12:32:53 [S6] GPU OK t=49 n=32
12:32:53 [S6] GPU OK t=49 n=32
12:32:53 [S1] GPU OK 3840x2160 t=50
12:32:53 [S6] GPU OK t=50 n=32
12:32:53 [S6] GPU OK t=50 n=32
12:32:53 [S6] GPU OK t=50 n=32
12:32:53 [S6] GPU OK t=50 n=32
12:32:53 [S6] GPU OK t=50 n=32
12:32:53 [S6] GPU OK t=50 n=32
12:32:53 [S6] GPU OK t=50 n=32
12:32:53 [S6] GPU OK t=50 n=32
12:32:53 [S1] GPU OK 3840x2160 t=51
12:32:53 [S6] GPU OK t=51 n=32
12:32:53 [S6] GPU OK t=51 n=32
12:32:53 [S6] GPU OK t=51 n=32
12:32:53 [S6] GPU OK t=51 n=32
12:32:53 [S6] GPU OK t=51 n=32
12:32:53 [S6] GPU OK t=51 n=32
12:32:53 [S6] GPU OK t=51 n=32
12:32:53 [S6] GPU OK t=51 n=32
12:32:53 [S1] GPU OK 3840x2160 t=52
12:32:53 [S6] GPU OK t=52 n=32
12:32:53 [S6] GPU OK t=52 n=32
12:32:53 [S6] GPU OK t=52 n=32
12:32:53 [S6] GPU OK t=52 n=32
12:32:53 [S6] GPU OK t=52 n=32
12:32:53 [S6] GPU OK t=52 n=32
12:32:53 [S6] GPU OK t=52 n=32
12:32:53 [S6] GPU OK t=52 n=32
12:32:53 [S1] GPU OK 3840x2160 t=53
12:32:53 [S6] GPU OK t=53 n=32
12:32:53 [S6] GPU OK t=53 n=32
12:32:53 [S6] GPU OK t=53 n=32
12:32:53 [S6] GPU OK t=53 n=32
12:32:53 [S6] GPU OK t=53 n=32
12:32:53 [S6] GPU OK t=53 n=32
12:32:53 [S6] GPU OK t=53 n=32
12:32:53 [S6] GPU OK t=53 n=32
12:32:53 [S1] GPU OK 3840x2160 t=54
12:32:53 [S6] GPU OK t=54 n=32
12:32:53 [S6] GPU OK t=54 n=32
12:32:54 [S6] GPU OK t=54 n=32
12:32:54 [S6] GPU OK t=54 n=32
12:32:54 [S6] GPU OK t=54 n=32
12:32:54 [S6] GPU OK t=54 n=32
12:32:54 [S6] GPU OK t=54 n=32
12:32:54 [S6] GPU OK t=54 n=32
12:32:54 [S1] GPU OK 3840x2160 t=55
12:32:54 [S6] GPU OK t=55 n=32
12:32:54 [S6] GPU OK t=55 n=32
12:32:54 [S6] GPU OK t=55 n=32
12:32:54 [S6] GPU OK t=55 n=32
12:32:54 [S6] GPU OK t=55 n=32
12:32:54 [S6] GPU OK t=55 n=32
12:32:54 [S6] GPU OK t=55 n=32
12:32:54 [S6] GPU OK t=55 n=32
12:32:54 [S1] GPU OK 3840x2160 t=56
12:32:54 [S6] GPU OK t=56 n=32
12:32:54 [S6] GPU OK t=56 n=32
12:32:54 [S6] GPU OK t=56 n=32
12:32:54 [S6] GPU OK t=56 n=32
12:32:54 [S6] GPU OK t=56 n=32
12:32:54 [S6] GPU OK t=56 n=32
12:32:54 [S6] GPU OK t=56 n=32
12:32:54 [S6] GPU OK t=56 n=32
12:32:54 [S1] GPU OK 3840x2160 t=57
12:32:54 [S6] GPU OK t=57 n=32
12:32:54 [S6] GPU OK t=57 n=32
12:32:54 [S6] GPU OK t=57 n=32
12:32:54 [S6] GPU OK t=57 n=32
12:32:54 [S6] GPU OK t=57 n=32
12:32:54 [S6] GPU OK t=57 n=32
12:32:54 [S6] GPU OK t=57 n=32
12:32:54 [S6] GPU OK t=57 n=32
12:32:54 [S1] GPU OK 3840x2160 t=58
12:32:54 [S6] GPU OK t=58 n=32
12:32:54 [S6] GPU OK t=58 n=32
12:32:54 [S6] GPU OK t=58 n=32
12:32:54 [S6] GPU OK t=58 n=32
12:32:54 [S6] GPU OK t=58 n=32
12:32:54 [S6] GPU OK t=58 n=32
12:32:54 [S6] GPU OK t=58 n=32
12:32:54 [S6] GPU OK t=58 n=32
12:32:54 [S1] GPU OK 3840x2160 t=59
12:32:54 [S6] GPU OK t=59 n=32
12:32:54 [S6] GPU OK t=59 n=32
12:32:54 [S6] GPU OK t=59 n=32
12:32:54 [S6] GPU OK t=59 n=32
12:32:54 [S6] GPU OK t=59 n=32
12:32:54 [S6] GPU OK t=59 n=32
12:32:54 [S6] GPU OK t=59 n=32
12:32:54 [S6] GPU OK t=59 n=32
12:32:54 [S1] GPU OK 3840x2160 t=60
12:32:54 [S6] GPU OK t=60 n=32
12:32:54 [S6] GPU OK t=60 n=32
12:32:54 [S6] GPU OK t=60 n=32
12:32:54 [S6] GPU OK t=60 n=32
12:32:54 [S6] GPU OK t=60 n=32
12:32:54 [S6] GPU OK t=60 n=32
12:32:54 [S6] GPU OK t=60 n=32
12:32:54 [S6] GPU OK t=60 n=32
12:32:54 [S1] GPU OK 3840x2160 t=61
12:32:54 [S6] GPU OK t=61 n=32
12:32:54 [S6] GPU OK t=61 n=32
12:32:54 [S6] GPU OK t=61 n=32
12:32:54 [S6] GPU OK t=61 n=32
12:32:54 [S6] GPU OK t=61 n=32
12:32:54 [S6] GPU OK t=61 n=32
12:32:54 [S6] GPU OK t=61 n=32
12:32:54 [S6] GPU OK t=61 n=32
12:32:54 [S1] GPU OK 3840x2160 t=62
12:32:54 [S6] GPU OK t=62 n=32
12:32:54 [S6] GPU OK t=62 n=32
12:32:54 [S6] GPU OK t=62 n=32
12:32:54 [S6] GPU OK t=62 n=32
12:32:54 [S6] GPU OK t=62 n=32
12:32:54 [S6] GPU OK t=62 n=32
12:32:54 [S6] GPU OK t=62 n=32
12:32:54 [S6] GPU OK t=62 n=32
12:32:54 [S1] GPU OK 3840x2160 t=63
12:32:54 [S6] GPU OK t=63 n=32
12:32:54 [S6] GPU OK t=63 n=32
12:32:54 [S6] GPU OK t=63 n=32
12:32:54 [S6] GPU OK t=63 n=32
12:32:54 [S6] GPU OK t=63 n=32
12:32:54 [S6] GPU OK t=63 n=32
12:32:54 [S6] GPU OK t=63 n=32
12:32:54 [S6] GPU OK t=63 n=32
12:32:54 [S1] GPU OK 3840x2160 t=64
12:32:54 [S6] GPU OK t=64 n=32
12:32:54 [S6] GPU OK t=64 n=32
12:32:54 [S6] GPU OK t=64 n=32
12:32:54 [S6] GPU OK t=64 n=32
12:32:54 [S6] GPU OK t=64 n=32
12:32:54 [S6] GPU OK t=64 n=32
12:32:54 [S6] GPU OK t=64 n=32
12:32:54 [S6] GPU OK t=64 n=32
12:32:54 [S1] GPU OK 3840x2160 t=65
12:32:54 [S6] GPU OK t=65 n=32
12:32:54 [S6] GPU OK t=65 n=32
12:32:54 [S6] GPU OK t=65 n=32
12:32:54 [S6] GPU OK t=65 n=32
12:32:54 [S6] GPU OK t=65 n=32
12:32:54 [S6] GPU OK t=65 n=32
12:32:54 [S6] GPU OK t=65 n=32
12:32:54 [S6] GPU OK t=65 n=32
12:32:54 [S1] GPU OK 3840x2160 t=66
12:32:54 [S6] GPU OK t=66 n=32
12:32:54 [S6] GPU OK t=66 n=32
12:32:54 [S6] GPU OK t=66 n=32
12:32:54 [S6] GPU OK t=66 n=32
12:32:54 [S6] GPU OK t=66 n=32
12:32:54 [S6] GPU OK t=66 n=32
12:32:54 [S6] GPU OK t=66 n=32
12:32:54 [S6] GPU OK t=66 n=32
12:32:54 [S1] GPU OK 3840x2160 t=67
12:32:54 [S6] GPU OK t=67 n=32
12:32:54 [S6] GPU OK t=67 n=32
12:32:54 [S6] GPU OK t=67 n=32
12:32:54 [S6] GPU OK t=67 n=32
12:32:54 [S6] GPU OK t=67 n=32
12:32:54 [S6] GPU OK t=67 n=32
12:32:54 [S6] GPU OK t=67 n=32
12:32:54 [S6] GPU OK t=67 n=32
12:32:54 [S1] GPU OK 3840x2160 t=68
12:32:54 [S6] GPU OK t=68 n=32
12:32:54 [S6] GPU OK t=68 n=32
12:32:54 [S6] GPU OK t=68 n=32
12:32:54 [S6] GPU OK t=68 n=32
12:32:54 [S6] GPU OK t=68 n=32
12:32:54 [S6] GPU OK t=68 n=32
12:32:54 [S6] GPU OK t=68 n=32
12:32:54 [S6] GPU OK t=68 n=32
12:32:54 [S1] GPU OK 3840x2160 t=69
12:32:54 [S6] GPU OK t=69 n=32
12:32:54 [S6] GPU OK t=69 n=32
12:32:54 [S6] GPU OK t=69 n=32
12:32:54 [S6] GPU OK t=69 n=32
12:32:54 [S6] GPU OK t=69 n=32
12:32:54 [S6] GPU OK t=69 n=32
12:32:54 [S6] GPU OK t=69 n=32
12:32:54 [S6] GPU OK t=69 n=32
12:32:54 [S1] GPU OK 3840x2160 t=70
12:32:54 [S6] GPU OK t=70 n=32
12:32:54 [S6] GPU OK t=70 n=32
12:32:54 [S6] GPU OK t=70 n=32
12:32:54 [S6] GPU OK t=70 n=32
12:32:54 [S6] GPU OK t=70 n=32
12:32:54 [S6] GPU OK t=70 n=32
12:32:54 [S6] GPU OK t=70 n=32
12:32:54 [S6] GPU OK t=70 n=32
12:32:54 [S1] GPU OK 3840x2160 t=71
12:32:54 [S6] GPU OK t=71 n=32
12:32:54 [S6] GPU OK t=71 n=32
12:32:54 [S6] GPU OK t=71 n=32
12:32:54 [S6] GPU OK t=71 n=32
12:32:54 [S6] GPU OK t=71 n=32
12:32:54 [S6] GPU OK t=71 n=32
12:32:54 [S6] GPU OK t=71 n=32
12:32:54 [S6] GPU OK t=71 n=32
12:32:54 [S1] GPU OK 3840x2160 t=72
12:32:54 [S6] GPU OK t=72 n=32
12:32:54 [S6] GPU OK t=72 n=32
12:32:54 [S6] GPU OK t=72 n=32
12:32:54 [S6] GPU OK t=72 n=32
12:32:54 [S6] GPU OK t=72 n=32
12:32:54 [S6] GPU OK t=72 n=32
12:32:54 [S6] GPU OK t=72 n=32
12:32:54 [S6] GPU OK t=72 n=32
12:32:54 [S1] GPU OK 3840x2160 t=73
12:32:54 [S6] GPU OK t=73 n=32
12:32:54 [S6] GPU OK t=73 n=32
12:32:55 [S6] GPU OK t=73 n=32
12:32:55 [S6] GPU OK t=73 n=32
12:32:55 [S6] GPU OK t=73 n=32
12:32:55 [S6] GPU OK t=73 n=32
12:32:55 [S6] GPU OK t=73 n=32
12:32:55 [S6] GPU OK t=73 n=32
12:32:55 [S1] GPU OK 3840x2160 t=74
12:32:55 [S6] GPU OK t=74 n=32
12:32:55 [S6] GPU OK t=74 n=32
12:32:55 [S6] GPU OK t=74 n=32
12:32:55 [S6] GPU OK t=74 n=32
12:32:55 [S6] GPU OK t=74 n=32
12:32:55 [S6] GPU OK t=74 n=32
12:32:55 [S6] GPU OK t=74 n=32
12:32:55 [S6] GPU OK t=74 n=32
12:32:55 [S1] GPU OK 3840x2160 t=75
12:32:55 [S6] GPU OK t=75 n=32
12:32:55 [S6] GPU OK t=75 n=32
12:32:55 [S6] GPU OK t=75 n=32
12:32:55 [S6] GPU OK t=75 n=32
12:32:55 [S6] GPU OK t=75 n=32
12:32:55 [S6] GPU OK t=75 n=32
12:32:55 [S6] GPU OK t=75 n=32
12:32:55 [S6] GPU OK t=75 n=32
12:32:55 [S1] GPU OK 3840x2160 t=76
12:32:55 [S6] GPU OK t=76 n=32
12:32:55 [S6] GPU OK t=76 n=32
12:32:55 [S6] GPU OK t=76 n=32
12:32:55 [S6] GPU OK t=76 n=32
12:32:55 [S6] GPU OK t=76 n=32
12:32:55 [S6] GPU OK t=76 n=32
12:32:55 [S6] GPU OK t=76 n=32
12:32:55 [S6] GPU OK t=76 n=32
12:32:55 [S1] GPU OK 3840x2160 t=77
12:32:55 [S6] GPU OK t=77 n=32
12:32:55 [S6] GPU OK t=77 n=32
12:32:55 [S6] GPU OK t=77 n=32
12:32:55 [S6] GPU OK t=77 n=32
12:32:55 [S6] GPU OK t=77 n=32
12:32:55 [S6] GPU OK t=77 n=32
12:32:55 [S6] GPU OK t=77 n=32
12:32:55 [S6] GPU OK t=77 n=32
12:32:55 [S1] GPU OK 3840x2160 t=78
12:32:55 [S6] GPU OK t=78 n=32
12:32:55 [S6] GPU OK t=78 n=32
12:32:55 [S6] GPU OK t=78 n=32
12:32:55 [S6] GPU OK t=78 n=32
12:32:55 [S6] GPU OK t=78 n=32
12:32:55 [S6] GPU OK t=78 n=32
12:32:55 [S6] GPU OK t=78 n=32
12:32:55 [S6] GPU OK t=78 n=32
12:32:55 [S1] GPU OK 3840x2160 t=79
12:32:55 [S6] GPU OK t=79 n=32
12:32:55 [S6] GPU OK t=79 n=32
12:32:55 [S6] GPU OK t=79 n=32
12:32:55 [S6] GPU OK t=79 n=32
12:32:55 [S6] GPU OK t=79 n=32
12:32:55 [S6] GPU OK t=79 n=32
12:32:55 [S6] GPU OK t=79 n=32
12:32:55 [S6] GPU OK t=79 n=32
12:32:55 [S1] GPU OK 3840x2160 t=80
12:32:55 [S6] GPU OK t=80 n=32
12:32:55 [S6] GPU OK t=80 n=32
12:32:55 [S6] GPU OK t=80 n=32
12:32:55 [S6] GPU OK t=80 n=32
12:32:55 [S6] GPU OK t=80 n=32
12:32:55 [S6] GPU OK t=80 n=32
12:32:55 [S6] GPU OK t=80 n=32
12:32:55 [S6] GPU OK t=80 n=32
12:32:55 [S1] GPU OK 3840x2160 t=81
12:32:55 [S6] GPU OK t=81 n=32
12:32:55 [S6] GPU OK t=81 n=32
12:32:55 [S6] GPU OK t=81 n=32
12:32:55 [S6] GPU OK t=81 n=32
12:32:55 [S6] GPU OK t=81 n=32
12:32:55 [S6] GPU OK t=81 n=32
12:32:55 [S6] GPU OK t=81 n=32
12:32:55 [S6] GPU OK t=81 n=32
12:32:55 [S1] GPU OK 3840x2160 t=82
12:32:55 [S6] GPU OK t=82 n=32
12:32:55 [S6] GPU OK t=82 n=32
12:32:55 [S6] GPU OK t=82 n=32
12:32:55 [S6] GPU OK t=82 n=32
12:32:55 [S6] GPU OK t=82 n=32
12:32:55 [S6] GPU OK t=82 n=32
12:32:55 [S6] GPU OK t=82 n=32
12:32:55 [S6] GPU OK t=82 n=32
12:32:55 [S1] GPU OK 3840x2160 t=83
12:32:55 [S6] GPU OK t=83 n=32
12:32:55 [S6] GPU OK t=83 n=32
12:32:55 [S6] GPU OK t=83 n=32
12:32:55 [S6] GPU OK t=83 n=32
12:32:55 [S6] GPU OK t=83 n=32
12:32:55 [S6] GPU OK t=83 n=32
12:32:55 [S6] GPU OK t=83 n=32
12:32:55 [S6] GPU OK t=83 n=32
12:32:55 [S1] GPU OK 3840x2160 t=84
12:32:55 [S6] GPU OK t=84 n=32
12:32:55 [S6] GPU OK t=84 n=32
12:32:55 [S6] GPU OK t=84 n=32
12:32:55 [S6] GPU OK t=84 n=32
12:32:55 [S6] GPU OK t=84 n=32
12:32:55 [S6] GPU OK t=84 n=32
12:32:55 [S6] GPU OK t=84 n=32
12:32:55 [S6] GPU OK t=84 n=32
12:32:55 [S1] GPU OK 3840x2160 t=85
12:32:55 [S6] GPU OK t=85 n=32
12:32:55 [S6] GPU OK t=85 n=32
12:32:55 [S6] GPU OK t=85 n=32
12:32:55 [S6] GPU OK t=85 n=32
12:32:55 [S6] GPU OK t=85 n=32
12:32:55 [S6] GPU OK t=85 n=32
12:32:55 [S6] GPU OK t=85 n=32
12:32:55 [S6] GPU OK t=85 n=32
12:32:55 [S1] GPU OK 3840x2160 t=86
12:32:55 [S6] GPU OK t=86 n=32
12:32:55 [S6] GPU OK t=86 n=32
12:32:55 [S6] GPU OK t=86 n=32
12:32:55 [S6] GPU OK t=86 n=32
12:32:55 [S6] GPU OK t=86 n=32
12:32:55 [S6] GPU OK t=86 n=32
12:32:55 [S6] GPU OK t=86 n=32
12:32:55 [S6] GPU OK t=86 n=32
12:32:55 [S1] GPU OK 3840x2160 t=87
12:32:55 [S6] GPU OK t=87 n=32
12:32:55 [S6] GPU OK t=87 n=32
12:32:55 [S6] GPU OK t=87 n=32
12:32:55 [S6] GPU OK t=87 n=32
12:32:55 [S6] GPU OK t=87 n=32
12:32:55 [S6] GPU OK t=87 n=32
12:32:55 [S6] GPU OK t=87 n=32
12:32:55 [S6] GPU OK t=87 n=32
12:32:55 [S1] GPU OK 3840x2160 t=88
12:32:55 [S6] GPU OK t=88 n=32
12:32:55 [S6] GPU OK t=88 n=32
12:32:55 [S6] GPU OK t=88 n=32
12:32:55 [S6] GPU OK t=88 n=32
12:32:55 [S6] GPU OK t=88 n=32
12:32:55 [S6] GPU OK t=88 n=32
12:32:55 [S6] GPU OK t=88 n=32
12:32:55 [S6] GPU OK t=88 n=32
12:32:55 [S1] GPU OK 3840x2160 t=89
12:32:55 [S6] GPU OK t=89 n=32
12:32:55 [S6] GPU OK t=89 n=32
12:32:55 [S6] GPU OK t=89 n=32
12:32:55 [S6] GPU OK t=89 n=32
12:32:55 [S6] GPU OK t=89 n=32
12:32:55 [S6] GPU OK t=89 n=32
12:32:55 [S6] GPU OK t=89 n=32
12:32:55 [S6] GPU OK t=89 n=32
12:32:55 [S1] GPU OK 3840x2160 t=90
12:32:55 [S6] GPU OK t=90 n=32
12:32:55 [S6] GPU OK t=90 n=32
12:32:55 [S6] GPU OK t=90 n=32
12:32:55 [S6] GPU OK t=90 n=32
12:32:55 [S6] GPU OK t=90 n=32
12:32:55 [S6] GPU OK t=90 n=32
12:32:55 [S6] GPU OK t=90 n=32
12:32:55 [S6] GPU OK t=90 n=32
12:32:55 [S1] GPU OK 3840x2160 t=91
12:32:55 [S6] GPU OK t=91 n=32
12:32:55 [S6] GPU OK t=91 n=32
12:32:55 [S6] GPU OK t=91 n=32
12:32:55 [S6] GPU OK t=91 n=32
12:32:55 [S6] GPU OK t=91 n=32
12:32:55 [S6] GPU OK t=91 n=32
12:32:55 [S6] GPU OK t=91 n=32
12:32:55 [S6] GPU OK t=91 n=32
12:32:55 [S1] GPU OK 3840x2160 t=92
12:32:56 [S6] GPU OK t=92 n=32
12:32:56 [S6] GPU OK t=92 n=32
12:32:56 [S6] GPU OK t=92 n=32
12:32:56 [S6] GPU OK t=92 n=32
12:32:56 [S6] GPU OK t=92 n=32
12:32:56 [S6] GPU OK t=92 n=32
12:32:56 [S6] GPU OK t=92 n=32
12:32:56 [S6] GPU OK t=92 n=32
12:32:56 [S1] GPU OK 3840x2160 t=93
12:32:56 [S6] GPU OK t=93 n=32
12:32:56 [S6] GPU OK t=93 n=32
12:32:56 [S6] GPU OK t=93 n=32
12:32:56 [S6] GPU OK t=93 n=32
12:32:56 [S6] GPU OK t=93 n=32
12:32:56 [S6] GPU OK t=93 n=32
12:32:56 [S6] GPU OK t=93 n=32
12:32:56 [S6] GPU OK t=93 n=32
12:32:56 [S1] GPU OK 3840x2160 t=94
12:32:56 [S6] GPU OK t=94 n=32
12:32:56 [S6] GPU OK t=94 n=32
12:32:56 [S6] GPU OK t=94 n=32
12:32:56 [S6] GPU OK t=94 n=32
12:32:56 [S6] GPU OK t=94 n=32
12:32:56 [S6] GPU OK t=94 n=32
12:32:56 [S6] GPU OK t=94 n=32
12:32:56 [S6] GPU OK t=94 n=32
12:32:56 [S1] GPU OK 3840x2160 t=95
12:32:56 [S6] GPU OK t=95 n=32
12:32:56 [S6] GPU OK t=95 n=32
12:32:56 [S6] GPU OK t=95 n=32
12:32:56 [S6] GPU OK t=95 n=32
12:32:56 [S6] GPU OK t=95 n=32
12:32:56 [S6] GPU OK t=95 n=32
12:32:56 [S6] GPU OK t=95 n=32
12:32:56 [S6] GPU OK t=95 n=32
12:32:56 [S1] GPU OK 3840x2160 t=96
12:32:56 [S6] GPU OK t=96 n=32
12:32:56 [S6] GPU OK t=96 n=32
12:32:56 [S6] GPU OK t=96 n=32
12:32:56 [S6] GPU OK t=96 n=32
12:32:56 [S6] GPU OK t=96 n=32
12:32:56 [S6] GPU OK t=96 n=32
12:32:56 [S6] GPU OK t=96 n=32
12:32:56 [S6] GPU OK t=96 n=32
12:32:56 [S1] GPU OK 3840x2160 t=97
12:32:56 [S6] GPU OK t=97 n=32
12:32:56 [S6] GPU OK t=97 n=32
12:32:56 [S6] GPU OK t=97 n=32
12:32:56 [S6] GPU OK t=97 n=32
12:32:56 [S6] GPU OK t=97 n=32
12:32:56 [S6] GPU OK t=97 n=32
12:32:56 [S6] GPU OK t=97 n=32
12:32:56 [S6] GPU OK t=97 n=32
12:32:56 [S1] GPU OK 3840x2160 t=98
12:32:56 [S6] GPU OK t=98 n=32
12:32:56 [S6] GPU OK t=98 n=32
12:32:56 [S6] GPU OK t=98 n=32
12:32:56 [S6] GPU OK t=98 n=32
12:32:56 [S6] GPU OK t=98 n=32
12:32:56 [S6] GPU OK t=98 n=32
12:32:56 [S6] GPU OK t=98 n=32
12:32:56 [S6] GPU OK t=98 n=32
12:32:56 [S1] GPU OK 3840x2160 t=99
12:32:56 [S6] GPU OK t=99 n=32
12:32:56 [S6] GPU OK t=99 n=32
12:32:56 [S6] GPU OK t=99 n=32
12:32:56 [S6] GPU OK t=99 n=32
12:32:56 [S6] GPU OK t=99 n=32
12:32:56 [S6] GPU OK t=99 n=32
12:32:56 [S6] GPU OK t=99 n=32
12:32:56 [S6] GPU OK t=99 n=32
12:32:56 [S1] GPU OK 3840x2160 t=100
12:32:56 [S6] GPU OK t=100 n=32
12:32:56 [S6] GPU OK t=100 n=32
12:32:56 [S6] GPU OK t=100 n=32
12:32:56 [S6] GPU OK t=100 n=32
12:32:56 [S6] GPU OK t=100 n=32
12:32:56 [S6] GPU OK t=100 n=32
12:32:56 [S6] GPU OK t=100 n=32
12:32:56 [S6] GPU OK t=100 n=32
12:32:56 [S1] GPU OK 3840x2160 t=101
12:32:56 [S6] GPU OK t=101 n=32
12:32:56 [S6] GPU OK t=101 n=32
12:32:56 [S6] GPU OK t=101 n=32
12:32:56 [S6] GPU OK t=101 n=32
12:32:56 [S6] GPU OK t=101 n=32
12:32:56 [S6] GPU OK t=101 n=32
12:32:56 [S6] GPU OK t=101 n=32
12:32:56 [S6] GPU OK t=101 n=32
12:32:56 [S1] GPU OK 3840x2160 t=102
12:32:56 [S6] GPU OK t=102 n=32
12:32:56 [S6] GPU OK t=102 n=32
12:32:56 [S6] GPU OK t=102 n=32
12:32:56 [S6] GPU OK t=102 n=32
12:32:56 [S6] GPU OK t=102 n=32
12:32:56 [S6] GPU OK t=102 n=32
12:32:56 [S6] GPU OK t=102 n=32
12:32:56 [S6] GPU OK t=102 n=32
12:32:56 [S1] GPU OK 3840x2160 t=103
12:32:56 [S6] GPU OK t=103 n=32
12:32:56 [S6] GPU OK t=103 n=32
12:32:56 [S6] GPU OK t=103 n=32
12:32:56 [S6] GPU OK t=103 n=32
12:32:56 [S6] GPU OK t=103 n=32
12:32:56 [S6] GPU OK t=103 n=32
12:32:56 [S6] GPU OK t=103 n=32
12:32:56 [S6] GPU OK t=103 n=32
12:32:56 [S1] GPU OK 3840x2160 t=104
12:32:56 [S6] GPU OK t=104 n=32
12:32:56 [S6] GPU OK t=104 n=32
12:32:56 [S6] GPU OK t=104 n=32
12:32:56 [S6] GPU OK t=104 n=32
12:32:56 [S6] GPU OK t=104 n=32
12:32:56 [S6] GPU OK t=104 n=32
12:32:56 [S6] GPU OK t=104 n=32
12:32:56 [S6] GPU OK t=104 n=32
12:32:56 [S1] GPU OK 3840x2160 t=105
12:32:56 [S6] GPU OK t=105 n=32
12:32:56 [S6] GPU OK t=105 n=32
12:32:56 [S6] GPU OK t=105 n=32
12:32:56 [S6] GPU OK t=105 n=32
12:32:56 [S6] GPU OK t=105 n=32
12:32:56 [S6] GPU OK t=105 n=32
12:32:56 [S6] GPU OK t=105 n=32
12:32:56 [S6] GPU OK t=105 n=32
12:32:56 [S1] GPU OK 3840x2160 t=106
12:32:56 [S6] GPU OK t=106 n=32
12:32:56 [S6] GPU OK t=106 n=32
12:32:56 [S6] GPU OK t=106 n=32
12:32:56 [S6] GPU OK t=106 n=32
12:32:56 [S6] GPU OK t=106 n=32
12:32:56 [S6] GPU OK t=106 n=32
12:32:56 [S6] GPU OK t=106 n=32
12:32:56 [S6] GPU OK t=106 n=32
12:32:56 [S1] GPU OK 3840x2160 t=107
12:32:56 [S6] GPU OK t=107 n=32
12:32:56 [S6] GPU OK t=107 n=32
12:32:56 [S6] GPU OK t=107 n=32
12:32:56 [S6] GPU OK t=107 n=32
12:32:56 [S6] GPU OK t=107 n=32
12:32:56 [S6] GPU OK t=107 n=32
12:32:56 [S6] GPU OK t=107 n=32
12:32:56 [S6] GPU OK t=107 n=32
12:32:56 [S1] GPU OK 3840x2160 t=108
12:32:56 [S6] GPU OK t=108 n=32
12:32:56 [S6] GPU OK t=108 n=32
12:32:56 [S6] GPU OK t=108 n=32
12:32:56 [S6] GPU OK t=108 n=32
12:32:56 [S6] GPU OK t=108 n=32
12:32:56 [S6] GPU OK t=108 n=32
12:32:56 [S6] GPU OK t=108 n=32
12:32:56 [S6] GPU OK t=108 n=32
12:32:56 [S1] GPU OK 3840x2160 t=109
12:32:56 [S6] GPU OK t=109 n=32
12:32:56 [S6] GPU OK t=109 n=32
12:32:56 [S6] GPU OK t=109 n=32
12:32:56 [S6] GPU OK t=109 n=32
12:32:56 [S6] GPU OK t=109 n=32
12:32:56 [S6] GPU OK t=109 n=32
12:32:56 [S6] GPU OK t=109 n=32
12:32:56 [S6] GPU OK t=109 n=32
12:32:56 [S1] GPU OK 3840x2160 t=110
12:32:56 [S6] GPU OK t=110 n=32
12:32:56 [S6] GPU OK t=110 n=32
12:32:56 [S6] GPU OK t=110 n=32
12:32:56 [S6] GPU OK t=110 n=32
12:32:56 [S6] GPU OK t=110 n=32
12:32:56 [S6] GPU OK t=110 n=32
12:32:56 [S6] GPU OK t=110 n=32
12:32:56 [S6] GPU OK t=110 n=32
12:32:56 [S1] GPU OK 3840x2160 t=111
12:32:56 [S6] GPU OK t=111 n=32
12:32:57 [S6] GPU OK t=111 n=32
12:32:57 [S6] GPU OK t=111 n=32
12:32:57 [S6] GPU OK t=111 n=32
12:32:57 [S6] GPU OK t=111 n=32
12:32:57 [S6] GPU OK t=111 n=32
12:32:57 [S6] GPU OK t=111 n=32
12:32:57 [S6] GPU OK t=111 n=32
12:32:57 [S1] GPU OK 3840x2160 t=112
12:32:57 [S6] GPU OK t=112 n=32
12:32:57 [S6] GPU OK t=112 n=32
12:32:57 [S6] GPU OK t=112 n=32
12:32:57 [S6] GPU OK t=112 n=32
12:32:57 [S6] GPU OK t=112 n=32
12:32:57 [S6] GPU OK t=112 n=32
12:32:57 [S6] GPU OK t=112 n=32
12:32:57 [S6] GPU OK t=112 n=32
12:32:57 [S1] GPU OK 3840x2160 t=113
12:32:57 [S6] GPU OK t=113 n=32
12:32:57 [S6] GPU OK t=113 n=32
12:32:57 [S6] GPU OK t=113 n=32
12:32:57 [S6] GPU OK t=113 n=32
12:32:57 [S6] GPU OK t=113 n=32
12:32:57 [S6] GPU OK t=113 n=32
12:32:57 [S6] GPU OK t=113 n=32
12:32:57 [S6] GPU OK t=113 n=32
12:32:57 [S1] GPU OK 3840x2160 t=114
12:32:57 [S6] GPU OK t=114 n=32
12:32:57 [S6] GPU OK t=114 n=32
12:32:57 [S6] GPU OK t=114 n=32
12:32:57 [S6] GPU OK t=114 n=32
12:32:57 [S6] GPU OK t=114 n=32
12:32:57 [S6] GPU OK t=114 n=32
12:32:57 [S6] GPU OK t=114 n=32
12:32:57 [S6] GPU OK t=114 n=32
12:32:57 [S1] GPU OK 3840x2160 t=115
12:32:57 [S6] GPU OK t=115 n=32
12:32:57 [S6] GPU OK t=115 n=32
12:32:57 [S6] GPU OK t=115 n=32
12:32:57 [S6] GPU OK t=115 n=32
12:32:57 [S6] GPU OK t=115 n=32
12:32:57 [S6] GPU OK t=115 n=32
12:32:57 [S6] GPU OK t=115 n=32
12:32:57 [S6] GPU OK t=115 n=32
12:32:57 [S1] GPU OK 3840x2160 t=116
12:32:57 [S6] GPU OK t=116 n=32
12:32:57 [S6] GPU OK t=116 n=32
12:32:57 [S6] GPU OK t=116 n=32
12:32:57 [S6] GPU OK t=116 n=32
12:32:57 [S6] GPU OK t=116 n=32
12:32:57 [S6] GPU OK t=116 n=32
12:32:57 [S6] GPU OK t=116 n=32
12:32:57 [S6] GPU OK t=116 n=32
12:32:57 [S1] GPU OK 3840x2160 t=117
12:32:57 [S6] GPU OK t=117 n=32
12:32:57 [S6] GPU OK t=117 n=32
12:32:57 [S6] GPU OK t=117 n=32
12:32:57 [S6] GPU OK t=117 n=32
12:32:57 [S6] GPU OK t=117 n=32
12:32:57 [S6] GPU OK t=117 n=32
12:32:57 [S6] GPU OK t=117 n=32
12:32:57 [S6] GPU OK t=117 n=32
12:32:57 [S1] GPU OK 3840x2160 t=118
12:32:57 [S6] GPU OK t=118 n=32
12:32:57 [S6] GPU OK t=118 n=32
12:32:57 [S6] GPU OK t=118 n=32
12:32:57 [S6] GPU OK t=118 n=32
12:32:57 [S6] GPU OK t=118 n=32
12:32:57 [S6] GPU OK t=118 n=32
12:32:57 [S6] GPU OK t=118 n=32
12:32:57 [S6] GPU OK t=118 n=32
12:32:57 [S1] GPU OK 3840x2160 t=119
12:32:57 [S6] GPU OK t=119 n=32
12:32:57 [S6] GPU OK t=119 n=32
12:32:57 [S6] GPU OK t=119 n=32
12:32:57 [S6] GPU OK t=119 n=32
12:32:57 [S6] GPU OK t=119 n=32
12:32:57 [S6] GPU OK t=119 n=32
12:32:57 [S6] GPU OK t=119 n=32
12:32:57 [S6] GPU OK t=119 n=32
12:32:57 [S1] GPU OK 3840x2160 t=0
12:32:57 [S6] GPU OK t=0 n=32
12:32:57 [S6] GPU OK t=0 n=32
12:32:57 [S6] GPU OK t=0 n=32
12:32:57 [S6] GPU OK t=0 n=32
12:32:57 [S6] GPU OK t=0 n=32
12:32:57 [S6] GPU OK t=0 n=32
12:32:57 [S6] GPU OK t=0 n=32
12:32:57 [S6] GPU OK t=0 n=32
12:32:57 [S1] GPU OK 3840x2160 t=0
12:32:57 [S6] GPU OK t=0 n=32
12:32:57 [S6] GPU OK t=0 n=32
12:32:57 [S6] GPU OK t=0 n=32
12:32:57 [S6] GPU OK t=0 n=32
12:32:57 [S6] GPU OK t=0 n=32
12:32:57 [S6] GPU OK t=0 n=32
12:32:57 [S6] GPU OK t=0 n=32
12:32:57 [S6] GPU OK t=0 n=32
12:32:58 [S1] GPU OK 3840x2160 t=0
12:32:58 [S6] GPU OK t=0 n=32
12:32:58 [S6] GPU OK t=0 n=32
12:32:58 [S6] GPU OK t=0 n=32
12:32:58 [S6] GPU OK t=0 n=32
12:32:58 [S6] GPU OK t=0 n=32
12:32:58 [S6] GPU OK t=0 n=32
12:32:58 [S6] GPU OK t=0 n=32
12:32:58 [S6] GPU OK t=0 n=32
12:32:58 [S1] GPU OK 3840x2160 t=0
12:32:58 [S6] GPU OK t=0 n=32
12:32:58 [S6] GPU OK t=0 n=32
12:32:58 [S6] GPU OK t=0 n=32
12:32:58 [S6] GPU OK t=0 n=32
12:32:58 [S6] GPU OK t=0 n=32
12:32:58 [S6] GPU OK t=0 n=32
12:32:58 [S6] GPU OK t=0 n=32
12:32:58 [S6] GPU OK t=0 n=32
12:33:03 [S1] GPU OK 3840x2160 t=0
12:33:03 [S1] GPU OK 3840x2160 t=0
12:33:04 [S1] GPU OK 3840x2160 t=0
12:33:04 [S1] GPU OK 3840x2160 t=1
12:33:04 [S1] GPU OK 3840x2160 t=2
12:33:04 [S1] GPU OK 3840x2160 t=3
12:33:04 [S1] GPU OK 3840x2160 t=4
12:33:04 [S1] GPU OK 3840x2160 t=5
12:33:04 [S1] GPU OK 3840x2160 t=6
12:33:04 [S1] GPU OK 3840x2160 t=7
12:33:04 [S1] GPU OK 3840x2160 t=8
12:33:04 [S1] GPU OK 3840x2160 t=9
12:33:04 [S1] GPU OK 3840x2160 t=10
12:33:04 [S1] GPU OK 3840x2160 t=11
12:33:04 [S1] GPU OK 3840x2160 t=12
12:33:04 [S1] GPU OK 3840x2160 t=13
12:33:04 [S1] GPU OK 3840x2160 t=14
12:33:04 [S1] GPU OK 3840x2160 t=15
12:33:04 [S1] GPU OK 3840x2160 t=16
12:33:04 [S1] GPU OK 3840x2160 t=17
12:33:04 [S1] GPU OK 3840x2160 t=18
12:33:04 [S1] GPU OK 3840x2160 t=19
12:33:04 [S1] GPU OK 3840x2160 t=20
12:33:04 [S1] GPU OK 3840x2160 t=21
12:33:04 [S1] GPU OK 3840x2160 t=22
12:33:04 [S1] GPU OK 3840x2160 t=23
12:33:04 [S1] GPU OK 3840x2160 t=24
12:33:04 [S1] GPU OK 3840x2160 t=25
12:33:04 [S1] GPU OK 3840x2160 t=26
12:33:04 [S1] GPU OK 3840x2160 t=27
12:33:04 [S1] GPU OK 3840x2160 t=28
12:33:04 [S1] GPU OK 3840x2160 t=29
12:33:04 [S1] GPU OK 3840x2160 t=30
12:33:05 [S1] GPU OK 3840x2160 t=31
12:33:05 [S1] GPU OK 3840x2160 t=32
12:33:05 [S1] GPU OK 3840x2160 t=33
12:33:05 [S1] GPU OK 3840x2160 t=34
12:33:05 [S1] GPU OK 3840x2160 t=35
12:33:05 [S1] GPU OK 3840x2160 t=36
12:33:05 [S1] GPU OK 3840x2160 t=37
12:33:05 [S1] GPU OK 3840x2160 t=38
12:33:05 [S1] GPU OK 3840x2160 t=39
12:33:05 [S1] GPU OK 3840x2160 t=40
12:33:05 [S1] GPU OK 3840x2160 t=41
12:33:05 [S1] GPU OK 3840x2160 t=42
12:33:05 [S1] GPU OK 3840x2160 t=43
12:33:05 [S1] GPU OK 3840x2160 t=44
12:33:05 [S1] GPU OK 3840x2160 t=45
12:33:05 [S1] GPU OK 3840x2160 t=46
12:33:05 [S1] GPU OK 3840x2160 t=47
12:33:05 [S1] GPU OK 3840x2160 t=48
12:33:05 [S1] GPU OK 3840x2160 t=49
12:33:05 [S1] GPU OK 3840x2160 t=50
12:33:05 [S1] GPU OK 3840x2160 t=51
12:33:05 [S1] GPU OK 3840x2160 t=52
12:33:05 [S1] GPU OK 3840x2160 t=53
12:33:05 [S1] GPU OK 3840x2160 t=54
12:33:05 [S1] GPU OK 3840x2160 t=55
12:33:05 [S1] GPU OK 3840x2160 t=56
12:33:05 [S1] GPU OK 3840x2160 t=57
12:33:05 [S1] GPU OK 3840x2160 t=58
12:33:05 [S1] GPU OK 3840x2160 t=59
12:33:05 [S1] GPU OK 3840x2160 t=60
12:33:05 [S1] GPU OK 3840x2160 t=61
12:33:05 [S1] GPU OK 3840x2160 t=62
12:33:05 [S1] GPU OK 3840x2160 t=63
12:33:05 [S1] GPU OK 3840x2160 t=64
12:33:05 [S1] GPU OK 3840x2160 t=65
12:33:05 [S1] GPU OK 3840x2160 t=66
12:33:05 [S1] GPU OK 3840x2160 t=67
12:33:05 [S1] GPU OK 3840x2160 t=68
12:33:05 [S1] GPU OK 3840x2160 t=69
12:33:05 [S1] GPU OK 3840x2160 t=70
12:33:05 [S1] GPU OK 3840x2160 t=71
12:33:06 [S1] GPU OK 3840x2160 t=72
12:33:06 [S1] GPU OK 3840x2160 t=73
12:33:06 [S1] GPU OK 3840x2160 t=74
12:33:06 [S1] GPU OK 3840x2160 t=75
12:33:06 [S1] GPU OK 3840x2160 t=76
12:33:06 [S1] GPU OK 3840x2160 t=77
12:33:06 [S1] GPU OK 3840x2160 t=78
12:33:06 [S1] GPU OK 3840x2160 t=79
12:33:06 [S1] GPU OK 3840x2160 t=80
12:33:06 [S1] GPU OK 3840x2160 t=81
12:33:06 [S1] GPU OK 3840x2160 t=82
12:33:06 [S1] GPU OK 3840x2160 t=83
12:33:06 [S1] GPU OK 3840x2160 t=84
12:33:06 [S1] GPU OK 3840x2160 t=85
12:33:06 [S1] GPU OK 3840x2160 t=86
12:33:06 [S1] GPU OK 3840x2160 t=87
12:33:06 [S1] GPU OK 3840x2160 t=88
12:33:06 [S1] GPU OK 3840x2160 t=89
12:33:06 [S1] GPU OK 3840x2160 t=90
12:33:06 [S1] GPU OK 3840x2160 t=91
12:33:06 [S1] GPU OK 3840x2160 t=92
12:33:06 [S1] GPU OK 3840x2160 t=93
12:33:06 [S1] GPU OK 3840x2160 t=94
12:33:06 [S1] GPU OK 3840x2160 t=95
12:33:06 [S1] GPU OK 3840x2160 t=96
12:33:06 [S1] GPU OK 3840x2160 t=97
12:33:06 [S1] GPU OK 3840x2160 t=98
12:33:06 [S1] GPU OK 3840x2160 t=99
12:33:06 [S1] GPU OK 3840x2160 t=100
12:33:06 [S1] GPU OK 3840x2160 t=101
12:33:06 [S1] GPU OK 3840x2160 t=102
12:33:06 [S1] GPU OK 3840x2160 t=103
12:33:06 [S1] GPU OK 3840x2160 t=104
12:33:06 [S1] GPU OK 3840x2160 t=105
12:33:06 [S1] GPU OK 3840x2160 t=106
12:33:06 [S1] GPU OK 3840x2160 t=107
12:33:06 [S1] GPU OK 3840x2160 t=108
12:33:06 [S1] GPU OK 3840x2160 t=109
12:33:06 [S1] GPU OK 3840x2160 t=110
12:33:06 [S1] GPU OK 3840x2160 t=111
12:33:06 [S1] GPU OK 3840x2160 t=112
12:33:07 [S1] GPU OK 3840x2160 t=113
12:33:07 [S1] GPU OK 3840x2160 t=114
12:33:07 [S1] GPU OK 3840x2160 t=115
12:33:07 [S1] GPU OK 3840x2160 t=116
12:33:07 [S1] GPU OK 3840x2160 t=117
12:33:07 [S1] GPU OK 3840x2160 t=118
12:33:07 [S1] GPU OK 3840x2160 t=119
12:33:07 [S1] GPU OK 3840x2160 t=0
12:33:07 [S1] GPU OK 3840x2160 t=0
12:33:07 [S1] GPU OK 3840x2160 t=0
12:33:07 [S1] GPU OK 3840x2160 t=0
12:33:13 [S1] GPU OK 3840x2160 t=0
12:33:13 [S6] GPU OK t=0 n=1
12:33:13 [S6] GPU OK t=0 n=1
12:33:13 [S6] GPU OK t=0 n=1
12:33:13 [S6] GPU OK t=0 n=1
12:33:13 [S6] GPU OK t=0 n=1
12:33:13 [S6] GPU OK t=0 n=1
12:33:13 [S6] GPU OK t=0 n=1
12:33:13 [S6] GPU OK t=0 n=32
12:33:13 [S1] GPU OK 3840x2160 t=0
12:33:13 [S6] GPU OK t=0 n=1
12:33:13 [S6] GPU OK t=0 n=1
12:33:13 [S6] GPU OK t=0 n=1
12:33:13 [S6] GPU OK t=0 n=1
12:33:13 [S6] GPU OK t=0 n=1
12:33:13 [S6] GPU OK t=0 n=1
12:33:13 [S6] GPU OK t=0 n=1
12:33:13 [S6] GPU OK t=0 n=1
12:33:13 [S1] GPU OK 3840x2160 t=0
12:33:14 [S6] GPU OK t=0 n=1
12:33:14 [S6] GPU OK t=0 n=1
12:33:14 [S6] GPU OK t=0 n=1
12:33:14 [S6] GPU OK t=0 n=1
12:33:14 [S6] GPU OK t=0 n=1
12:33:14 [S6] GPU OK t=0 n=1
12:33:14 [S6] GPU OK t=0 n=1
12:33:14 [S6] GPU OK t=0 n=1
12:33:14 [S1] GPU OK 3840x2160 t=0
12:33:14 [S6] GPU OK t=0 n=1
12:33:14 [S6] GPU OK t=0 n=1
12:33:14 [S6] GPU OK t=0 n=1
12:33:14 [S6] GPU OK t=0 n=1
12:33:14 [S6] GPU OK t=0 n=1
12:33:14 [S6] GPU OK t=0 n=1
12:33:14 [S6] GPU OK t=0 n=1
12:33:14 [S6] GPU OK t=0 n=1
12:33:14 [S1] GPU OK 3840x2160 t=0
12:33:14 [S6] GPU OK t=0 n=1
12:33:14 [S6] GPU OK t=0 n=1
12:33:14 [S6] GPU OK t=0 n=1
12:33:14 [S6] GPU OK t=0 n=1
12:33:14 [S6] GPU OK t=0 n=1
12:33:14 [S6] GPU OK t=0 n=1
12:33:14 [S6] GPU OK t=0 n=1
12:33:14 [S6] GPU OK t=0 n=1
12:33:14 [S1] GPU OK 3840x2160 t=0
12:33:14 [S6] GPU OK t=0 n=1
12:33:14 [S6] GPU OK t=0 n=1
12:33:14 [S6] GPU OK t=0 n=1
12:33:14 [S6] GPU OK t=0 n=1
12:33:14 [S6] GPU OK t=0 n=1
12:33:14 [S6] GPU OK t=0 n=1
12:33:14 [S6] GPU OK t=0 n=1
12:33:14 [S6] GPU OK t=0 n=1
12:33:14 [S1] GPU OK 3840x2160 t=1
12:33:14 [S6] GPU OK t=1 n=1
12:33:14 [S6] GPU OK t=1 n=1
12:33:14 [S6] GPU OK t=1 n=1
12:33:14 [S6] GPU OK t=1 n=1
12:33:14 [S6] GPU OK t=1 n=1
12:33:14 [S6] GPU OK t=1 n=1
12:33:14 [S6] GPU OK t=1 n=1
12:33:14 [S6] GPU OK t=1 n=1
12:33:14 [S1] GPU OK 3840x2160 t=2
12:33:14 [S6] GPU OK t=2 n=1
12:33:14 [S6] GPU OK t=2 n=1
12:33:14 [S6] GPU OK t=2 n=1
12:33:14 [S6] GPU OK t=2 n=1
12:33:14 [S6] GPU OK t=2 n=1
12:33:14 [S6] GPU OK t=2 n=1
12:33:14 [S6] GPU OK t=2 n=1
12:33:14 [S6] GPU OK t=2 n=1
12:33:14 [S1] GPU OK 3840x2160 t=3
12:33:14 [S6] GPU OK t=3 n=1
12:33:14 [S6] GPU OK t=3 n=1
12:33:14 [S6] GPU OK t=3 n=1
12:33:14 [S6] GPU OK t=3 n=1
12:33:14 [S6] GPU OK t=3 n=1
12:33:14 [S6] GPU OK t=3 n=1
12:33:14 [S6] GPU OK t=3 n=1
12:33:14 [S6] GPU OK t=3 n=1
12:33:14 [S1] GPU OK 3840x2160 t=4
12:33:14 [S6] GPU OK t=4 n=1
12:33:14 [S6] GPU OK t=4 n=1
12:33:14 [S6] GPU OK t=4 n=1
12:33:14 [S6] GPU OK t=4 n=1
12:33:14 [S6] GPU OK t=4 n=1
12:33:14 [S6] GPU OK t=4 n=1
12:33:14 [S6] GPU OK t=4 n=1
12:33:14 [S6] GPU OK t=4 n=1
12:33:14 [S1] GPU OK 3840x2160 t=5
12:33:14 [S6] GPU OK t=5 n=1
12:33:14 [S6] GPU OK t=5 n=1
12:33:14 [S6] GPU OK t=5 n=1
12:33:14 [S6] GPU OK t=5 n=1
12:33:14 [S6] GPU OK t=5 n=1
12:33:14 [S6] GPU OK t=5 n=1
12:33:14 [S6] GPU OK t=5 n=1
12:33:14 [S6] GPU OK t=5 n=1
12:33:14 [S1] GPU OK 3840x2160 t=6
12:33:14 [S6] GPU OK t=6 n=1
12:33:14 [S6] GPU OK t=6 n=1
12:33:14 [S6] GPU OK t=6 n=1
12:33:14 [S6] GPU OK t=6 n=1
12:33:14 [S6] GPU OK t=6 n=1
12:33:14 [S6] GPU OK t=6 n=1
12:33:14 [S6] GPU OK t=6 n=1
12:33:14 [S6] GPU OK t=6 n=1
12:33:14 [S1] GPU OK 3840x2160 t=7
12:33:14 [S6] GPU OK t=7 n=1
12:33:14 [S6] GPU OK t=7 n=1
12:33:14 [S6] GPU OK t=7 n=1
12:33:14 [S6] GPU OK t=7 n=1
12:33:14 [S6] GPU OK t=7 n=1
12:33:14 [S6] GPU OK t=7 n=1
12:33:14 [S6] GPU OK t=7 n=1
12:33:14 [S6] GPU OK t=7 n=1
12:33:14 [S1] GPU OK 3840x2160 t=8
12:33:14 [S6] GPU OK t=8 n=1
12:33:14 [S6] GPU OK t=8 n=1
12:33:14 [S6] GPU OK t=8 n=1
12:33:14 [S6] GPU OK t=8 n=1
12:33:14 [S6] GPU OK t=8 n=1
12:33:14 [S6] GPU OK t=8 n=1
12:33:14 [S6] GPU OK t=8 n=1
12:33:14 [S6] GPU OK t=8 n=1
12:33:14 [S1] GPU OK 3840x2160 t=9
12:33:14 [S6] GPU OK t=9 n=1
12:33:14 [S6] GPU OK t=9 n=1
12:33:14 [S6] GPU OK t=9 n=1
12:33:14 [S6] GPU OK t=9 n=1
12:33:14 [S6] GPU OK t=9 n=1
12:33:14 [S6] GPU OK t=9 n=1
12:33:14 [S6] GPU OK t=9 n=1
12:33:14 [S6] GPU OK t=9 n=1
12:33:14 [S1] GPU OK 3840x2160 t=10
12:33:14 [S6] GPU OK t=10 n=1
12:33:14 [S6] GPU OK t=10 n=1
12:33:14 [S6] GPU OK t=10 n=1
12:33:14 [S6] GPU OK t=10 n=1
12:33:14 [S6] GPU OK t=10 n=1
12:33:14 [S6] GPU OK t=10 n=1
12:33:14 [S6] GPU OK t=10 n=1
12:33:14 [S6] GPU OK t=10 n=1
12:33:14 [S1] GPU OK 3840x2160 t=11
12:33:14 [S6] GPU OK t=11 n=1
12:33:14 [S6] GPU OK t=11 n=1
12:33:14 [S6] GPU OK t=11 n=1
12:33:14 [S6] GPU OK t=11 n=1
12:33:14 [S6] GPU OK t=11 n=1
12:33:14 [S6] GPU OK t=11 n=1
12:33:14 [S6] GPU OK t=11 n=1
12:33:14 [S6] GPU OK t=11 n=1
12:33:14 [S1] GPU OK 3840x2160 t=12
12:33:14 [S6] GPU OK t=12 n=1
12:33:14 [S6] GPU OK t=12 n=1
12:33:14 [S6] GPU OK t=12 n=1
12:33:14 [S6] GPU OK t=12 n=1
12:33:14 [S6] GPU OK t=12 n=1
12:33:14 [S6] GPU OK t=12 n=1
12:33:14 [S6] GPU OK t=12 n=1
12:33:14 [S6] GPU OK t=12 n=1
12:33:14 [S1] GPU OK 3840x2160 t=13
12:33:14 [S6] GPU OK t=13 n=1
12:33:14 [S6] GPU OK t=13 n=1
12:33:14 [S6] GPU OK t=13 n=1
12:33:14 [S6] GPU OK t=13 n=1
12:33:14 [S6] GPU OK t=13 n=1
12:33:14 [S6] GPU OK t=13 n=1
12:33:14 [S6] GPU OK t=13 n=1
12:33:14 [S6] GPU OK t=13 n=1
12:33:14 [S1] GPU OK 3840x2160 t=14
12:33:14 [S6] GPU OK t=14 n=1
12:33:14 [S6] GPU OK t=14 n=1
12:33:14 [S6] GPU OK t=14 n=1
12:33:14 [S6] GPU OK t=14 n=1
12:33:14 [S6] GPU OK t=14 n=1
12:33:14 [S6] GPU OK t=14 n=1
12:33:15 [S6] GPU OK t=14 n=1
12:33:15 [S6] GPU OK t=14 n=1
12:33:15 [S1] GPU OK 3840x2160 t=15
12:33:15 [S6] GPU OK t=15 n=1
12:33:15 [S6] GPU OK t=15 n=1
12:33:15 [S6] GPU OK t=15 n=1
12:33:15 [S6] GPU OK t=15 n=1
12:33:15 [S6] GPU OK t=15 n=1
12:33:15 [S6] GPU OK t=15 n=1
12:33:15 [S6] GPU OK t=15 n=1
12:33:15 [S6] GPU OK t=15 n=1
12:33:15 [S1] GPU OK 3840x2160 t=16
12:33:15 [S6] GPU OK t=16 n=1
12:33:15 [S6] GPU OK t=16 n=1
12:33:15 [S6] GPU OK t=16 n=1
12:33:15 [S6] GPU OK t=16 n=1
12:33:15 [S6] GPU OK t=16 n=1
12:33:15 [S6] GPU OK t=16 n=1
12:33:15 [S6] GPU OK t=16 n=1
12:33:15 [S6] GPU OK t=16 n=1
12:33:15 [S1] GPU OK 3840x2160 t=17
12:33:15 [S6] GPU OK t=17 n=1
12:33:15 [S6] GPU OK t=17 n=1
12:33:15 [S6] GPU OK t=17 n=1
12:33:15 [S6] GPU OK t=17 n=1
12:33:15 [S6] GPU OK t=17 n=1
12:33:15 [S6] GPU OK t=17 n=1
12:33:15 [S6] GPU OK t=17 n=1
12:33:15 [S6] GPU OK t=17 n=1
12:33:15 [S1] GPU OK 3840x2160 t=18
12:33:15 [S6] GPU OK t=18 n=1
12:33:15 [S6] GPU OK t=18 n=1
12:33:15 [S6] GPU OK t=18 n=1
12:33:15 [S6] GPU OK t=18 n=1
12:33:15 [S6] GPU OK t=18 n=1
12:33:15 [S6] GPU OK t=18 n=1
12:33:15 [S6] GPU OK t=18 n=1
12:33:15 [S6] GPU OK t=18 n=1
12:33:15 [S1] GPU OK 3840x2160 t=19
12:33:15 [S6] GPU OK t=19 n=1
12:33:15 [S6] GPU OK t=19 n=1
12:33:15 [S6] GPU OK t=19 n=1
12:33:15 [S6] GPU OK t=19 n=1
12:33:15 [S6] GPU OK t=19 n=1
12:33:15 [S6] GPU OK t=19 n=1
12:33:15 [S6] GPU OK t=19 n=1
12:33:15 [S6] GPU OK t=19 n=1
12:33:15 [S1] GPU OK 3840x2160 t=20
12:33:15 [S6] GPU OK t=20 n=1
12:33:15 [S6] GPU OK t=20 n=1
12:33:15 [S6] GPU OK t=20 n=1
12:33:15 [S6] GPU OK t=20 n=1
12:33:15 [S6] GPU OK t=20 n=1
12:33:15 [S6] GPU OK t=20 n=1
12:33:15 [S6] GPU OK t=20 n=1
12:33:15 [S6] GPU OK t=20 n=1
12:33:15 [S1] GPU OK 3840x2160 t=21
12:33:15 [S6] GPU OK t=21 n=1
12:33:15 [S6] GPU OK t=21 n=1
12:33:15 [S6] GPU OK t=21 n=1
12:33:15 [S6] GPU OK t=21 n=1
12:33:15 [S6] GPU OK t=21 n=1
12:33:15 [S6] GPU OK t=21 n=1
12:33:15 [S6] GPU OK t=21 n=1
12:33:15 [S6] GPU OK t=21 n=1
12:33:15 [S1] GPU OK 3840x2160 t=22
12:33:15 [S6] GPU OK t=22 n=1
12:33:15 [S6] GPU OK t=22 n=1
12:33:15 [S6] GPU OK t=22 n=1
12:33:15 [S6] GPU OK t=22 n=1
12:33:15 [S6] GPU OK t=22 n=1
12:33:15 [S6] GPU OK t=22 n=1
12:33:15 [S6] GPU OK t=22 n=1
12:33:15 [S6] GPU OK t=22 n=1
12:33:15 [S1] GPU OK 3840x2160 t=23
12:33:15 [S6] GPU OK t=23 n=1
12:33:15 [S6] GPU OK t=23 n=1
12:33:15 [S6] GPU OK t=23 n=1
12:33:15 [S6] GPU OK t=23 n=1
12:33:15 [S6] GPU OK t=23 n=1
12:33:15 [S6] GPU OK t=23 n=1
12:33:15 [S6] GPU OK t=23 n=1
12:33:15 [S6] GPU OK t=23 n=1
12:33:15 [S1] GPU OK 3840x2160 t=24
12:33:15 [S6] GPU OK t=24 n=1
12:33:15 [S6] GPU OK t=24 n=1
12:33:15 [S6] GPU OK t=24 n=1
12:33:15 [S6] GPU OK t=24 n=1
12:33:15 [S6] GPU OK t=24 n=1
12:33:15 [S6] GPU OK t=24 n=1
12:33:15 [S6] GPU OK t=24 n=1
12:33:15 [S6] GPU OK t=24 n=1
12:33:15 [S1] GPU OK 3840x2160 t=25
12:33:15 [S6] GPU OK t=25 n=1
12:33:15 [S6] GPU OK t=25 n=1
12:33:15 [S6] GPU OK t=25 n=1
12:33:15 [S6] GPU OK t=25 n=1
12:33:15 [S6] GPU OK t=25 n=1
12:33:15 [S6] GPU OK t=25 n=1
12:33:15 [S6] GPU OK t=25 n=1
12:33:15 [S6] GPU OK t=25 n=1
12:33:15 [S1] GPU OK 3840x2160 t=26
12:33:15 [S6] GPU OK t=26 n=1
12:33:15 [S6] GPU OK t=26 n=1
12:33:15 [S6] GPU OK t=26 n=1
12:33:15 [S6] GPU OK t=26 n=1
12:33:15 [S6] GPU OK t=26 n=1
12:33:15 [S6] GPU OK t=26 n=1
12:33:15 [S6] GPU OK t=26 n=1
12:33:15 [S6] GPU OK t=26 n=1
12:33:15 [S1] GPU OK 3840x2160 t=27
12:33:15 [S6] GPU OK t=27 n=1
12:33:15 [S6] GPU OK t=27 n=1
12:33:15 [S6] GPU OK t=27 n=1
12:33:15 [S6] GPU OK t=27 n=1
12:33:15 [S6] GPU OK t=27 n=1
12:33:15 [S6] GPU OK t=27 n=1
12:33:15 [S6] GPU OK t=27 n=1
12:33:15 [S6] GPU OK t=27 n=1
12:33:15 [S1] GPU OK 3840x2160 t=28
12:33:15 [S6] GPU OK t=28 n=1
12:33:15 [S6] GPU OK t=28 n=1
12:33:15 [S6] GPU OK t=28 n=1
12:33:15 [S6] GPU OK t=28 n=1
12:33:15 [S6] GPU OK t=28 n=1
12:33:15 [S6] GPU OK t=28 n=1
12:33:15 [S6] GPU OK t=28 n=1
12:33:15 [S6] GPU OK t=28 n=1
12:33:15 [S1] GPU OK 3840x2160 t=29
12:33:15 [S6] GPU OK t=29 n=1
12:33:15 [S6] GPU OK t=29 n=1
12:33:15 [S6] GPU OK t=29 n=1
12:33:15 [S6] GPU OK t=29 n=1
12:33:15 [S6] GPU OK t=29 n=1
12:33:15 [S6] GPU OK t=29 n=1
12:33:15 [S6] GPU OK t=29 n=1
12:33:15 [S6] GPU OK t=29 n=1
12:33:15 [S1] GPU OK 3840x2160 t=30
12:33:15 [S6] GPU OK t=30 n=1
12:33:15 [S6] GPU OK t=30 n=1
12:33:15 [S6] GPU OK t=30 n=1
12:33:15 [S6] GPU OK t=30 n=1
12:33:15 [S6] GPU OK t=30 n=1
12:33:15 [S6] GPU OK t=30 n=1
12:33:15 [S6] GPU OK t=30 n=1
12:33:15 [S6] GPU OK t=30 n=1
12:33:15 [S1] GPU OK 3840x2160 t=31
12:33:15 [S6] GPU OK t=31 n=1
12:33:15 [S6] GPU OK t=31 n=1
12:33:15 [S6] GPU OK t=31 n=1
12:33:15 [S6] GPU OK t=31 n=1
12:33:15 [S6] GPU OK t=31 n=1
12:33:15 [S6] GPU OK t=31 n=1
12:33:15 [S6] GPU OK t=31 n=1
12:33:15 [S6] GPU OK t=31 n=1
12:33:15 [S1] GPU OK 3840x2160 t=32
12:33:15 [S6] GPU OK t=32 n=1
12:33:15 [S6] GPU OK t=32 n=1
12:33:15 [S6] GPU OK t=32 n=1
12:33:15 [S6] GPU OK t=32 n=1
12:33:15 [S6] GPU OK t=32 n=1
12:33:15 [S6] GPU OK t=32 n=1
12:33:15 [S6] GPU OK t=32 n=1
12:33:15 [S6] GPU OK t=32 n=1
12:33:15 [S1] GPU OK 3840x2160 t=33
12:33:15 [S6] GPU OK t=33 n=1
12:33:15 [S6] GPU OK t=33 n=1
12:33:15 [S6] GPU OK t=33 n=1
12:33:16 [S6] GPU OK t=33 n=1
12:33:16 [S6] GPU OK t=33 n=1
12:33:16 [S6] GPU OK t=33 n=1
12:33:16 [S6] GPU OK t=33 n=1
12:33:16 [S6] GPU OK t=33 n=1
12:33:16 [S1] GPU OK 3840x2160 t=34
12:33:16 [S6] GPU OK t=34 n=1
12:33:16 [S6] GPU OK t=34 n=1
12:33:16 [S6] GPU OK t=34 n=1
12:33:16 [S6] GPU OK t=34 n=1
12:33:16 [S6] GPU OK t=34 n=1
12:33:16 [S6] GPU OK t=34 n=1
12:33:16 [S6] GPU OK t=34 n=1
12:33:16 [S6] GPU OK t=34 n=1
12:33:16 [S1] GPU OK 3840x2160 t=35
12:33:16 [S6] GPU OK t=35 n=1
12:33:16 [S6] GPU OK t=35 n=1
12:33:16 [S6] GPU OK t=35 n=1
12:33:16 [S6] GPU OK t=35 n=1
12:33:16 [S6] GPU OK t=35 n=1
12:33:16 [S6] GPU OK t=35 n=1
12:33:16 [S6] GPU OK t=35 n=1
12:33:16 [S6] GPU OK t=35 n=1
12:33:16 [S1] GPU OK 3840x2160 t=36
12:33:16 [S6] GPU OK t=36 n=1
12:33:16 [S6] GPU OK t=36 n=1
12:33:16 [S6] GPU OK t=36 n=1
12:33:16 [S6] GPU OK t=36 n=1
12:33:16 [S6] GPU OK t=36 n=1
12:33:16 [S6] GPU OK t=36 n=1
12:33:16 [S6] GPU OK t=36 n=1
12:33:16 [S6] GPU OK t=36 n=1
12:33:16 [S1] GPU OK 3840x2160 t=37
12:33:16 [S6] GPU OK t=37 n=1
12:33:16 [S6] GPU OK t=37 n=1
12:33:16 [S6] GPU OK t=37 n=1
12:33:16 [S6] GPU OK t=37 n=1
12:33:16 [S6] GPU OK t=37 n=1
12:33:16 [S6] GPU OK t=37 n=1
12:33:16 [S6] GPU OK t=37 n=1
12:33:16 [S6] GPU OK t=37 n=1
12:33:16 [S1] GPU OK 3840x2160 t=38
12:33:16 [S6] GPU OK t=38 n=1
12:33:16 [S6] GPU OK t=38 n=1
12:33:16 [S6] GPU OK t=38 n=1
12:33:16 [S6] GPU OK t=38 n=1
12:33:16 [S6] GPU OK t=38 n=1
12:33:16 [S6] GPU OK t=38 n=1
12:33:16 [S6] GPU OK t=38 n=1
12:33:16 [S6] GPU OK t=38 n=1
12:33:16 [S1] GPU OK 3840x2160 t=39
12:33:16 [S6] GPU OK t=39 n=1
12:33:16 [S6] GPU OK t=39 n=1
12:33:16 [S6] GPU OK t=39 n=1
12:33:16 [S6] GPU OK t=39 n=1
12:33:16 [S6] GPU OK t=39 n=1
12:33:16 [S6] GPU OK t=39 n=1
12:33:16 [S6] GPU OK t=39 n=1
12:33:16 [S6] GPU OK t=39 n=1
12:33:16 [S1] GPU OK 3840x2160 t=40
12:33:16 [S6] GPU OK t=40 n=1
12:33:16 [S6] GPU OK t=40 n=1
12:33:16 [S6] GPU OK t=40 n=1
12:33:16 [S6] GPU OK t=40 n=1
12:33:16 [S6] GPU OK t=40 n=1
12:33:16 [S6] GPU OK t=40 n=1
12:33:16 [S6] GPU OK t=40 n=1
12:33:16 [S6] GPU OK t=40 n=1
12:33:16 [S1] GPU OK 3840x2160 t=41
12:33:16 [S6] GPU OK t=41 n=1
12:33:16 [S6] GPU OK t=41 n=1
12:33:16 [S6] GPU OK t=41 n=1
12:33:16 [S6] GPU OK t=41 n=1
12:33:16 [S6] GPU OK t=41 n=1
12:33:16 [S6] GPU OK t=41 n=1
12:33:16 [S6] GPU OK t=41 n=1
12:33:16 [S6] GPU OK t=41 n=1
12:33:16 [S1] GPU OK 3840x2160 t=42
12:33:16 [S6] GPU OK t=42 n=1
12:33:16 [S6] GPU OK t=42 n=1
12:33:16 [S6] GPU OK t=42 n=1
12:33:16 [S6] GPU OK t=42 n=1
12:33:16 [S6] GPU OK t=42 n=1
12:33:16 [S6] GPU OK t=42 n=1
12:33:16 [S6] GPU OK t=42 n=1
12:33:16 [S6] GPU OK t=42 n=1
12:33:16 [S1] GPU OK 3840x2160 t=43
12:33:16 [S6] GPU OK t=43 n=1
12:33:16 [S6] GPU OK t=43 n=1
12:33:16 [S6] GPU OK t=43 n=1
12:33:16 [S6] GPU OK t=43 n=1
12:33:16 [S6] GPU OK t=43 n=1
12:33:16 [S6] GPU OK t=43 n=1
12:33:16 [S6] GPU OK t=43 n=1
12:33:16 [S6] GPU OK t=43 n=1
12:33:16 [S1] GPU OK 3840x2160 t=44
12:33:16 [S6] GPU OK t=44 n=1
12:33:16 [S6] GPU OK t=44 n=1
12:33:16 [S6] GPU OK t=44 n=1
12:33:16 [S6] GPU OK t=44 n=1
12:33:16 [S6] GPU OK t=44 n=1
12:33:16 [S6] GPU OK t=44 n=1
12:33:16 [S6] GPU OK t=44 n=1
12:33:16 [S6] GPU OK t=44 n=1
12:33:16 [S1] GPU OK 3840x2160 t=45
12:33:16 [S6] GPU OK t=45 n=1
12:33:16 [S6] GPU OK t=45 n=1
12:33:16 [S6] GPU OK t=45 n=1
12:33:16 [S6] GPU OK t=45 n=1
12:33:16 [S6] GPU OK t=45 n=1
12:33:16 [S6] GPU OK t=45 n=1
12:33:16 [S6] GPU OK t=45 n=1
12:33:16 [S6] GPU OK t=45 n=1
12:33:16 [S1] GPU OK 3840x2160 t=46
12:33:16 [S6] GPU OK t=46 n=1
12:33:16 [S6] GPU OK t=46 n=1
12:33:16 [S6] GPU OK t=46 n=1
12:33:16 [S6] GPU OK t=46 n=1
12:33:16 [S6] GPU OK t=46 n=1
12:33:16 [S6] GPU OK t=46 n=1
12:33:16 [S6] GPU OK t=46 n=1
12:33:16 [S6] GPU OK t=46 n=1
12:33:16 [S1] GPU OK 3840x2160 t=47
12:33:16 [S6] GPU OK t=47 n=1
12:33:16 [S6] GPU OK t=47 n=1
12:33:16 [S6] GPU OK t=47 n=1
12:33:16 [S6] GPU OK t=47 n=1
12:33:16 [S6] GPU OK t=47 n=1
12:33:16 [S6] GPU OK t=47 n=1
12:33:16 [S6] GPU OK t=47 n=1
12:33:16 [S6] GPU OK t=47 n=1
12:33:16 [S1] GPU OK 3840x2160 t=48
12:33:16 [S6] GPU OK t=48 n=1
12:33:16 [S6] GPU OK t=48 n=1
12:33:16 [S6] GPU OK t=48 n=1
12:33:16 [S6] GPU OK t=48 n=1
12:33:16 [S6] GPU OK t=48 n=1
12:33:16 [S6] GPU OK t=48 n=1
12:33:16 [S6] GPU OK t=48 n=1
12:33:16 [S6] GPU OK t=48 n=1
12:33:16 [S1] GPU OK 3840x2160 t=49
12:33:16 [S6] GPU OK t=49 n=1
12:33:16 [S6] GPU OK t=49 n=1
12:33:16 [S6] GPU OK t=49 n=1
12:33:16 [S6] GPU OK t=49 n=1
12:33:16 [S6] GPU OK t=49 n=1
12:33:16 [S6] GPU OK t=49 n=1
12:33:16 [S6] GPU OK t=49 n=1
12:33:16 [S6] GPU OK t=49 n=1
12:33:16 [S1] GPU OK 3840x2160 t=50
12:33:16 [S6] GPU OK t=50 n=1
12:33:16 [S6] GPU OK t=50 n=1
12:33:16 [S6] GPU OK t=50 n=1
12:33:16 [S6] GPU OK t=50 n=1
12:33:16 [S6] GPU OK t=50 n=1
12:33:16 [S6] GPU OK t=50 n=1
12:33:16 [S6] GPU OK t=50 n=1
12:33:16 [S6] GPU OK t=50 n=1
12:33:16 [S1] GPU OK 3840x2160 t=51
12:33:16 [S6] GPU OK t=51 n=1
12:33:16 [S6] GPU OK t=51 n=1
12:33:16 [S6] GPU OK t=51 n=1
12:33:16 [S6] GPU OK t=51 n=1
12:33:16 [S6] GPU OK t=51 n=1
12:33:16 [S6] GPU OK t=51 n=1
12:33:16 [S6] GPU OK t=51 n=1
12:33:16 [S6] GPU OK t=51 n=1
12:33:16 [S1] GPU OK 3840x2160 t=52
12:33:17 [S6] GPU OK t=52 n=1
12:33:17 [S6] GPU OK t=52 n=1
12:33:17 [S6] GPU OK t=52 n=1
12:33:17 [S6] GPU OK t=52 n=1
12:33:17 [S6] GPU OK t=52 n=1
12:33:17 [S6] GPU OK t=52 n=1
12:33:17 [S6] GPU OK t=52 n=1
12:33:17 [S6] GPU OK t=52 n=1
12:33:17 [S1] GPU OK 3840x2160 t=53
12:33:17 [S6] GPU OK t=53 n=1
12:33:17 [S6] GPU OK t=53 n=1
12:33:17 [S6] GPU OK t=53 n=1
12:33:17 [S6] GPU OK t=53 n=1
12:33:17 [S6] GPU OK t=53 n=1
12:33:17 [S6] GPU OK t=53 n=1
12:33:17 [S6] GPU OK t=53 n=1
12:33:17 [S6] GPU OK t=53 n=1
12:33:17 [S1] GPU OK 3840x2160 t=54
12:33:17 [S6] GPU OK t=54 n=1
12:33:17 [S6] GPU OK t=54 n=1
12:33:17 [S6] GPU OK t=54 n=1
12:33:17 [S6] GPU OK t=54 n=1
12:33:17 [S6] GPU OK t=54 n=1
12:33:17 [S6] GPU OK t=54 n=1
12:33:17 [S6] GPU OK t=54 n=1
12:33:17 [S6] GPU OK t=54 n=1
12:33:17 [S1] GPU OK 3840x2160 t=55
12:33:17 [S6] GPU OK t=55 n=1
12:33:17 [S6] GPU OK t=55 n=1
12:33:17 [S6] GPU OK t=55 n=1
12:33:17 [S6] GPU OK t=55 n=1
12:33:17 [S6] GPU OK t=55 n=1
12:33:17 [S6] GPU OK t=55 n=1
12:33:17 [S6] GPU OK t=55 n=1
12:33:17 [S6] GPU OK t=55 n=1
12:33:17 [S1] GPU OK 3840x2160 t=56
12:33:17 [S6] GPU OK t=56 n=1
12:33:17 [S6] GPU OK t=56 n=1
12:33:17 [S6] GPU OK t=56 n=1
12:33:17 [S6] GPU OK t=56 n=1
12:33:17 [S6] GPU OK t=56 n=1
12:33:17 [S6] GPU OK t=56 n=1
12:33:17 [S6] GPU OK t=56 n=1
12:33:17 [S6] GPU OK t=56 n=1
12:33:17 [S1] GPU OK 3840x2160 t=57
12:33:17 [S6] GPU OK t=57 n=1
12:33:17 [S6] GPU OK t=57 n=1
12:33:17 [S6] GPU OK t=57 n=1
12:33:17 [S6] GPU OK t=57 n=1
12:33:17 [S6] GPU OK t=57 n=1
12:33:17 [S6] GPU OK t=57 n=1
12:33:17 [S6] GPU OK t=57 n=1
12:33:17 [S6] GPU OK t=57 n=1
12:33:17 [S1] GPU OK 3840x2160 t=58
12:33:17 [S6] GPU OK t=58 n=1
12:33:17 [S6] GPU OK t=58 n=1
12:33:17 [S6] GPU OK t=58 n=1
12:33:17 [S6] GPU OK t=58 n=1
12:33:17 [S6] GPU OK t=58 n=1
12:33:17 [S6] GPU OK t=58 n=1
12:33:17 [S6] GPU OK t=58 n=1
12:33:17 [S6] GPU OK t=58 n=1
12:33:17 [S1] GPU OK 3840x2160 t=59
12:33:17 [S6] GPU OK t=59 n=1
12:33:17 [S6] GPU OK t=59 n=1
12:33:17 [S6] GPU OK t=59 n=1
12:33:17 [S6] GPU OK t=59 n=1
12:33:17 [S6] GPU OK t=59 n=1
12:33:17 [S6] GPU OK t=59 n=1
12:33:17 [S6] GPU OK t=59 n=1
12:33:17 [S6] GPU OK t=59 n=1
12:33:17 [S1] GPU OK 3840x2160 t=60
12:33:17 [S6] GPU OK t=60 n=1
12:33:17 [S6] GPU OK t=60 n=1
12:33:17 [S6] GPU OK t=60 n=1
12:33:17 [S6] GPU OK t=60 n=1
12:33:17 [S6] GPU OK t=60 n=1
12:33:17 [S6] GPU OK t=60 n=1
12:33:17 [S6] GPU OK t=60 n=1
12:33:17 [S6] GPU OK t=60 n=1
12:33:17 [S1] GPU OK 3840x2160 t=61
12:33:17 [S6] GPU OK t=61 n=1
12:33:17 [S6] GPU OK t=61 n=1
12:33:17 [S6] GPU OK t=61 n=1
12:33:17 [S6] GPU OK t=61 n=1
12:33:17 [S6] GPU OK t=61 n=1
12:33:17 [S6] GPU OK t=61 n=1
12:33:17 [S6] GPU OK t=61 n=1
12:33:17 [S6] GPU OK t=61 n=1
12:33:17 [S1] GPU OK 3840x2160 t=62
12:33:17 [S6] GPU OK t=62 n=1
12:33:17 [S6] GPU OK t=62 n=1
12:33:17 [S6] GPU OK t=62 n=1
12:33:17 [S6] GPU OK t=62 n=1
12:33:17 [S6] GPU OK t=62 n=1
12:33:17 [S6] GPU OK t=62 n=1
12:33:17 [S6] GPU OK t=62 n=1
12:33:17 [S6] GPU OK t=62 n=1
12:33:17 [S1] GPU OK 3840x2160 t=63
12:33:17 [S6] GPU OK t=63 n=1
12:33:17 [S6] GPU OK t=63 n=1
12:33:17 [S6] GPU OK t=63 n=1
12:33:17 [S6] GPU OK t=63 n=1
12:33:17 [S6] GPU OK t=63 n=1
12:33:17 [S6] GPU OK t=63 n=1
12:33:17 [S6] GPU OK t=63 n=1
12:33:17 [S6] GPU OK t=63 n=1
12:33:17 [S1] GPU OK 3840x2160 t=64
12:33:17 [S6] GPU OK t=64 n=1
12:33:17 [S6] GPU OK t=64 n=1
12:33:17 [S6] GPU OK t=64 n=1
12:33:17 [S6] GPU OK t=64 n=1
12:33:17 [S6] GPU OK t=64 n=1
12:33:17 [S6] GPU OK t=64 n=1
12:33:17 [S6] GPU OK t=64 n=1
12:33:17 [S6] GPU OK t=64 n=1
12:33:17 [S1] GPU OK 3840x2160 t=65
12:33:17 [S6] GPU OK t=65 n=1
12:33:17 [S6] GPU OK t=65 n=1
12:33:17 [S6] GPU OK t=65 n=1
12:33:17 [S6] GPU OK t=65 n=1
12:33:17 [S6] GPU OK t=65 n=1
12:33:17 [S6] GPU OK t=65 n=1
12:33:17 [S6] GPU OK t=65 n=1
12:33:17 [S6] GPU OK t=65 n=1
12:33:17 [S1] GPU OK 3840x2160 t=66
12:33:17 [S6] GPU OK t=66 n=1
12:33:17 [S6] GPU OK t=66 n=1
12:33:17 [S6] GPU OK t=66 n=1
12:33:17 [S6] GPU OK t=66 n=1
12:33:17 [S6] GPU OK t=66 n=1
12:33:17 [S6] GPU OK t=66 n=1
12:33:17 [S6] GPU OK t=66 n=1
12:33:17 [S6] GPU OK t=66 n=1
12:33:17 [S1] GPU OK 3840x2160 t=67
12:33:17 [S6] GPU OK t=67 n=1
12:33:17 [S6] GPU OK t=67 n=1
12:33:17 [S6] GPU OK t=67 n=1
12:33:17 [S6] GPU OK t=67 n=1
12:33:17 [S6] GPU OK t=67 n=1
12:33:17 [S6] GPU OK t=67 n=1
12:33:17 [S6] GPU OK t=67 n=1
12:33:17 [S6] GPU OK t=67 n=1
12:33:17 [S1] GPU OK 3840x2160 t=68
12:33:17 [S6] GPU OK t=68 n=1
12:33:17 [S6] GPU OK t=68 n=1
12:33:17 [S6] GPU OK t=68 n=1
12:33:17 [S6] GPU OK t=68 n=1
12:33:17 [S6] GPU OK t=68 n=1
12:33:17 [S6] GPU OK t=68 n=1
12:33:17 [S6] GPU OK t=68 n=1
12:33:17 [S6] GPU OK t=68 n=1
12:33:17 [S1] GPU OK 3840x2160 t=69
12:33:17 [S6] GPU OK t=69 n=1
12:33:17 [S6] GPU OK t=69 n=1
12:33:17 [S6] GPU OK t=69 n=1
12:33:17 [S6] GPU OK t=69 n=1
12:33:17 [S6] GPU OK t=69 n=1
12:33:17 [S6] GPU OK t=69 n=1
12:33:17 [S6] GPU OK t=69 n=1
12:33:17 [S6] GPU OK t=69 n=1
12:33:17 [S1] GPU OK 3840x2160 t=70
12:33:17 [S6] GPU OK t=70 n=1
12:33:17 [S6] GPU OK t=70 n=1
12:33:17 [S6] GPU OK t=70 n=1
12:33:17 [S6] GPU OK t=70 n=1
12:33:17 [S6] GPU OK t=70 n=1
12:33:17 [S6] GPU OK t=70 n=1
12:33:18 [S6] GPU OK t=70 n=1
12:33:18 [S6] GPU OK t=70 n=1
12:33:18 [S1] GPU OK 3840x2160 t=71
12:33:18 [S6] GPU OK t=71 n=1
12:33:18 [S6] GPU OK t=71 n=1
12:33:18 [S6] GPU OK t=71 n=1
12:33:18 [S6] GPU OK t=71 n=1
12:33:18 [S6] GPU OK t=71 n=1
12:33:18 [S6] GPU OK t=71 n=1
12:33:18 [S6] GPU OK t=71 n=1
12:33:18 [S6] GPU OK t=71 n=1
12:33:18 [S1] GPU OK 3840x2160 t=72
12:33:18 [S6] GPU OK t=72 n=1
12:33:18 [S6] GPU OK t=72 n=1
12:33:18 [S6] GPU OK t=72 n=1
12:33:18 [S6] GPU OK t=72 n=1
12:33:18 [S6] GPU OK t=72 n=1
12:33:18 [S6] GPU OK t=72 n=1
12:33:18 [S6] GPU OK t=72 n=1
12:33:18 [S6] GPU OK t=72 n=1
12:33:18 [S1] GPU OK 3840x2160 t=73
12:33:18 [S6] GPU OK t=73 n=1
12:33:18 [S6] GPU OK t=73 n=1
12:33:18 [S6] GPU OK t=73 n=1
12:33:18 [S6] GPU OK t=73 n=1
12:33:18 [S6] GPU OK t=73 n=1
12:33:18 [S6] GPU OK t=73 n=1
12:33:18 [S6] GPU OK t=73 n=1
12:33:18 [S6] GPU OK t=73 n=1
12:33:18 [S1] GPU OK 3840x2160 t=74
12:33:18 [S6] GPU OK t=74 n=1
12:33:18 [S6] GPU OK t=74 n=1
12:33:18 [S6] GPU OK t=74 n=1
12:33:18 [S6] GPU OK t=74 n=1
12:33:18 [S6] GPU OK t=74 n=1
12:33:18 [S6] GPU OK t=74 n=1
12:33:18 [S6] GPU OK t=74 n=1
12:33:18 [S6] GPU OK t=74 n=1
12:33:18 [S1] GPU OK 3840x2160 t=75
12:33:18 [S6] GPU OK t=75 n=1
12:33:18 [S6] GPU OK t=75 n=1
12:33:18 [S6] GPU OK t=75 n=1
12:33:18 [S6] GPU OK t=75 n=1
12:33:18 [S6] GPU OK t=75 n=1
12:33:18 [S6] GPU OK t=75 n=1
12:33:18 [S6] GPU OK t=75 n=1
12:33:18 [S6] GPU OK t=75 n=1
12:33:18 [S1] GPU OK 3840x2160 t=76
12:33:18 [S6] GPU OK t=76 n=1
12:33:18 [S6] GPU OK t=76 n=1
12:33:18 [S6] GPU OK t=76 n=1
12:33:18 [S6] GPU OK t=76 n=1
12:33:18 [S6] GPU OK t=76 n=1
12:33:18 [S6] GPU OK t=76 n=1
12:33:18 [S6] GPU OK t=76 n=1
12:33:18 [S6] GPU OK t=76 n=1
12:33:18 [S1] GPU OK 3840x2160 t=77
12:33:18 [S6] GPU OK t=77 n=1
12:33:18 [S6] GPU OK t=77 n=1
12:33:18 [S6] GPU OK t=77 n=1
12:33:18 [S6] GPU OK t=77 n=1
12:33:18 [S6] GPU OK t=77 n=1
12:33:18 [S6] GPU OK t=77 n=1
12:33:18 [S6] GPU OK t=77 n=1
12:33:18 [S6] GPU OK t=77 n=1
12:33:18 [S1] GPU OK 3840x2160 t=78
12:33:18 [S6] GPU OK t=78 n=1
12:33:18 [S6] GPU OK t=78 n=1
12:33:18 [S6] GPU OK t=78 n=1
12:33:18 [S6] GPU OK t=78 n=1
12:33:18 [S6] GPU OK t=78 n=1
12:33:18 [S6] GPU OK t=78 n=1
12:33:18 [S6] GPU OK t=78 n=1
12:33:18 [S6] GPU OK t=78 n=1
12:33:18 [S1] GPU OK 3840x2160 t=79
12:33:18 [S6] GPU OK t=79 n=1
12:33:18 [S6] GPU OK t=79 n=1
12:33:18 [S6] GPU OK t=79 n=1
12:33:18 [S6] GPU OK t=79 n=1
12:33:18 [S6] GPU OK t=79 n=1
12:33:18 [S6] GPU OK t=79 n=1
12:33:18 [S6] GPU OK t=79 n=1
12:33:18 [S6] GPU OK t=79 n=1
12:33:18 [S1] GPU OK 3840x2160 t=80
12:33:18 [S6] GPU OK t=80 n=1
12:33:18 [S6] GPU OK t=80 n=1
12:33:18 [S6] GPU OK t=80 n=1
12:33:18 [S6] GPU OK t=80 n=1
12:33:18 [S6] GPU OK t=80 n=1
12:33:18 [S6] GPU OK t=80 n=1
12:33:18 [S6] GPU OK t=80 n=1
12:33:18 [S6] GPU OK t=80 n=1
12:33:18 [S1] GPU OK 3840x2160 t=81
12:33:18 [S6] GPU OK t=81 n=1
12:33:18 [S6] GPU OK t=81 n=1
12:33:18 [S6] GPU OK t=81 n=1
12:33:18 [S6] GPU OK t=81 n=1
12:33:18 [S6] GPU OK t=81 n=1
12:33:18 [S6] GPU OK t=81 n=1
12:33:18 [S6] GPU OK t=81 n=1
12:33:18 [S6] GPU OK t=81 n=1
12:33:18 [S1] GPU OK 3840x2160 t=82
12:33:18 [S6] GPU OK t=82 n=1
12:33:18 [S6] GPU OK t=82 n=1
12:33:18 [S6] GPU OK t=82 n=1
12:33:18 [S6] GPU OK t=82 n=1
12:33:18 [S6] GPU OK t=82 n=1
12:33:18 [S6] GPU OK t=82 n=1
12:33:18 [S6] GPU OK t=82 n=1
12:33:18 [S6] GPU OK t=82 n=1
12:33:18 [S1] GPU OK 3840x2160 t=83
12:33:18 [S6] GPU OK t=83 n=1
12:33:18 [S6] GPU OK t=83 n=1
12:33:18 [S6] GPU OK t=83 n=1
12:33:18 [S6] GPU OK t=83 n=1
12:33:18 [S6] GPU OK t=83 n=1
12:33:18 [S6] GPU OK t=83 n=1
12:33:18 [S6] GPU OK t=83 n=1
12:33:18 [S6] GPU OK t=83 n=1
12:33:18 [S1] GPU OK 3840x2160 t=84
12:33:18 [S6] GPU OK t=84 n=1
12:33:18 [S6] GPU OK t=84 n=1
12:33:18 [S6] GPU OK t=84 n=1
12:33:18 [S6] GPU OK t=84 n=1
12:33:18 [S6] GPU OK t=84 n=1
12:33:18 [S6] GPU OK t=84 n=1
12:33:18 [S6] GPU OK t=84 n=1
12:33:18 [S6] GPU OK t=84 n=1
12:33:18 [S1] GPU OK 3840x2160 t=85
12:33:18 [S6] GPU OK t=85 n=1
12:33:18 [S6] GPU OK t=85 n=1
12:33:18 [S6] GPU OK t=85 n=1
12:33:18 [S6] GPU OK t=85 n=1
12:33:18 [S6] GPU OK t=85 n=1
12:33:18 [S6] GPU OK t=85 n=1
12:33:18 [S6] GPU OK t=85 n=1
12:33:18 [S6] GPU OK t=85 n=1
12:33:18 [S1] GPU OK 3840x2160 t=86
12:33:18 [S6] GPU OK t=86 n=1
12:33:18 [S6] GPU OK t=86 n=1
12:33:18 [S6] GPU OK t=86 n=1
12:33:18 [S6] GPU OK t=86 n=1
12:33:18 [S6] GPU OK t=86 n=1
12:33:18 [S6] GPU OK t=86 n=1
12:33:18 [S6] GPU OK t=86 n=1
12:33:18 [S6] GPU OK t=86 n=1
12:33:18 [S1] GPU OK 3840x2160 t=87
12:33:18 [S6] GPU OK t=87 n=1
12:33:18 [S6] GPU OK t=87 n=1
12:33:18 [S6] GPU OK t=87 n=1
12:33:18 [S6] GPU OK t=87 n=1
12:33:18 [S6] GPU OK t=87 n=1
12:33:18 [S6] GPU OK t=87 n=1
12:33:18 [S6] GPU OK t=87 n=1
12:33:18 [S6] GPU OK t=87 n=1
12:33:18 [S1] GPU OK 3840x2160 t=88
12:33:18 [S6] GPU OK t=88 n=1
12:33:18 [S6] GPU OK t=88 n=1
12:33:18 [S6] GPU OK t=88 n=1
12:33:18 [S6] GPU OK t=88 n=1
12:33:18 [S6] GPU OK t=88 n=1
12:33:18 [S6] GPU OK t=88 n=1
12:33:18 [S6] GPU OK t=88 n=1
12:33:18 [S6] GPU OK t=88 n=1
12:33:18 [S1] GPU OK 3840x2160 t=89
12:33:18 [S6] GPU OK t=89 n=1
12:33:18 [S6] GPU OK t=89 n=1
12:33:18 [S6] GPU OK t=89 n=1
12:33:18 [S6] GPU OK t=89 n=1
12:33:18 [S6] GPU OK t=89 n=1
12:33:19 [S6] GPU OK t=89 n=1
12:33:19 [S6] GPU OK t=89 n=1
12:33:19 [S6] GPU OK t=89 n=1
12:33:19 [S1] GPU OK 3840x2160 t=90
12:33:19 [S6] GPU OK t=90 n=1
12:33:19 [S6] GPU OK t=90 n=1
12:33:19 [S6] GPU OK t=90 n=1
12:33:19 [S6] GPU OK t=90 n=1
12:33:19 [S6] GPU OK t=90 n=1
12:33:19 [S6] GPU OK t=90 n=1
12:33:19 [S6] GPU OK t=90 n=1
12:33:19 [S6] GPU OK t=90 n=1
12:33:19 [S1] GPU OK 3840x2160 t=91
12:33:19 [S6] GPU OK t=91 n=1
12:33:19 [S6] GPU OK t=91 n=1
12:33:19 [S6] GPU OK t=91 n=1
12:33:19 [S6] GPU OK t=91 n=1
12:33:19 [S6] GPU OK t=91 n=1
12:33:19 [S6] GPU OK t=91 n=1
12:33:19 [S6] GPU OK t=91 n=1
12:33:19 [S6] GPU OK t=91 n=1
12:33:19 [S1] GPU OK 3840x2160 t=92
12:33:19 [S6] GPU OK t=92 n=1
12:33:19 [S6] GPU OK t=92 n=1
12:33:19 [S6] GPU OK t=92 n=1
12:33:19 [S6] GPU OK t=92 n=1
12:33:19 [S6] GPU OK t=92 n=1
12:33:19 [S6] GPU OK t=92 n=1
12:33:19 [S6] GPU OK t=92 n=1
12:33:19 [S6] GPU OK t=92 n=1
12:33:19 [S1] GPU OK 3840x2160 t=93
12:33:19 [S6] GPU OK t=93 n=1
12:33:19 [S6] GPU OK t=93 n=1
12:33:19 [S6] GPU OK t=93 n=1
12:33:19 [S6] GPU OK t=93 n=1
12:33:19 [S6] GPU OK t=93 n=1
12:33:19 [S6] GPU OK t=93 n=1
12:33:19 [S6] GPU OK t=93 n=1
12:33:19 [S6] GPU OK t=93 n=1
12:33:19 [S1] GPU OK 3840x2160 t=94
12:33:19 [S6] GPU OK t=94 n=8
12:33:19 [S6] GPU OK t=94 n=8
12:33:19 [S6] GPU OK t=94 n=8
12:33:19 [S6] GPU OK t=94 n=8
12:33:19 [S6] GPU OK t=94 n=8
12:33:19 [S6] GPU OK t=94 n=8
12:33:19 [S6] GPU OK t=94 n=8
12:33:19 [S6] GPU OK t=94 n=8
12:33:19 [S1] GPU OK 3840x2160 t=95
12:33:19 [S6] GPU OK t=95 n=8
12:33:19 [S6] GPU OK t=95 n=8
12:33:19 [S6] GPU OK t=95 n=8
12:33:19 [S6] GPU OK t=95 n=8
12:33:19 [S6] GPU OK t=95 n=8
12:33:19 [S6] GPU OK t=95 n=8
12:33:19 [S6] GPU OK t=95 n=8
12:33:19 [S6] GPU OK t=95 n=8
12:33:19 [S1] GPU OK 3840x2160 t=96
12:33:19 [S6] GPU OK t=96 n=8
12:33:19 [S6] GPU OK t=96 n=8
12:33:19 [S6] GPU OK t=96 n=8
12:33:19 [S6] GPU OK t=96 n=8
12:33:19 [S6] GPU OK t=96 n=8
12:33:19 [S6] GPU OK t=96 n=8
12:33:19 [S6] GPU OK t=96 n=8
12:33:19 [S6] GPU OK t=96 n=8
12:33:19 [S1] GPU OK 3840x2160 t=97
12:33:19 [S6] GPU OK t=97 n=8
12:33:19 [S6] GPU OK t=97 n=8
12:33:19 [S6] GPU OK t=97 n=8
12:33:19 [S6] GPU OK t=97 n=8
12:33:19 [S6] GPU OK t=97 n=8
12:33:19 [S6] GPU OK t=97 n=8
12:33:19 [S6] GPU OK t=97 n=8
12:33:19 [S6] GPU OK t=97 n=8
12:33:19 [S1] GPU OK 3840x2160 t=98
12:33:19 [S6] GPU OK t=98 n=8
12:33:19 [S6] GPU OK t=98 n=8
12:33:19 [S6] GPU OK t=98 n=8
12:33:19 [S6] GPU OK t=98 n=8
12:33:19 [S6] GPU OK t=98 n=8
12:33:19 [S6] GPU OK t=98 n=8
12:33:19 [S6] GPU OK t=98 n=8
12:33:19 [S6] GPU OK t=98 n=8
12:33:19 [S1] GPU OK 3840x2160 t=99
12:33:19 [S6] GPU OK t=99 n=8
12:33:19 [S6] GPU OK t=99 n=8
12:33:19 [S6] GPU OK t=99 n=8
12:33:19 [S6] GPU OK t=99 n=8
12:33:19 [S6] GPU OK t=99 n=8
12:33:19 [S6] GPU OK t=99 n=8
12:33:19 [S6] GPU OK t=99 n=8
12:33:19 [S6] GPU OK t=99 n=8
12:33:19 [S1] GPU OK 3840x2160 t=100
12:33:19 [S6] GPU OK t=100 n=8
12:33:19 [S6] GPU OK t=100 n=8
12:33:19 [S6] GPU OK t=100 n=8
12:33:19 [S6] GPU OK t=100 n=8
12:33:19 [S6] GPU OK t=100 n=8
12:33:19 [S6] GPU OK t=100 n=8
12:33:19 [S6] GPU OK t=100 n=8
12:33:19 [S6] GPU OK t=100 n=8
12:33:19 [S1] GPU OK 3840x2160 t=101
12:33:19 [S6] GPU OK t=101 n=8
12:33:19 [S6] GPU OK t=101 n=8
12:33:19 [S6] GPU OK t=101 n=8
12:33:19 [S6] GPU OK t=101 n=8
12:33:19 [S6] GPU OK t=101 n=8
12:33:19 [S6] GPU OK t=101 n=8
12:33:19 [S6] GPU OK t=101 n=8
12:33:19 [S6] GPU OK t=101 n=8
12:33:19 [S1] GPU OK 3840x2160 t=102
12:33:19 [S6] GPU OK t=102 n=8
12:33:19 [S6] GPU OK t=102 n=8
12:33:19 [S6] GPU OK t=102 n=8
12:33:19 [S6] GPU OK t=102 n=8
12:33:19 [S6] GPU OK t=102 n=8
12:33:19 [S6] GPU OK t=102 n=8
12:33:19 [S6] GPU OK t=102 n=8
12:33:19 [S6] GPU OK t=102 n=8
12:33:19 [S1] GPU OK 3840x2160 t=103
12:33:19 [S6] GPU OK t=103 n=8
12:33:19 [S6] GPU OK t=103 n=8
12:33:19 [S6] GPU OK t=103 n=8
12:33:19 [S6] GPU OK t=103 n=8
12:33:19 [S6] GPU OK t=103 n=8
12:33:19 [S6] GPU OK t=103 n=8
12:33:19 [S6] GPU OK t=103 n=8
12:33:19 [S6] GPU OK t=103 n=8
12:33:19 [S1] GPU OK 3840x2160 t=104
12:33:19 [S6] GPU OK t=104 n=8
12:33:19 [S6] GPU OK t=104 n=8
12:33:19 [S6] GPU OK t=104 n=8
12:33:19 [S6] GPU OK t=104 n=8
12:33:19 [S6] GPU OK t=104 n=8
12:33:19 [S6] GPU OK t=104 n=8
12:33:19 [S6] GPU OK t=104 n=8
12:33:19 [S6] GPU OK t=104 n=8
12:33:19 [S1] GPU OK 3840x2160 t=105
12:33:19 [S6] GPU OK t=105 n=8
12:33:19 [S6] GPU OK t=105 n=8
12:33:19 [S6] GPU OK t=105 n=8
12:33:19 [S6] GPU OK t=105 n=8
12:33:19 [S6] GPU OK t=105 n=8
12:33:19 [S6] GPU OK t=105 n=8
12:33:19 [S6] GPU OK t=105 n=8
12:33:19 [S6] GPU OK t=105 n=8
12:33:19 [S1] GPU OK 3840x2160 t=106
12:33:19 [S6] GPU OK t=106 n=8
12:33:19 [S6] GPU OK t=106 n=8
12:33:19 [S6] GPU OK t=106 n=8
12:33:19 [S6] GPU OK t=106 n=8
12:33:19 [S6] GPU OK t=106 n=8
12:33:19 [S6] GPU OK t=106 n=8
12:33:19 [S6] GPU OK t=106 n=8
12:33:19 [S6] GPU OK t=106 n=8
12:33:19 [S1] GPU OK 3840x2160 t=107
12:33:19 [S6] GPU OK t=107 n=8
12:33:19 [S6] GPU OK t=107 n=8
12:33:19 [S6] GPU OK t=107 n=8
12:33:19 [S6] GPU OK t=107 n=8
12:33:19 [S6] GPU OK t=107 n=8
12:33:19 [S6] GPU OK t=107 n=8
12:33:20 [S6] GPU OK t=107 n=8
12:33:20 [S6] GPU OK t=107 n=8
12:33:20 [S1] GPU OK 3840x2160 t=108
12:33:20 [S6] GPU OK t=108 n=8
12:33:20 [S6] GPU OK t=108 n=8
12:33:20 [S6] GPU OK t=108 n=8
12:33:20 [S6] GPU OK t=108 n=8
12:33:20 [S6] GPU OK t=108 n=8
12:33:20 [S6] GPU OK t=108 n=8
12:33:20 [S6] GPU OK t=108 n=8
12:33:20 [S6] GPU OK t=108 n=8
12:33:20 [S1] GPU OK 3840x2160 t=109
12:33:20 [S6] GPU OK t=109 n=8
12:33:20 [S6] GPU OK t=109 n=8
12:33:20 [S6] GPU OK t=109 n=8
12:33:20 [S6] GPU OK t=109 n=8
12:33:20 [S6] GPU OK t=109 n=8
12:33:20 [S6] GPU OK t=109 n=8
12:33:20 [S6] GPU OK t=109 n=8
12:33:20 [S6] GPU OK t=109 n=8
12:33:20 [S1] GPU OK 3840x2160 t=110
12:33:20 [S6] GPU OK t=110 n=8
12:33:20 [S6] GPU OK t=110 n=8
12:33:20 [S6] GPU OK t=110 n=8
12:33:20 [S6] GPU OK t=110 n=8
12:33:20 [S6] GPU OK t=110 n=8
12:33:20 [S6] GPU OK t=110 n=8
12:33:20 [S6] GPU OK t=110 n=8
12:33:20 [S6] GPU OK t=110 n=8
12:33:20 [S1] GPU OK 3840x2160 t=111
12:33:20 [S6] GPU OK t=111 n=8
12:33:20 [S6] GPU OK t=111 n=8
12:33:20 [S6] GPU OK t=111 n=8
12:33:20 [S6] GPU OK t=111 n=8
12:33:20 [S6] GPU OK t=111 n=8
12:33:20 [S6] GPU OK t=111 n=8
12:33:20 [S6] GPU OK t=111 n=8
12:33:20 [S6] GPU OK t=111 n=8
12:33:20 [S1] GPU OK 3840x2160 t=112
12:33:20 [S6] GPU OK t=112 n=8
12:33:20 [S6] GPU OK t=112 n=8
12:33:20 [S6] GPU OK t=112 n=8
12:33:20 [S6] GPU OK t=112 n=8
12:33:20 [S6] GPU OK t=112 n=8
12:33:20 [S6] GPU OK t=112 n=8
12:33:20 [S6] GPU OK t=112 n=8
12:33:20 [S6] GPU OK t=112 n=8
12:33:20 [S1] GPU OK 3840x2160 t=113
12:33:20 [S6] GPU OK t=113 n=8
12:33:20 [S6] GPU OK t=113 n=8
12:33:20 [S6] GPU OK t=113 n=8
12:33:20 [S6] GPU OK t=113 n=8
12:33:20 [S6] GPU OK t=113 n=8
12:33:20 [S6] GPU OK t=113 n=8
12:33:20 [S6] GPU OK t=113 n=8
12:33:20 [S6] GPU OK t=113 n=8
12:33:20 [S1] GPU OK 3840x2160 t=114
12:33:20 [S6] GPU OK t=114 n=8
12:33:20 [S6] GPU OK t=114 n=8
12:33:20 [S6] GPU OK t=114 n=8
12:33:20 [S6] GPU OK t=114 n=8
12:33:20 [S6] GPU OK t=114 n=8
12:33:20 [S6] GPU OK t=114 n=8
12:33:20 [S6] GPU OK t=114 n=8
12:33:20 [S6] GPU OK t=114 n=8
12:33:20 [S1] GPU OK 3840x2160 t=115
12:33:20 [S6] GPU OK t=115 n=8
12:33:20 [S6] GPU OK t=115 n=8
12:33:20 [S6] GPU OK t=115 n=8
12:33:20 [S6] GPU OK t=115 n=8
12:33:20 [S6] GPU OK t=115 n=8
12:33:20 [S6] GPU OK t=115 n=8
12:33:20 [S6] GPU OK t=115 n=8
12:33:20 [S6] GPU OK t=115 n=8
12:33:20 [S1] GPU OK 3840x2160 t=116
12:33:20 [S6] GPU OK t=116 n=8
12:33:20 [S6] GPU OK t=116 n=8
12:33:20 [S6] GPU OK t=116 n=8
12:33:20 [S6] GPU OK t=116 n=8
12:33:20 [S6] GPU OK t=116 n=8
12:33:20 [S6] GPU OK t=116 n=8
12:33:20 [S6] GPU OK t=116 n=8
12:33:20 [S6] GPU OK t=116 n=8
12:33:20 [S1] GPU OK 3840x2160 t=117
12:33:20 [S6] GPU OK t=117 n=8
12:33:20 [S6] GPU OK t=117 n=8
12:33:20 [S6] GPU OK t=117 n=8
12:33:20 [S6] GPU OK t=117 n=8
12:33:20 [S6] GPU OK t=117 n=8
12:33:20 [S6] GPU OK t=117 n=8
12:33:20 [S6] GPU OK t=117 n=8
12:33:20 [S6] GPU OK t=117 n=8
12:33:20 [S1] GPU OK 3840x2160 t=118
12:33:20 [S6] GPU OK t=118 n=8
12:33:20 [S6] GPU OK t=118 n=8
12:33:20 [S6] GPU OK t=118 n=8
12:33:20 [S6] GPU OK t=118 n=8
12:33:20 [S6] GPU OK t=118 n=8
12:33:20 [S6] GPU OK t=118 n=8
12:33:20 [S6] GPU OK t=118 n=8
12:33:20 [S6] GPU OK t=118 n=8
12:33:20 [S1] GPU OK 3840x2160 t=119
12:33:20 [S6] GPU OK t=119 n=8
12:33:20 [S6] GPU OK t=119 n=8
12:33:20 [S6] GPU OK t=119 n=8
12:33:20 [S6] GPU OK t=119 n=8
12:33:20 [S6] GPU OK t=119 n=8
12:33:20 [S6] GPU OK t=119 n=8
12:33:20 [S6] GPU OK t=119 n=8
12:33:20 [S6] GPU OK t=119 n=8
12:33:20 [S1] GPU OK 3840x2160 t=0
12:33:20 [S6] GPU OK t=0 n=8
12:33:20 [S6] GPU OK t=0 n=8
12:33:20 [S6] GPU OK t=0 n=8
12:33:20 [S6] GPU OK t=0 n=8
12:33:20 [S6] GPU OK t=0 n=8
12:33:20 [S6] GPU OK t=0 n=8
12:33:20 [S6] GPU OK t=0 n=8
12:33:20 [S6] GPU OK t=0 n=8
12:33:20 [S1] GPU OK 3840x2160 t=0
12:33:20 [S6] GPU OK t=0 n=8
12:33:20 [S6] GPU OK t=0 n=8
12:33:20 [S6] GPU OK t=0 n=8
12:33:20 [S6] GPU OK t=0 n=8
12:33:20 [S6] GPU OK t=0 n=8
12:33:20 [S6] GPU OK t=0 n=8
12:33:20 [S6] GPU OK t=0 n=8
12:33:20 [S6] GPU OK t=0 n=8
12:33:21 [S1] GPU OK 3840x2160 t=0
12:33:21 [S6] GPU OK t=0 n=8
12:33:21 [S6] GPU OK t=0 n=8
12:33:21 [S6] GPU OK t=0 n=8
12:33:21 [S6] GPU OK t=0 n=8
12:33:21 [S6] GPU OK t=0 n=8
12:33:21 [S6] GPU OK t=0 n=8
12:33:21 [S6] GPU OK t=0 n=8
12:33:21 [S6] GPU OK t=0 n=8
12:33:21 [S1] GPU OK 3840x2160 t=0
12:33:21 [S6] GPU OK t=0 n=8
12:33:21 [S6] GPU OK t=0 n=8
12:33:21 [S6] GPU OK t=0 n=8
12:33:21 [S6] GPU OK t=0 n=8
12:33:21 [S6] GPU OK t=0 n=8
12:33:21 [S6] GPU OK t=0 n=8
12:33:21 [S6] GPU OK t=0 n=8
12:33:21 [S6] GPU OK t=0 n=8
12:33:26 [S1] GPU OK 3840x2160 t=0
12:33:26 [S6] GPU OK t=0 n=8
12:33:26 [S6] GPU OK t=0 n=8
12:33:26 [S6] GPU OK t=0 n=8
12:33:26 [S6] GPU OK t=0 n=8
12:33:26 [S6] GPU OK t=0 n=8
12:33:26 [S6] GPU OK t=0 n=8
12:33:26 [S6] GPU OK t=0 n=8
12:33:26 [S6] GPU OK t=0 n=8
12:33:26 [S1] GPU OK 3840x2160 t=0
12:33:26 [S6] GPU OK t=0 n=8
12:33:26 [S6] GPU OK t=0 n=8
12:33:26 [S6] GPU OK t=0 n=8
12:33:26 [S6] GPU OK t=0 n=8
12:33:26 [S6] GPU OK t=0 n=8
12:33:26 [S6] GPU OK t=0 n=8
12:33:26 [S6] GPU OK t=0 n=8
12:33:26 [S6] GPU OK t=0 n=8
12:33:26 [S1] GPU OK 3840x2160 t=0
12:33:26 [S6] GPU OK t=0 n=8
12:33:26 [S6] GPU OK t=0 n=8
12:33:26 [S6] GPU OK t=0 n=8
12:33:26 [S6] GPU OK t=0 n=8
12:33:26 [S6] GPU OK t=0 n=8
12:33:26 [S6] GPU OK t=0 n=8
12:33:26 [S6] GPU OK t=0 n=8
12:33:26 [S6] GPU OK t=0 n=8
12:33:26 [S1] GPU OK 3840x2160 t=0
12:33:26 [S6] GPU OK t=0 n=8
12:33:26 [S6] GPU OK t=0 n=8
12:33:26 [S6] GPU OK t=0 n=8
12:33:26 [S6] GPU OK t=0 n=8
12:33:26 [S6] GPU OK t=0 n=8
12:33:26 [S6] GPU OK t=0 n=8
12:33:26 [S6] GPU OK t=0 n=8
12:33:26 [S6] GPU OK t=0 n=8
12:33:26 [S1] GPU OK 3840x2160 t=1
12:33:26 [S6] GPU OK t=1 n=8
12:33:26 [S6] GPU OK t=1 n=8
12:33:26 [S6] GPU OK t=1 n=8
12:33:26 [S6] GPU OK t=1 n=8
12:33:26 [S6] GPU OK t=1 n=8
12:33:26 [S6] GPU OK t=1 n=8
12:33:26 [S6] GPU OK t=1 n=8
12:33:26 [S6] GPU OK t=1 n=8
12:33:26 [S1] GPU OK 3840x2160 t=2
12:33:26 [S6] GPU OK t=2 n=8
12:33:26 [S6] GPU OK t=2 n=8
12:33:26 [S6] GPU OK t=2 n=8
12:33:26 [S6] GPU OK t=2 n=8
12:33:26 [S6] GPU OK t=2 n=8
12:33:26 [S6] GPU OK t=2 n=8
12:33:26 [S6] GPU OK t=2 n=8
12:33:26 [S6] GPU OK t=2 n=8
12:33:26 [S1] GPU OK 3840x2160 t=3
12:33:26 [S6] GPU OK t=3 n=8
12:33:26 [S6] GPU OK t=3 n=8
12:33:26 [S6] GPU OK t=3 n=8
12:33:26 [S6] GPU OK t=3 n=8
12:33:26 [S6] GPU OK t=3 n=8
12:33:26 [S6] GPU OK t=3 n=8
12:33:26 [S6] GPU OK t=3 n=8
12:33:26 [S6] GPU OK t=3 n=8
12:33:26 [S1] GPU OK 3840x2160 t=4
12:33:26 [S6] GPU OK t=4 n=8
12:33:26 [S6] GPU OK t=4 n=8
12:33:26 [S6] GPU OK t=4 n=8
12:33:26 [S6] GPU OK t=4 n=8
12:33:26 [S6] GPU OK t=4 n=8
12:33:26 [S6] GPU OK t=4 n=8
12:33:26 [S6] GPU OK t=4 n=8
12:33:26 [S6] GPU OK t=4 n=8
12:33:26 [S1] GPU OK 3840x2160 t=5
12:33:26 [S6] GPU OK t=5 n=8
12:33:27 [S6] GPU OK t=5 n=8
12:33:27 [S6] GPU OK t=5 n=8
12:33:27 [S6] GPU OK t=5 n=8
12:33:27 [S6] GPU OK t=5 n=8
12:33:27 [S6] GPU OK t=5 n=8
12:33:27 [S6] GPU OK t=5 n=8
12:33:27 [S6] GPU OK t=5 n=8
12:33:27 [S1] GPU OK 3840x2160 t=6
12:33:27 [S6] GPU OK t=6 n=8
12:33:27 [S6] GPU OK t=6 n=8
12:33:27 [S6] GPU OK t=6 n=8
12:33:27 [S6] GPU OK t=6 n=8
12:33:27 [S6] GPU OK t=6 n=8
12:33:27 [S6] GPU OK t=6 n=8
12:33:27 [S6] GPU OK t=6 n=8
12:33:27 [S6] GPU OK t=6 n=8
12:33:27 [S1] GPU OK 3840x2160 t=7
12:33:27 [S6] GPU OK t=7 n=8
12:33:27 [S6] GPU OK t=7 n=8
12:33:27 [S6] GPU OK t=7 n=8
12:33:27 [S6] GPU OK t=7 n=8
12:33:27 [S6] GPU OK t=7 n=8
12:33:27 [S6] GPU OK t=7 n=8
12:33:27 [S6] GPU OK t=7 n=8
12:33:27 [S6] GPU OK t=7 n=8
12:33:27 [S1] GPU OK 3840x2160 t=8
12:33:27 [S6] GPU OK t=8 n=8
12:33:27 [S6] GPU OK t=8 n=8
12:33:27 [S6] GPU OK t=8 n=8
12:33:27 [S6] GPU OK t=8 n=8
12:33:27 [S6] GPU OK t=8 n=8
12:33:27 [S6] GPU OK t=8 n=8
12:33:27 [S6] GPU OK t=8 n=8
12:33:27 [S6] GPU OK t=8 n=8
12:33:27 [S1] GPU OK 3840x2160 t=9
12:33:27 [S6] GPU OK t=9 n=8
12:33:27 [S6] GPU OK t=9 n=8
12:33:27 [S6] GPU OK t=9 n=8
12:33:27 [S6] GPU OK t=9 n=8
12:33:27 [S6] GPU OK t=9 n=8
12:33:27 [S6] GPU OK t=9 n=8
12:33:27 [S6] GPU OK t=9 n=8
12:33:27 [S6] GPU OK t=9 n=8
12:33:27 [S1] GPU OK 3840x2160 t=10
12:33:27 [S6] GPU OK t=10 n=8
12:33:27 [S6] GPU OK t=10 n=8
12:33:27 [S6] GPU OK t=10 n=8
12:33:27 [S6] GPU OK t=10 n=8
12:33:27 [S6] GPU OK t=10 n=8
12:33:27 [S6] GPU OK t=10 n=8
12:33:27 [S6] GPU OK t=10 n=8
12:33:27 [S6] GPU OK t=10 n=8
12:33:27 [S1] GPU OK 3840x2160 t=11
12:33:27 [S6] GPU OK t=11 n=8
12:33:27 [S6] GPU OK t=11 n=8
12:33:27 [S6] GPU OK t=11 n=8
12:33:27 [S6] GPU OK t=11 n=8
12:33:27 [S6] GPU OK t=11 n=8
12:33:27 [S6] GPU OK t=11 n=8
12:33:27 [S6] GPU OK t=11 n=8
12:33:27 [S6] GPU OK t=11 n=8
12:33:27 [S1] GPU OK 3840x2160 t=12
12:33:27 [S6] GPU OK t=12 n=8
12:33:27 [S6] GPU OK t=12 n=8
12:33:27 [S6] GPU OK t=12 n=8
12:33:27 [S6] GPU OK t=12 n=8
12:33:27 [S6] GPU OK t=12 n=8
12:33:27 [S6] GPU OK t=12 n=8
12:33:27 [S6] GPU OK t=12 n=8
12:33:27 [S6] GPU OK t=12 n=8
12:33:27 [S1] GPU OK 3840x2160 t=13
12:33:27 [S6] GPU OK t=13 n=8
12:33:27 [S6] GPU OK t=13 n=8
12:33:27 [S6] GPU OK t=13 n=8
12:33:27 [S6] GPU OK t=13 n=8
12:33:27 [S6] GPU OK t=13 n=8
12:33:27 [S6] GPU OK t=13 n=8
12:33:27 [S6] GPU OK t=13 n=8
12:33:27 [S6] GPU OK t=13 n=8
12:33:27 [S1] GPU OK 3840x2160 t=14
12:33:27 [S6] GPU OK t=14 n=8
12:33:27 [S6] GPU OK t=14 n=8
12:33:27 [S6] GPU OK t=14 n=8
12:33:27 [S6] GPU OK t=14 n=8
12:33:27 [S6] GPU OK t=14 n=8
12:33:27 [S6] GPU OK t=14 n=8
12:33:27 [S6] GPU OK t=14 n=8
12:33:27 [S6] GPU OK t=14 n=8
12:33:27 [S1] GPU OK 3840x2160 t=15
12:33:27 [S6] GPU OK t=15 n=8
12:33:27 [S6] GPU OK t=15 n=8
12:33:27 [S6] GPU OK t=15 n=8
12:33:27 [S6] GPU OK t=15 n=8
12:33:27 [S6] GPU OK t=15 n=8
12:33:27 [S6] GPU OK t=15 n=8
12:33:27 [S6] GPU OK t=15 n=8
12:33:27 [S6] GPU OK t=15 n=8
12:33:27 [S1] GPU OK 3840x2160 t=16
12:33:27 [S6] GPU OK t=16 n=8
12:33:27 [S6] GPU OK t=16 n=8
12:33:27 [S6] GPU OK t=16 n=8
12:33:27 [S6] GPU OK t=16 n=8
12:33:27 [S6] GPU OK t=16 n=8
12:33:27 [S6] GPU OK t=16 n=8
12:33:27 [S6] GPU OK t=16 n=8
12:33:27 [S6] GPU OK t=16 n=8
12:33:27 [S1] GPU OK 3840x2160 t=17
12:33:27 [S6] GPU OK t=17 n=8
12:33:27 [S6] GPU OK t=17 n=8
12:33:27 [S6] GPU OK t=17 n=8
12:33:27 [S6] GPU OK t=17 n=8
12:33:27 [S6] GPU OK t=17 n=8
12:33:27 [S6] GPU OK t=17 n=8
12:33:27 [S6] GPU OK t=17 n=8
12:33:27 [S6] GPU OK t=17 n=8
12:33:27 [S1] GPU OK 3840x2160 t=18
12:33:27 [S6] GPU OK t=18 n=8
12:33:27 [S6] GPU OK t=18 n=8
12:33:27 [S6] GPU OK t=18 n=8
12:33:27 [S6] GPU OK t=18 n=8
12:33:27 [S6] GPU OK t=18 n=8
12:33:27 [S6] GPU OK t=18 n=8
12:33:27 [S6] GPU OK t=18 n=8
12:33:27 [S6] GPU OK t=18 n=8
12:33:27 [S1] GPU OK 3840x2160 t=19
12:33:27 [S6] GPU OK t=19 n=8
12:33:27 [S6] GPU OK t=19 n=8
12:33:27 [S6] GPU OK t=19 n=8
12:33:27 [S6] GPU OK t=19 n=8
12:33:27 [S6] GPU OK t=19 n=8
12:33:27 [S6] GPU OK t=19 n=8
12:33:27 [S6] GPU OK t=19 n=8
12:33:27 [S6] GPU OK t=19 n=8
12:33:27 [S1] GPU OK 3840x2160 t=20
12:33:27 [S6] GPU OK t=20 n=8
12:33:27 [S6] GPU OK t=20 n=8
12:33:27 [S6] GPU OK t=20 n=8
12:33:27 [S6] GPU OK t=20 n=8
12:33:27 [S6] GPU OK t=20 n=8
12:33:27 [S6] GPU OK t=20 n=8
12:33:27 [S6] GPU OK t=20 n=8
12:33:27 [S6] GPU OK t=20 n=8
12:33:27 [S1] GPU OK 3840x2160 t=21
12:33:27 [S6] GPU OK t=21 n=8
12:33:27 [S6] GPU OK t=21 n=8
12:33:27 [S6] GPU OK t=21 n=8
12:33:27 [S6] GPU OK t=21 n=8
12:33:27 [S6] GPU OK t=21 n=8
12:33:27 [S6] GPU OK t=21 n=8
12:33:27 [S6] GPU OK t=21 n=8
12:33:27 [S6] GPU OK t=21 n=8
12:33:27 [S1] GPU OK 3840x2160 t=22
12:33:27 [S6] GPU OK t=22 n=8
12:33:27 [S6] GPU OK t=22 n=8
12:33:27 [S6] GPU OK t=22 n=8
12:33:27 [S6] GPU OK t=22 n=8
12:33:27 [S6] GPU OK t=22 n=8
12:33:27 [S6] GPU OK t=22 n=8
12:33:27 [S6] GPU OK t=22 n=8
12:33:27 [S6] GPU OK t=22 n=8
12:33:27 [S1] GPU OK 3840x2160 t=23
12:33:27 [S6] GPU OK t=23 n=8
12:33:27 [S6] GPU OK t=23 n=8
12:33:27 [S6] GPU OK t=23 n=8
12:33:27 [S6] GPU OK t=23 n=8
12:33:27 [S6] GPU OK t=23 n=8
12:33:28 [S6] GPU OK t=23 n=8
12:33:28 [S6] GPU OK t=23 n=8
12:33:28 [S6] GPU OK t=23 n=8
12:33:28 [S1] GPU OK 3840x2160 t=24
12:33:28 [S6] GPU OK t=24 n=8
12:33:28 [S6] GPU OK t=24 n=8
12:33:28 [S6] GPU OK t=24 n=8
12:33:28 [S6] GPU OK t=24 n=8
12:33:28 [S6] GPU OK t=24 n=8
12:33:28 [S6] GPU OK t=24 n=8
12:33:28 [S6] GPU OK t=24 n=8
12:33:28 [S6] GPU OK t=24 n=8
12:33:28 [S1] GPU OK 3840x2160 t=25
12:33:28 [S6] GPU OK t=25 n=8
12:33:28 [S6] GPU OK t=25 n=8
12:33:28 [S6] GPU OK t=25 n=8
12:33:28 [S6] GPU OK t=25 n=8
12:33:28 [S6] GPU OK t=25 n=8
12:33:28 [S6] GPU OK t=25 n=8
12:33:28 [S6] GPU OK t=25 n=8
12:33:28 [S6] GPU OK t=25 n=8
12:33:28 [S1] GPU OK 3840x2160 t=26
12:33:28 [S6] GPU OK t=26 n=8
12:33:28 [S6] GPU OK t=26 n=8
12:33:28 [S6] GPU OK t=26 n=8
12:33:28 [S6] GPU OK t=26 n=8
12:33:28 [S6] GPU OK t=26 n=8
12:33:28 [S6] GPU OK t=26 n=8
12:33:28 [S6] GPU OK t=26 n=8
12:33:28 [S6] GPU OK t=26 n=8
12:33:28 [S1] GPU OK 3840x2160 t=27
12:33:28 [S6] GPU OK t=27 n=8
12:33:28 [S6] GPU OK t=27 n=8
12:33:28 [S6] GPU OK t=27 n=8
12:33:28 [S6] GPU OK t=27 n=8
12:33:28 [S6] GPU OK t=27 n=8
12:33:28 [S6] GPU OK t=27 n=8
12:33:28 [S6] GPU OK t=27 n=8
12:33:28 [S6] GPU OK t=27 n=8
12:33:28 [S1] GPU OK 3840x2160 t=28
12:33:28 [S6] GPU OK t=28 n=8
12:33:28 [S6] GPU OK t=28 n=8
12:33:28 [S6] GPU OK t=28 n=8
12:33:28 [S6] GPU OK t=28 n=8
12:33:28 [S6] GPU OK t=28 n=8
12:33:28 [S6] GPU OK t=28 n=8
12:33:28 [S6] GPU OK t=28 n=8
12:33:28 [S6] GPU OK t=28 n=8
12:33:28 [S1] GPU OK 3840x2160 t=29
12:33:28 [S6] GPU OK t=29 n=8
12:33:28 [S6] GPU OK t=29 n=8
12:33:28 [S6] GPU OK t=29 n=8
12:33:28 [S6] GPU OK t=29 n=8
12:33:28 [S6] GPU OK t=29 n=8
12:33:28 [S6] GPU OK t=29 n=8
12:33:28 [S6] GPU OK t=29 n=8
12:33:28 [S6] GPU OK t=29 n=8
12:33:28 [S1] GPU OK 3840x2160 t=30
12:33:28 [S6] GPU OK t=30 n=8
12:33:28 [S6] GPU OK t=30 n=8
12:33:28 [S6] GPU OK t=30 n=8
12:33:28 [S6] GPU OK t=30 n=8
12:33:28 [S6] GPU OK t=30 n=8
12:33:28 [S6] GPU OK t=30 n=8
12:33:28 [S6] GPU OK t=30 n=8
12:33:28 [S6] GPU OK t=30 n=8
12:33:28 [S1] GPU OK 3840x2160 t=31
12:33:28 [S6] GPU OK t=31 n=8
12:33:28 [S6] GPU OK t=31 n=8
12:33:28 [S6] GPU OK t=31 n=8
12:33:28 [S6] GPU OK t=31 n=8
12:33:28 [S6] GPU OK t=31 n=8
12:33:28 [S6] GPU OK t=31 n=8
12:33:28 [S6] GPU OK t=31 n=8
12:33:28 [S6] GPU OK t=31 n=8
12:33:28 [S1] GPU OK 3840x2160 t=32
12:33:28 [S6] GPU OK t=32 n=8
12:33:28 [S6] GPU OK t=32 n=8
12:33:28 [S6] GPU OK t=32 n=8
12:33:28 [S6] GPU OK t=32 n=8
12:33:28 [S6] GPU OK t=32 n=8
12:33:28 [S6] GPU OK t=32 n=8
12:33:28 [S6] GPU OK t=32 n=8
12:33:28 [S6] GPU OK t=32 n=8
12:33:28 [S1] GPU OK 3840x2160 t=33
12:33:28 [S6] GPU OK t=33 n=8
12:33:28 [S6] GPU OK t=33 n=8
12:33:28 [S6] GPU OK t=33 n=8
12:33:28 [S6] GPU OK t=33 n=8
12:33:28 [S6] GPU OK t=33 n=8
12:33:28 [S6] GPU OK t=33 n=8
12:33:28 [S6] GPU OK t=33 n=8
12:33:28 [S6] GPU OK t=33 n=8
12:33:28 [S1] GPU OK 3840x2160 t=34
12:33:28 [S6] GPU OK t=34 n=8
12:33:28 [S6] GPU OK t=34 n=8
12:33:28 [S6] GPU OK t=34 n=8
12:33:28 [S6] GPU OK t=34 n=8
12:33:28 [S6] GPU OK t=34 n=8
12:33:28 [S6] GPU OK t=34 n=8
12:33:28 [S6] GPU OK t=34 n=8
12:33:28 [S6] GPU OK t=34 n=8
12:33:28 [S1] GPU OK 3840x2160 t=35
12:33:28 [S6] GPU OK t=35 n=8
12:33:28 [S6] GPU OK t=35 n=8
12:33:28 [S6] GPU OK t=35 n=8
12:33:28 [S6] GPU OK t=35 n=8
12:33:28 [S6] GPU OK t=35 n=8
12:33:28 [S6] GPU OK t=35 n=8
12:33:28 [S6] GPU OK t=35 n=8
12:33:28 [S6] GPU OK t=35 n=8
12:33:28 [S1] GPU OK 3840x2160 t=36
12:33:28 [S6] GPU OK t=36 n=8
12:33:28 [S6] GPU OK t=36 n=8
12:33:28 [S6] GPU OK t=36 n=8
12:33:28 [S6] GPU OK t=36 n=8
12:33:28 [S6] GPU OK t=36 n=8
12:33:28 [S6] GPU OK t=36 n=8
12:33:28 [S6] GPU OK t=36 n=8
12:33:28 [S6] GPU OK t=36 n=8
12:33:28 [S1] GPU OK 3840x2160 t=37
12:33:28 [S6] GPU OK t=37 n=8
12:33:28 [S6] GPU OK t=37 n=8
12:33:28 [S6] GPU OK t=37 n=8
12:33:28 [S6] GPU OK t=37 n=8
12:33:28 [S6] GPU OK t=37 n=8
12:33:28 [S6] GPU OK t=37 n=8
12:33:28 [S6] GPU OK t=37 n=8
12:33:28 [S6] GPU OK t=37 n=8
12:33:28 [S1] GPU OK 3840x2160 t=38
12:33:28 [S6] GPU OK t=38 n=8
12:33:28 [S6] GPU OK t=38 n=8
12:33:28 [S6] GPU OK t=38 n=8
12:33:28 [S6] GPU OK t=38 n=8
12:33:28 [S6] GPU OK t=38 n=8
12:33:28 [S6] GPU OK t=38 n=8
12:33:28 [S6] GPU OK t=38 n=8
12:33:28 [S6] GPU OK t=38 n=8
12:33:28 [S1] GPU OK 3840x2160 t=39
12:33:28 [S6] GPU OK t=39 n=8
12:33:28 [S6] GPU OK t=39 n=8
12:33:28 [S6] GPU OK t=39 n=8
12:33:28 [S6] GPU OK t=39 n=8
12:33:28 [S6] GPU OK t=39 n=8
12:33:28 [S6] GPU OK t=39 n=8
12:33:28 [S6] GPU OK t=39 n=8
12:33:28 [S6] GPU OK t=39 n=8
12:33:28 [S1] GPU OK 3840x2160 t=40
12:33:28 [S6] GPU OK t=40 n=8
12:33:28 [S6] GPU OK t=40 n=8
12:33:28 [S6] GPU OK t=40 n=8
12:33:28 [S6] GPU OK t=40 n=8
12:33:28 [S6] GPU OK t=40 n=8
12:33:28 [S6] GPU OK t=40 n=8
12:33:28 [S6] GPU OK t=40 n=8
12:33:28 [S6] GPU OK t=40 n=8
12:33:28 [S1] GPU OK 3840x2160 t=41
12:33:28 [S6] GPU OK t=41 n=8
12:33:28 [S6] GPU OK t=41 n=8
12:33:28 [S6] GPU OK t=41 n=8
12:33:28 [S6] GPU OK t=41 n=8
12:33:28 [S6] GPU OK t=41 n=8
12:33:28 [S6] GPU OK t=41 n=8
12:33:28 [S6] GPU OK t=41 n=8
12:33:28 [S6] GPU OK t=41 n=8
12:33:28 [S1] GPU OK 3840x2160 t=42
12:33:28 [S6] GPU OK t=42 n=8
12:33:28 [S6] GPU OK t=42 n=8
12:33:29 [S6] GPU OK t=42 n=8
12:33:29 [S6] GPU OK t=42 n=8
12:33:29 [S6] GPU OK t=42 n=8
12:33:29 [S6] GPU OK t=42 n=8
12:33:29 [S6] GPU OK t=42 n=8
12:33:29 [S6] GPU OK t=42 n=8
12:33:29 [S1] GPU OK 3840x2160 t=43
12:33:29 [S6] GPU OK t=43 n=8
12:33:29 [S6] GPU OK t=43 n=8
12:33:29 [S6] GPU OK t=43 n=8
12:33:29 [S6] GPU OK t=43 n=8
12:33:29 [S6] GPU OK t=43 n=8
12:33:29 [S6] GPU OK t=43 n=8
12:33:29 [S6] GPU OK t=43 n=8
12:33:29 [S6] GPU OK t=43 n=8
12:33:29 [S1] GPU OK 3840x2160 t=44
12:33:29 [S6] GPU OK t=44 n=8
12:33:29 [S6] GPU OK t=44 n=8
12:33:29 [S6] GPU OK t=44 n=8
12:33:29 [S6] GPU OK t=44 n=8
12:33:29 [S6] GPU OK t=44 n=8
12:33:29 [S6] GPU OK t=44 n=8
12:33:29 [S6] GPU OK t=44 n=8
12:33:29 [S6] GPU OK t=44 n=8
12:33:29 [S1] GPU OK 3840x2160 t=45
12:33:29 [S6] GPU OK t=45 n=8
12:33:29 [S6] GPU OK t=45 n=8
12:33:29 [S6] GPU OK t=45 n=8
12:33:29 [S6] GPU OK t=45 n=8
12:33:29 [S6] GPU OK t=45 n=8
12:33:29 [S6] GPU OK t=45 n=8
12:33:29 [S6] GPU OK t=45 n=8
12:33:29 [S6] GPU OK t=45 n=8
12:33:29 [S1] GPU OK 3840x2160 t=46
12:33:29 [S6] GPU OK t=46 n=8
12:33:29 [S6] GPU OK t=46 n=8
12:33:29 [S6] GPU OK t=46 n=8
12:33:29 [S6] GPU OK t=46 n=8
12:33:29 [S6] GPU OK t=46 n=8
12:33:29 [S6] GPU OK t=46 n=8
12:33:29 [S6] GPU OK t=46 n=8
12:33:29 [S6] GPU OK t=46 n=8
12:33:29 [S1] GPU OK 3840x2160 t=47
12:33:29 [S6] GPU OK t=47 n=8
12:33:29 [S6] GPU OK t=47 n=8
12:33:29 [S6] GPU OK t=47 n=8
12:33:29 [S6] GPU OK t=47 n=8
12:33:29 [S6] GPU OK t=47 n=8
12:33:29 [S6] GPU OK t=47 n=8
12:33:29 [S6] GPU OK t=47 n=8
12:33:29 [S6] GPU OK t=47 n=8
12:33:29 [S1] GPU OK 3840x2160 t=48
12:33:29 [S6] GPU OK t=48 n=8
12:33:29 [S6] GPU OK t=48 n=8
12:33:29 [S6] GPU OK t=48 n=8
12:33:29 [S6] GPU OK t=48 n=8
12:33:29 [S6] GPU OK t=48 n=8
12:33:29 [S6] GPU OK t=48 n=8
12:33:29 [S6] GPU OK t=48 n=8
12:33:29 [S6] GPU OK t=48 n=8
12:33:29 [S1] GPU OK 3840x2160 t=49
12:33:29 [S6] GPU OK t=49 n=8
12:33:29 [S6] GPU OK t=49 n=8
12:33:29 [S6] GPU OK t=49 n=8
12:33:29 [S6] GPU OK t=49 n=8
12:33:29 [S6] GPU OK t=49 n=8
12:33:29 [S6] GPU OK t=49 n=8
12:33:29 [S6] GPU OK t=49 n=8
12:33:29 [S6] GPU OK t=49 n=8
12:33:29 [S1] GPU OK 3840x2160 t=50
12:33:29 [S6] GPU OK t=50 n=8
12:33:29 [S6] GPU OK t=50 n=8
12:33:29 [S6] GPU OK t=50 n=8
12:33:29 [S6] GPU OK t=50 n=8
12:33:29 [S6] GPU OK t=50 n=8
12:33:29 [S6] GPU OK t=50 n=8
12:33:29 [S6] GPU OK t=50 n=8
12:33:29 [S6] GPU OK t=50 n=8
12:33:29 [S1] GPU OK 3840x2160 t=51
12:33:29 [S6] GPU OK t=51 n=8
12:33:29 [S6] GPU OK t=51 n=8
12:33:29 [S6] GPU OK t=51 n=8
12:33:29 [S6] GPU OK t=51 n=8
12:33:29 [S6] GPU OK t=51 n=8
12:33:29 [S6] GPU OK t=51 n=8
12:33:29 [S6] GPU OK t=51 n=8
12:33:29 [S6] GPU OK t=51 n=8
12:33:29 [S1] GPU OK 3840x2160 t=52
12:33:29 [S6] GPU OK t=52 n=8
12:33:29 [S6] GPU OK t=52 n=8
12:33:29 [S6] GPU OK t=52 n=8
12:33:29 [S6] GPU OK t=52 n=8
12:33:29 [S6] GPU OK t=52 n=8
12:33:29 [S6] GPU OK t=52 n=8
12:33:29 [S6] GPU OK t=52 n=8
12:33:29 [S6] GPU OK t=52 n=8
12:33:29 [S1] GPU OK 3840x2160 t=53
12:33:29 [S6] GPU OK t=53 n=8
12:33:29 [S6] GPU OK t=53 n=8
12:33:29 [S6] GPU OK t=53 n=8
12:33:29 [S6] GPU OK t=53 n=8
12:33:29 [S6] GPU OK t=53 n=8
12:33:29 [S6] GPU OK t=53 n=8
12:33:29 [S6] GPU OK t=53 n=8
12:33:29 [S6] GPU OK t=53 n=8
12:33:29 [S1] GPU OK 3840x2160 t=54
12:33:29 [S6] GPU OK t=54 n=8
12:33:29 [S6] GPU OK t=54 n=8
12:33:29 [S6] GPU OK t=54 n=8
12:33:29 [S6] GPU OK t=54 n=8
12:33:29 [S6] GPU OK t=54 n=8
12:33:29 [S6] GPU OK t=54 n=8
12:33:29 [S6] GPU OK t=54 n=8
12:33:29 [S6] GPU OK t=54 n=8
12:33:29 [S1] GPU OK 3840x2160 t=55
12:33:29 [S6] GPU OK t=55 n=8
12:33:29 [S6] GPU OK t=55 n=8
12:33:29 [S6] GPU OK t=55 n=8
12:33:29 [S6] GPU OK t=55 n=8
12:33:29 [S6] GPU OK t=55 n=8
12:33:29 [S6] GPU OK t=55 n=8
12:33:29 [S6] GPU OK t=55 n=8
12:33:29 [S6] GPU OK t=55 n=8
12:33:29 [S1] GPU OK 3840x2160 t=56
12:33:29 [S6] GPU OK t=56 n=8
12:33:29 [S6] GPU OK t=56 n=8
12:33:29 [S6] GPU OK t=56 n=8
12:33:29 [S6] GPU OK t=56 n=8
12:33:29 [S6] GPU OK t=56 n=8
12:33:29 [S6] GPU OK t=56 n=8
12:33:29 [S6] GPU OK t=56 n=8
12:33:29 [S6] GPU OK t=56 n=8
12:33:29 [S1] GPU OK 3840x2160 t=57
12:33:29 [S6] GPU OK t=57 n=8
12:33:29 [S6] GPU OK t=57 n=8
12:33:29 [S6] GPU OK t=57 n=8
12:33:29 [S6] GPU OK t=57 n=8
12:33:29 [S6] GPU OK t=57 n=8
12:33:29 [S6] GPU OK t=57 n=8
12:33:29 [S6] GPU OK t=57 n=8
12:33:29 [S6] GPU OK t=57 n=8
12:33:29 [S1] GPU OK 3840x2160 t=58
12:33:29 [S6] GPU OK t=58 n=8
12:33:29 [S6] GPU OK t=58 n=8
12:33:29 [S6] GPU OK t=58 n=8
12:33:29 [S6] GPU OK t=58 n=8
12:33:29 [S6] GPU OK t=58 n=8
12:33:29 [S6] GPU OK t=58 n=8
12:33:29 [S6] GPU OK t=58 n=8
12:33:29 [S6] GPU OK t=58 n=8
12:33:29 [S1] GPU OK 3840x2160 t=59
12:33:29 [S6] GPU OK t=59 n=8
12:33:29 [S6] GPU OK t=59 n=8
12:33:29 [S6] GPU OK t=59 n=8
12:33:29 [S6] GPU OK t=59 n=8
12:33:29 [S6] GPU OK t=59 n=8
12:33:29 [S6] GPU OK t=59 n=8
12:33:29 [S6] GPU OK t=59 n=8
12:33:29 [S6] GPU OK t=59 n=8
12:33:29 [S1] GPU OK 3840x2160 t=60
12:33:29 [S6] GPU OK t=60 n=8
12:33:29 [S6] GPU OK t=60 n=8
12:33:29 [S6] GPU OK t=60 n=8
12:33:29 [S6] GPU OK t=60 n=8
12:33:29 [S6] GPU OK t=60 n=8
12:33:29 [S6] GPU OK t=60 n=8
12:33:30 [S6] GPU OK t=60 n=8
12:33:30 [S6] GPU OK t=60 n=8
12:33:30 [S1] GPU OK 3840x2160 t=61
12:33:30 [S6] GPU OK t=61 n=8
12:33:30 [S6] GPU OK t=61 n=8
12:33:30 [S6] GPU OK t=61 n=8
12:33:30 [S6] GPU OK t=61 n=8
12:33:30 [S6] GPU OK t=61 n=8
12:33:30 [S6] GPU OK t=61 n=8
12:33:30 [S6] GPU OK t=61 n=8
12:33:30 [S6] GPU OK t=61 n=8
12:33:30 [S1] GPU OK 3840x2160 t=62
12:33:30 [S6] GPU OK t=62 n=8
12:33:30 [S6] GPU OK t=62 n=8
12:33:30 [S6] GPU OK t=62 n=8
12:33:30 [S6] GPU OK t=62 n=8
12:33:30 [S6] GPU OK t=62 n=8
12:33:30 [S6] GPU OK t=62 n=8
12:33:30 [S6] GPU OK t=62 n=8
12:33:30 [S6] GPU OK t=62 n=8
12:33:30 [S1] GPU OK 3840x2160 t=63
12:33:30 [S6] GPU OK t=63 n=8
12:33:30 [S6] GPU OK t=63 n=8
12:33:30 [S6] GPU OK t=63 n=8
12:33:30 [S6] GPU OK t=63 n=8
12:33:30 [S6] GPU OK t=63 n=8
12:33:30 [S6] GPU OK t=63 n=8
12:33:30 [S6] GPU OK t=63 n=8
12:33:30 [S6] GPU OK t=63 n=8
12:33:30 [S1] GPU OK 3840x2160 t=64
12:33:30 [S6] GPU OK t=64 n=8
12:33:30 [S6] GPU OK t=64 n=8
12:33:30 [S6] GPU OK t=64 n=8
12:33:30 [S6] GPU OK t=64 n=8
12:33:30 [S6] GPU OK t=64 n=8
12:33:30 [S6] GPU OK t=64 n=8
12:33:30 [S6] GPU OK t=64 n=8
12:33:30 [S6] GPU OK t=64 n=8
12:33:30 [S1] GPU OK 3840x2160 t=65
12:33:30 [S6] GPU OK t=65 n=8
12:33:30 [S6] GPU OK t=65 n=8
12:33:30 [S6] GPU OK t=65 n=8
12:33:30 [S6] GPU OK t=65 n=8
12:33:30 [S6] GPU OK t=65 n=8
12:33:30 [S6] GPU OK t=65 n=8
12:33:30 [S6] GPU OK t=65 n=8
12:33:30 [S6] GPU OK t=65 n=8
12:33:30 [S1] GPU OK 3840x2160 t=66
12:33:30 [S6] GPU OK t=66 n=8
12:33:30 [S6] GPU OK t=66 n=8
12:33:30 [S6] GPU OK t=66 n=8
12:33:30 [S6] GPU OK t=66 n=8
12:33:30 [S6] GPU OK t=66 n=8
12:33:30 [S6] GPU OK t=66 n=8
12:33:30 [S6] GPU OK t=66 n=8
12:33:30 [S6] GPU OK t=66 n=8
12:33:30 [S1] GPU OK 3840x2160 t=67
12:33:30 [S6] GPU OK t=67 n=8
12:33:30 [S6] GPU OK t=67 n=8
12:33:30 [S6] GPU OK t=67 n=8
12:33:30 [S6] GPU OK t=67 n=8
12:33:30 [S6] GPU OK t=67 n=8
12:33:30 [S6] GPU OK t=67 n=8
12:33:30 [S6] GPU OK t=67 n=8
12:33:30 [S6] GPU OK t=67 n=8
12:33:30 [S1] GPU OK 3840x2160 t=68
12:33:30 [S6] GPU OK t=68 n=8
12:33:30 [S6] GPU OK t=68 n=8
12:33:30 [S6] GPU OK t=68 n=8
12:33:30 [S6] GPU OK t=68 n=8
12:33:30 [S6] GPU OK t=68 n=8
12:33:30 [S6] GPU OK t=68 n=8
12:33:30 [S6] GPU OK t=68 n=8
12:33:30 [S6] GPU OK t=68 n=8
12:33:30 [S1] GPU OK 3840x2160 t=69
12:33:30 [S6] GPU OK t=69 n=8
12:33:30 [S6] GPU OK t=69 n=8
12:33:30 [S6] GPU OK t=69 n=8
12:33:30 [S6] GPU OK t=69 n=8
12:33:30 [S6] GPU OK t=69 n=8
12:33:30 [S6] GPU OK t=69 n=8
12:33:30 [S6] GPU OK t=69 n=8
12:33:30 [S6] GPU OK t=69 n=8
12:33:30 [S1] GPU OK 3840x2160 t=70
12:33:30 [S6] GPU OK t=70 n=8
12:33:30 [S6] GPU OK t=70 n=8
12:33:30 [S6] GPU OK t=70 n=8
12:33:30 [S6] GPU OK t=70 n=8
12:33:30 [S6] GPU OK t=70 n=8
12:33:30 [S6] GPU OK t=70 n=8
12:33:30 [S6] GPU OK t=70 n=8
12:33:30 [S6] GPU OK t=70 n=8
12:33:30 [S1] GPU OK 3840x2160 t=71
12:33:30 [S6] GPU OK t=71 n=8
12:33:30 [S6] GPU OK t=71 n=8
12:33:30 [S6] GPU OK t=71 n=8
12:33:30 [S6] GPU OK t=71 n=8
12:33:30 [S6] GPU OK t=71 n=8
12:33:30 [S6] GPU OK t=71 n=8
12:33:30 [S6] GPU OK t=71 n=8
12:33:30 [S6] GPU OK t=71 n=8
12:33:30 [S1] GPU OK 3840x2160 t=72
12:33:30 [S6] GPU OK t=72 n=8
12:33:30 [S6] GPU OK t=72 n=8
12:33:30 [S6] GPU OK t=72 n=8
12:33:30 [S6] GPU OK t=72 n=8
12:33:30 [S6] GPU OK t=72 n=8
12:33:30 [S6] GPU OK t=72 n=8
12:33:30 [S6] GPU OK t=72 n=8
12:33:30 [S6] GPU OK t=72 n=8
12:33:30 [S1] GPU OK 3840x2160 t=73
12:33:30 [S6] GPU OK t=73 n=8
12:33:30 [S6] GPU OK t=73 n=8
12:33:30 [S6] GPU OK t=73 n=8
12:33:30 [S6] GPU OK t=73 n=8
12:33:30 [S6] GPU OK t=73 n=8
12:33:30 [S6] GPU OK t=73 n=8
12:33:30 [S6] GPU OK t=73 n=8
12:33:30 [S6] GPU OK t=73 n=8
12:33:30 [S1] GPU OK 3840x2160 t=74
12:33:30 [S6] GPU OK t=74 n=8
12:33:30 [S6] GPU OK t=74 n=8
12:33:30 [S6] GPU OK t=74 n=8
12:33:30 [S6] GPU OK t=74 n=8
12:33:30 [S6] GPU OK t=74 n=8
12:33:30 [S6] GPU OK t=74 n=8
12:33:30 [S6] GPU OK t=74 n=8
12:33:30 [S6] GPU OK t=74 n=8
12:33:30 [S1] GPU OK 3840x2160 t=75
12:33:30 [S6] GPU OK t=75 n=8
12:33:30 [S6] GPU OK t=75 n=8
12:33:30 [S6] GPU OK t=75 n=8
12:33:30 [S6] GPU OK t=75 n=8
12:33:30 [S6] GPU OK t=75 n=8
12:33:30 [S6] GPU OK t=75 n=8
12:33:30 [S6] GPU OK t=75 n=8
12:33:30 [S6] GPU OK t=75 n=8
12:33:30 [S1] GPU OK 3840x2160 t=76
12:33:30 [S6] GPU OK t=76 n=8
12:33:30 [S6] GPU OK t=76 n=8
12:33:30 [S6] GPU OK t=76 n=8
12:33:30 [S6] GPU OK t=76 n=8
12:33:30 [S6] GPU OK t=76 n=8
12:33:30 [S6] GPU OK t=76 n=8
12:33:30 [S6] GPU OK t=76 n=8
12:33:30 [S6] GPU OK t=76 n=8
12:33:30 [S1] GPU OK 3840x2160 t=77
12:33:30 [S6] GPU OK t=77 n=8
12:33:30 [S6] GPU OK t=77 n=8
12:33:30 [S6] GPU OK t=77 n=8
12:33:30 [S6] GPU OK t=77 n=8
12:33:30 [S6] GPU OK t=77 n=8
12:33:30 [S6] GPU OK t=77 n=8
12:33:30 [S6] GPU OK t=77 n=8
12:33:30 [S6] GPU OK t=77 n=8
12:33:30 [S1] GPU OK 3840x2160 t=78
12:33:30 [S6] GPU OK t=78 n=8
12:33:30 [S6] GPU OK t=78 n=8
12:33:30 [S6] GPU OK t=78 n=8
12:33:30 [S6] GPU OK t=78 n=8
12:33:30 [S6] GPU OK t=78 n=8
12:33:30 [S6] GPU OK t=78 n=8
12:33:30 [S6] GPU OK t=78 n=8
12:33:30 [S6] GPU OK t=78 n=8
12:33:30 [S1] GPU OK 3840x2160 t=79
12:33:31 [S6] GPU OK t=79 n=8
12:33:31 [S6] GPU OK t=79 n=8
12:33:31 [S6] GPU OK t=79 n=8
12:33:31 [S6] GPU OK t=79 n=8
12:33:31 [S6] GPU OK t=79 n=8
12:33:31 [S6] GPU OK t=79 n=8
12:33:31 [S6] GPU OK t=79 n=8
12:33:31 [S6] GPU OK t=79 n=8
12:33:31 [S1] GPU OK 3840x2160 t=80
12:33:31 [S6] GPU OK t=80 n=8
12:33:31 [S6] GPU OK t=80 n=8
12:33:31 [S6] GPU OK t=80 n=8
12:33:31 [S6] GPU OK t=80 n=8
12:33:31 [S6] GPU OK t=80 n=8
12:33:31 [S6] GPU OK t=80 n=8
12:33:31 [S6] GPU OK t=80 n=8
12:33:31 [S6] GPU OK t=80 n=8
12:33:31 [S1] GPU OK 3840x2160 t=81
12:33:31 [S6] GPU OK t=81 n=8
12:33:31 [S6] GPU OK t=81 n=8
12:33:31 [S6] GPU OK t=81 n=8
12:33:31 [S6] GPU OK t=81 n=8
12:33:31 [S6] GPU OK t=81 n=8
12:33:31 [S6] GPU OK t=81 n=8
12:33:31 [S6] GPU OK t=81 n=8
12:33:31 [S6] GPU OK t=81 n=8
12:33:31 [S1] GPU OK 3840x2160 t=82
12:33:31 [S6] GPU OK t=82 n=8
12:33:31 [S6] GPU OK t=82 n=8
12:33:31 [S6] GPU OK t=82 n=8
12:33:31 [S6] GPU OK t=82 n=8
12:33:31 [S6] GPU OK t=82 n=8
12:33:31 [S6] GPU OK t=82 n=8
12:33:31 [S6] GPU OK t=82 n=8
12:33:31 [S6] GPU OK t=82 n=8
12:33:31 [S1] GPU OK 3840x2160 t=83
12:33:31 [S6] GPU OK t=83 n=8
12:33:31 [S6] GPU OK t=83 n=8
12:33:31 [S6] GPU OK t=83 n=8
12:33:31 [S6] GPU OK t=83 n=8
12:33:31 [S6] GPU OK t=83 n=8
12:33:31 [S6] GPU OK t=83 n=8
12:33:31 [S6] GPU OK t=83 n=8
12:33:31 [S6] GPU OK t=83 n=8
12:33:31 [S1] GPU OK 3840x2160 t=84
12:33:31 [S6] GPU OK t=84 n=8
12:33:31 [S6] GPU OK t=84 n=8
12:33:31 [S6] GPU OK t=84 n=8
12:33:31 [S6] GPU OK t=84 n=8
12:33:31 [S6] GPU OK t=84 n=8
12:33:31 [S6] GPU OK t=84 n=8
12:33:31 [S6] GPU OK t=84 n=8
12:33:31 [S6] GPU OK t=84 n=8
12:33:31 [S1] GPU OK 3840x2160 t=85
12:33:31 [S6] GPU OK t=85 n=8
12:33:31 [S6] GPU OK t=85 n=8
12:33:31 [S6] GPU OK t=85 n=8
12:33:31 [S6] GPU OK t=85 n=8
12:33:31 [S6] GPU OK t=85 n=8
12:33:31 [S6] GPU OK t=85 n=8
12:33:31 [S6] GPU OK t=85 n=8
12:33:31 [S6] GPU OK t=85 n=8
12:33:31 [S1] GPU OK 3840x2160 t=86
12:33:31 [S6] GPU OK t=86 n=8
12:33:31 [S6] GPU OK t=86 n=8
12:33:31 [S6] GPU OK t=86 n=8
12:33:31 [S6] GPU OK t=86 n=8
12:33:31 [S6] GPU OK t=86 n=8
12:33:31 [S6] GPU OK t=86 n=8
12:33:31 [S6] GPU OK t=86 n=8
12:33:31 [S6] GPU OK t=86 n=8
12:33:31 [S1] GPU OK 3840x2160 t=87
12:33:31 [S6] GPU OK t=87 n=8
12:33:31 [S6] GPU OK t=87 n=8
12:33:31 [S6] GPU OK t=87 n=8
12:33:31 [S6] GPU OK t=87 n=8
12:33:31 [S6] GPU OK t=87 n=8
12:33:31 [S6] GPU OK t=87 n=8
12:33:31 [S6] GPU OK t=87 n=8
12:33:31 [S6] GPU OK t=87 n=8
12:33:31 [S1] GPU OK 3840x2160 t=88
12:33:31 [S6] GPU OK t=88 n=8
12:33:31 [S6] GPU OK t=88 n=8
12:33:31 [S6] GPU OK t=88 n=8
12:33:31 [S6] GPU OK t=88 n=8
12:33:31 [S6] GPU OK t=88 n=8
12:33:31 [S6] GPU OK t=88 n=8
12:33:31 [S6] GPU OK t=88 n=8
12:33:31 [S6] GPU OK t=88 n=8
12:33:31 [S1] GPU OK 3840x2160 t=89
12:33:31 [S6] GPU OK t=89 n=8
12:33:31 [S6] GPU OK t=89 n=8
12:33:31 [S6] GPU OK t=89 n=8
12:33:31 [S6] GPU OK t=89 n=8
12:33:31 [S6] GPU OK t=89 n=8
12:33:31 [S6] GPU OK t=89 n=8
12:33:31 [S6] GPU OK t=89 n=8
12:33:31 [S6] GPU OK t=89 n=8
12:33:31 [S1] GPU OK 3840x2160 t=90
12:33:31 [S6] GPU OK t=90 n=8
12:33:31 [S6] GPU OK t=90 n=8
12:33:31 [S6] GPU OK t=90 n=8
12:33:31 [S6] GPU OK t=90 n=8
12:33:31 [S6] GPU OK t=90 n=8
12:33:31 [S6] GPU OK t=90 n=8
12:33:31 [S6] GPU OK t=90 n=8
12:33:31 [S6] GPU OK t=90 n=8
12:33:31 [S1] GPU OK 3840x2160 t=91
12:33:31 [S6] GPU OK t=91 n=8
12:33:31 [S6] GPU OK t=91 n=8
12:33:31 [S6] GPU OK t=91 n=8
12:33:31 [S6] GPU OK t=91 n=8
12:33:31 [S6] GPU OK t=91 n=8
12:33:31 [S6] GPU OK t=91 n=8
12:33:31 [S6] GPU OK t=91 n=8
12:33:31 [S6] GPU OK t=91 n=8
12:33:31 [S1] GPU OK 3840x2160 t=92
12:33:31 [S6] GPU OK t=92 n=8
12:33:31 [S6] GPU OK t=92 n=8
12:33:31 [S6] GPU OK t=92 n=8
12:33:31 [S6] GPU OK t=92 n=8
12:33:31 [S6] GPU OK t=92 n=8
12:33:31 [S6] GPU OK t=92 n=8
12:33:31 [S6] GPU OK t=92 n=8
12:33:31 [S6] GPU OK t=92 n=8
12:33:31 [S1] GPU OK 3840x2160 t=93
12:33:31 [S6] GPU OK t=93 n=8
12:33:31 [S6] GPU OK t=93 n=8
12:33:31 [S6] GPU OK t=93 n=8
12:33:31 [S6] GPU OK t=93 n=8
12:33:31 [S6] GPU OK t=93 n=8
12:33:31 [S6] GPU OK t=93 n=8
12:33:31 [S6] GPU OK t=93 n=8
12:33:31 [S6] GPU OK t=93 n=8
12:33:31 [S1] GPU OK 3840x2160 t=94
12:33:31 [S6] GPU OK t=94 n=8
12:33:31 [S6] GPU OK t=94 n=8
12:33:31 [S6] GPU OK t=94 n=8
12:33:31 [S6] GPU OK t=94 n=8
12:33:31 [S6] GPU OK t=94 n=8
12:33:31 [S6] GPU OK t=94 n=8
12:33:31 [S6] GPU OK t=94 n=8
12:33:31 [S6] GPU OK t=94 n=8
12:33:31 [S1] GPU OK 3840x2160 t=95
12:33:31 [S6] GPU OK t=95 n=8
12:33:31 [S6] GPU OK t=95 n=8
12:33:31 [S6] GPU OK t=95 n=8
12:33:31 [S6] GPU OK t=95 n=8
12:33:31 [S6] GPU OK t=95 n=8
12:33:31 [S6] GPU OK t=95 n=8
12:33:31 [S6] GPU OK t=95 n=8
12:33:31 [S6] GPU OK t=95 n=8
12:33:31 [S1] GPU OK 3840x2160 t=96
12:33:31 [S6] GPU OK t=96 n=8
12:33:31 [S6] GPU OK t=96 n=8
12:33:31 [S6] GPU OK t=96 n=8
12:33:31 [S6] GPU OK t=96 n=8
12:33:31 [S6] GPU OK t=96 n=8
12:33:31 [S6] GPU OK t=96 n=8
12:33:31 [S6] GPU OK t=96 n=8
12:33:31 [S6] GPU OK t=96 n=8
12:33:31 [S1] GPU OK 3840x2160 t=97
12:33:31 [S6] GPU OK t=97 n=8
12:33:31 [S6] GPU OK t=97 n=8
12:33:31 [S6] GPU OK t=97 n=8
12:33:31 [S6] GPU OK t=97 n=8
12:33:31 [S6] GPU OK t=97 n=8
12:33:31 [S6] GPU OK t=97 n=8
12:33:32 [S6] GPU OK t=97 n=8
12:33:32 [S6] GPU OK t=97 n=8
12:33:32 [S1] GPU OK 3840x2160 t=98
12:33:32 [S6] GPU OK t=98 n=8
12:33:32 [S6] GPU OK t=98 n=8
12:33:32 [S6] GPU OK t=98 n=8
12:33:32 [S6] GPU OK t=98 n=8
12:33:32 [S6] GPU OK t=98 n=8
12:33:32 [S6] GPU OK t=98 n=8
12:33:32 [S6] GPU OK t=98 n=8
12:33:32 [S6] GPU OK t=98 n=8
12:33:32 [S1] GPU OK 3840x2160 t=99
12:33:32 [S6] GPU OK t=99 n=8
12:33:32 [S6] GPU OK t=99 n=8
12:33:32 [S6] GPU OK t=99 n=8
12:33:32 [S6] GPU OK t=99 n=8
12:33:32 [S6] GPU OK t=99 n=8
12:33:32 [S6] GPU OK t=99 n=8
12:33:32 [S6] GPU OK t=99 n=8
12:33:32 [S6] GPU OK t=99 n=8
12:33:32 [S1] GPU OK 3840x2160 t=100
12:33:32 [S6] GPU OK t=100 n=8
12:33:32 [S6] GPU OK t=100 n=8
12:33:32 [S6] GPU OK t=100 n=8
12:33:32 [S6] GPU OK t=100 n=8
12:33:32 [S6] GPU OK t=100 n=8
12:33:32 [S6] GPU OK t=100 n=8
12:33:32 [S6] GPU OK t=100 n=8
12:33:32 [S6] GPU OK t=100 n=8
12:33:32 [S1] GPU OK 3840x2160 t=101
12:33:32 [S6] GPU OK t=101 n=8
12:33:32 [S6] GPU OK t=101 n=8
12:33:32 [S6] GPU OK t=101 n=8
12:33:32 [S6] GPU OK t=101 n=8
12:33:32 [S6] GPU OK t=101 n=8
12:33:32 [S6] GPU OK t=101 n=8
12:33:32 [S6] GPU OK t=101 n=8
12:33:32 [S6] GPU OK t=101 n=8
12:33:32 [S1] GPU OK 3840x2160 t=102
12:33:32 [S6] GPU OK t=102 n=8
12:33:32 [S6] GPU OK t=102 n=8
12:33:32 [S6] GPU OK t=102 n=8
12:33:32 [S6] GPU OK t=102 n=8
12:33:32 [S6] GPU OK t=102 n=8
12:33:32 [S6] GPU OK t=102 n=8
12:33:32 [S6] GPU OK t=102 n=8
12:33:32 [S6] GPU OK t=102 n=8
12:33:32 [S1] GPU OK 3840x2160 t=103
12:33:32 [S6] GPU OK t=103 n=8
12:33:32 [S6] GPU OK t=103 n=8
12:33:32 [S6] GPU OK t=103 n=8
12:33:32 [S6] GPU OK t=103 n=8
12:33:32 [S6] GPU OK t=103 n=8
12:33:32 [S6] GPU OK t=103 n=8
12:33:32 [S6] GPU OK t=103 n=8
12:33:32 [S6] GPU OK t=103 n=8
12:33:32 [S1] GPU OK 3840x2160 t=104
12:33:32 [S6] GPU OK t=104 n=8
12:33:32 [S6] GPU OK t=104 n=8
12:33:32 [S6] GPU OK t=104 n=8
12:33:32 [S6] GPU OK t=104 n=8
12:33:32 [S6] GPU OK t=104 n=8
12:33:32 [S6] GPU OK t=104 n=8
12:33:32 [S6] GPU OK t=104 n=8
12:33:32 [S6] GPU OK t=104 n=8
12:33:32 [S1] GPU OK 3840x2160 t=105
12:33:32 [S6] GPU OK t=105 n=8
12:33:32 [S6] GPU OK t=105 n=8
12:33:32 [S6] GPU OK t=105 n=8
12:33:32 [S6] GPU OK t=105 n=8
12:33:32 [S6] GPU OK t=105 n=8
12:33:32 [S6] GPU OK t=105 n=8
12:33:32 [S6] GPU OK t=105 n=8
12:33:32 [S6] GPU OK t=105 n=8
12:33:32 [S1] GPU OK 3840x2160 t=106
12:33:32 [S6] GPU OK t=106 n=8
12:33:32 [S6] GPU OK t=106 n=8
12:33:32 [S6] GPU OK t=106 n=8
12:33:32 [S6] GPU OK t=106 n=8
12:33:32 [S6] GPU OK t=106 n=8
12:33:32 [S6] GPU OK t=106 n=8
12:33:32 [S6] GPU OK t=106 n=8
12:33:32 [S6] GPU OK t=106 n=8
12:33:32 [S1] GPU OK 3840x2160 t=107
12:33:32 [S6] GPU OK t=107 n=8
12:33:32 [S6] GPU OK t=107 n=8
12:33:32 [S6] GPU OK t=107 n=8
12:33:32 [S6] GPU OK t=107 n=8
12:33:32 [S6] GPU OK t=107 n=8
12:33:32 [S6] GPU OK t=107 n=8
12:33:32 [S6] GPU OK t=107 n=8
12:33:32 [S6] GPU OK t=107 n=8
12:33:32 [S1] GPU OK 3840x2160 t=108
12:33:32 [S6] GPU OK t=108 n=8
12:33:32 [S6] GPU OK t=108 n=8
12:33:32 [S6] GPU OK t=108 n=8
12:33:32 [S6] GPU OK t=108 n=8
12:33:32 [S6] GPU OK t=108 n=8
12:33:32 [S6] GPU OK t=108 n=8
12:33:32 [S6] GPU OK t=108 n=8
12:33:32 [S6] GPU OK t=108 n=8
12:33:32 [S1] GPU OK 3840x2160 t=109
12:33:32 [S6] GPU OK t=109 n=8
12:33:32 [S6] GPU OK t=109 n=8
12:33:32 [S6] GPU OK t=109 n=8
12:33:32 [S6] GPU OK t=109 n=8
12:33:32 [S6] GPU OK t=109 n=8
12:33:32 [S6] GPU OK t=109 n=8
12:33:32 [S6] GPU OK t=109 n=8
12:33:32 [S6] GPU OK t=109 n=8
12:33:32 [S1] GPU OK 3840x2160 t=110
12:33:32 [S6] GPU OK t=110 n=8
12:33:32 [S6] GPU OK t=110 n=8
12:33:32 [S6] GPU OK t=110 n=8
12:33:32 [S6] GPU OK t=110 n=8
12:33:32 [S6] GPU OK t=110 n=8
12:33:32 [S6] GPU OK t=110 n=8
12:33:32 [S6] GPU OK t=110 n=8
12:33:32 [S6] GPU OK t=110 n=8
12:33:32 [S1] GPU OK 3840x2160 t=111
12:33:32 [S6] GPU OK t=111 n=8
12:33:32 [S6] GPU OK t=111 n=8
12:33:32 [S6] GPU OK t=111 n=8
12:33:32 [S6] GPU OK t=111 n=8
12:33:32 [S6] GPU OK t=111 n=8
12:33:32 [S6] GPU OK t=111 n=8
12:33:32 [S6] GPU OK t=111 n=8
12:33:32 [S6] GPU OK t=111 n=8
12:33:32 [S1] GPU OK 3840x2160 t=112
12:33:32 [S6] GPU OK t=112 n=8
12:33:32 [S6] GPU OK t=112 n=8
12:33:32 [S6] GPU OK t=112 n=8
12:33:32 [S6] GPU OK t=112 n=8
12:33:32 [S6] GPU OK t=112 n=8
12:33:32 [S6] GPU OK t=112 n=8
12:33:32 [S6] GPU OK t=112 n=8
12:33:32 [S6] GPU OK t=112 n=8
12:33:32 [S1] GPU OK 3840x2160 t=113
12:33:32 [S6] GPU OK t=113 n=8
12:33:32 [S6] GPU OK t=113 n=8
12:33:32 [S6] GPU OK t=113 n=8
12:33:32 [S6] GPU OK t=113 n=8
12:33:32 [S6] GPU OK t=113 n=8
12:33:32 [S6] GPU OK t=113 n=8
12:33:32 [S6] GPU OK t=113 n=8
12:33:32 [S6] GPU OK t=113 n=8
12:33:32 [S1] GPU OK 3840x2160 t=114
12:33:32 [S6] GPU OK t=114 n=8
12:33:32 [S6] GPU OK t=114 n=8
12:33:32 [S6] GPU OK t=114 n=8
12:33:32 [S6] GPU OK t=114 n=8
12:33:32 [S6] GPU OK t=114 n=8
12:33:32 [S6] GPU OK t=114 n=8
12:33:32 [S6] GPU OK t=114 n=8
12:33:32 [S6] GPU OK t=114 n=8
12:33:32 [S1] GPU OK 3840x2160 t=115
12:33:32 [S6] GPU OK t=115 n=8
12:33:32 [S6] GPU OK t=115 n=8
12:33:32 [S6] GPU OK t=115 n=8
12:33:33 [S6] GPU OK t=115 n=8
12:33:33 [S6] GPU OK t=115 n=8
12:33:33 [S6] GPU OK t=115 n=8
12:33:33 [S6] GPU OK t=115 n=8
12:33:33 [S6] GPU OK t=115 n=8
12:33:33 [S1] GPU OK 3840x2160 t=116
12:33:33 [S6] GPU OK t=116 n=8
12:33:33 [S6] GPU OK t=116 n=8
12:33:33 [S6] GPU OK t=116 n=8
12:33:33 [S6] GPU OK t=116 n=8
12:33:33 [S6] GPU OK t=116 n=8
12:33:33 [S6] GPU OK t=116 n=8
12:33:33 [S6] GPU OK t=116 n=8
12:33:33 [S6] GPU OK t=116 n=8
12:33:33 [S1] GPU OK 3840x2160 t=117
12:33:33 [S6] GPU OK t=117 n=8
12:33:33 [S6] GPU OK t=117 n=8
12:33:33 [S6] GPU OK t=117 n=8
12:33:33 [S6] GPU OK t=117 n=8
12:33:33 [S6] GPU OK t=117 n=8
12:33:33 [S6] GPU OK t=117 n=8
12:33:33 [S6] GPU OK t=117 n=8
12:33:33 [S6] GPU OK t=117 n=8
12:33:33 [S1] GPU OK 3840x2160 t=118
12:33:33 [S6] GPU OK t=118 n=8
12:33:33 [S6] GPU OK t=118 n=8
12:33:33 [S6] GPU OK t=118 n=8
12:33:33 [S6] GPU OK t=118 n=8
12:33:33 [S6] GPU OK t=118 n=8
12:33:33 [S6] GPU OK t=118 n=8
12:33:33 [S6] GPU OK t=118 n=8
12:33:33 [S6] GPU OK t=118 n=8
12:33:33 [S1] GPU OK 3840x2160 t=119
12:33:33 [S6] GPU OK t=119 n=8
12:33:33 [S6] GPU OK t=119 n=8
12:33:33 [S6] GPU OK t=119 n=8
12:33:33 [S6] GPU OK t=119 n=8
12:33:33 [S6] GPU OK t=119 n=8
12:33:33 [S6] GPU OK t=119 n=8
12:33:33 [S6] GPU OK t=119 n=8
12:33:33 [S6] GPU OK t=119 n=8
12:33:33 [S1] GPU OK 3840x2160 t=0
12:33:33 [S6] GPU OK t=0 n=8
12:33:33 [S6] GPU OK t=0 n=8
12:33:33 [S6] GPU OK t=0 n=8
12:33:33 [S6] GPU OK t=0 n=8
12:33:33 [S6] GPU OK t=0 n=8
12:33:33 [S6] GPU OK t=0 n=8
12:33:33 [S6] GPU OK t=0 n=8
12:33:33 [S6] GPU OK t=0 n=8
12:33:33 [S1] GPU OK 3840x2160 t=0
12:33:33 [S6] GPU OK t=0 n=8
12:33:33 [S6] GPU OK t=0 n=8
12:33:33 [S6] GPU OK t=0 n=8
12:33:33 [S6] GPU OK t=0 n=8
12:33:33 [S6] GPU OK t=0 n=8
12:33:33 [S6] GPU OK t=0 n=8
12:33:33 [S6] GPU OK t=0 n=8
12:33:33 [S6] GPU OK t=0 n=8
12:33:33 [S1] GPU OK 3840x2160 t=0
12:33:33 [S6] GPU OK t=0 n=8
12:33:33 [S6] GPU OK t=0 n=8
12:33:33 [S6] GPU OK t=0 n=8
12:33:33 [S6] GPU OK t=0 n=8
12:33:33 [S6] GPU OK t=0 n=8
12:33:33 [S6] GPU OK t=0 n=8
12:33:33 [S6] GPU OK t=0 n=8
12:33:33 [S6] GPU OK t=0 n=8
12:33:33 [S1] GPU OK 3840x2160 t=0
12:33:33 [S6] GPU OK t=0 n=8
12:33:33 [S6] GPU OK t=0 n=8
12:33:33 [S6] GPU OK t=0 n=8
12:33:33 [S6] GPU OK t=0 n=8
12:33:33 [S6] GPU OK t=0 n=8
12:33:33 [S6] GPU OK t=0 n=8
12:33:33 [S6] GPU OK t=0 n=8
12:33:33 [S6] GPU OK t=0 n=8
12:34:24 [S1] GPU OK 3840x2160 t=0
12:34:24 [S6] GPU OK t=0 n=8
12:34:24 [S6] GPU OK t=0 n=8
12:34:24 [S6] GPU OK t=0 n=8
12:34:24 [S6] GPU OK t=0 n=8
12:34:24 [S6] GPU OK t=0 n=8
12:34:24 [S6] GPU OK t=0 n=8
12:34:24 [S6] GPU OK t=0 n=8
12:34:24 [S6] GPU OK t=0 n=8
12:35:36 [S1] GPU OK 3840x2160 t=0
12:35:36 [S6] GPU OK t=0 n=8
12:35:36 [S6] GPU OK t=0 n=8
12:35:36 [S6] GPU OK t=0 n=8
12:35:36 [S6] GPU OK t=0 n=8
12:35:36 [S6] GPU OK t=0 n=8
12:35:36 [S6] GPU OK t=0 n=8
12:35:36 [S6] GPU OK t=0 n=8
12:35:36 [S6] GPU OK t=0 n=8
12:35:36 [S1] GPU OK 3840x2160 t=0
12:35:36 [S6] GPU OK t=0 n=8
12:35:36 [S6] GPU OK t=0 n=8
12:35:36 [S6] GPU OK t=0 n=8
12:35:36 [S6] GPU OK t=0 n=8
12:35:36 [S6] GPU OK t=0 n=8
12:35:36 [S6] GPU OK t=0 n=8
12:35:36 [S6] GPU OK t=0 n=8
12:35:36 [S6] GPU OK t=0 n=8
12:37:32 [S1] GPU OK 1920x1080 t=0
12:37:32 [S1] GPU OK 1920x1080 t=0
12:37:32 [S1] GPU OK 1920x1080 t=0
12:37:32 [S1] GPU OK 1920x1080 t=0
12:37:32 [S1] GPU OK 1920x1080 t=0
12:37:32 [S1] GPU OK 1920x1080 t=0
12:37:33 [S1] GPU OK 1920x1080 t=0
12:37:33 [S1] GPU OK 1920x1080 t=6
12:37:33 [S1] GPU OK 1920x1080 t=6
12:37:33 [S1] GPU OK 1920x1080 t=6
12:37:33 [S1] GPU OK 1920x1080 t=6
12:37:33 [S1] GPU OK 1920x1080 t=6
12:37:33 [S1] GPU OK 1920x1080 t=6
12:37:34 [S1] GPU OK 1920x1080 t=60
12:37:34 [S1] GPU OK 1920x1080 t=60
12:37:34 [S1] GPU OK 1920x1080 t=60
12:37:34 [S1] GPU OK 1920x1080 t=60
12:37:35 [S1] GPU OK 1920x1080 t=60
12:37:35 [S1] GPU OK 1920x1080 t=60
12:37:35 [S1] GPU OK 1920x1080 t=60
12:37:35 [S1] GPU OK 1920x1080 t=107
12:37:35 [S1] GPU OK 1920x1080 t=107
12:37:35 [S1] GPU OK 1920x1080 t=107
12:37:35 [S1] GPU OK 1920x1080 t=107
12:37:36 [S1] GPU OK 1920x1080 t=107
12:37:36 [S1] GPU OK 1920x1080 t=107
12:37:36 [S1] GPU OK 1920x1080 t=119
12:37:36 [S1] GPU OK 1920x1080 t=119
12:37:36 [S1] GPU OK 1920x1080 t=119
12:37:36 [S1] GPU OK 1920x1080 t=119
12:38:09 [S1] GPU OK 1920x1080 t=149
12:38:09 [S1] GPU OK 1920x1080 t=149
12:38:09 [S1] GPU OK 1920x1080 t=149
12:38:09 [S1] GPU OK 1920x1080 t=149
12:38:09 [S1] GPU OK 1920x1080 t=149
12:38:13 [S1] GPU OK 1920x1080 t=149
12:38:13 [S1] GPU OK 1920x1080 t=149
12:38:14 [S1] GPU OK 1920x1080 t=149
12:38:14 [S1] GPU OK 1920x1080 t=0
12:38:14 [S1] GPU OK 1920x1080 t=0
12:38:14 [S1] GPU OK 1920x1080 t=0
12:38:14 [S1] GPU OK 1920x1080 t=0
12:38:15 [S1] GPU OK 1920x1080 t=0
12:38:15 [S1] GPU OK 1920x1080 t=0
12:38:15 [S1] GPU OK 1920x1080 t=0
12:38:15 [S1] GPU OK 1920x1080 t=0
12:38:15 [S1] GPU OK 1920x1080 t=5
12:38:15 [S1] GPU OK 1920x1080 t=5
12:38:16 [S1] GPU OK 1920x1080 t=5
12:38:16 [S1] GPU OK 1920x1080 t=5
12:38:16 [S1] GPU OK 1920x1080 t=5
12:38:16 [S1] GPU OK 1920x1080 t=5
12:38:16 [S1] GPU OK 1920x1080 t=5
12:38:16 [S1] GPU OK 1920x1080 t=75
12:38:16 [S1] GPU OK 1920x1080 t=75
12:38:17 [S1] GPU OK 1920x1080 t=75
12:38:17 [S1] GPU OK 1920x1080 t=75
12:38:17 [S1] GPU OK 1920x1080 t=75
12:38:17 [S1] GPU OK 1920x1080 t=75
12:38:17 [S1] GPU OK 1920x1080 t=140
12:38:17 [S1] GPU OK 1920x1080 t=140
12:38:18 [S1] GPU OK 1920x1080 t=140
12:38:18 [S1] GPU OK 1920x1080 t=140
12:38:18 [S1] GPU OK 1920x1080 t=140
12:38:18 [S1] GPU OK 1920x1080 t=140
12:38:18 [S1] GPU OK 1920x1080 t=140
12:38:18 [S1] GPU OK 1920x1080 t=149
12:38:18 [S1] GPU OK 1920x1080 t=149
12:38:19 [S1] GPU OK 1920x1080 t=149
12:38:19 [S1] GPU OK 1920x1080 t=149
12:38:32 [S1] GPU OK 1920x1080 t=299
12:38:32 [S1] GPU OK 1920x1080 t=299
12:38:32 [S1] GPU OK 1920x1080 t=299
12:38:32 [S1] GPU OK 1920x1080 t=299
12:38:33 [S1] GPU OK 1920x1080 t=299
12:38:33 [S1] GPU OK 1920x1080 t=0
12:38:33 [S1] GPU OK 1920x1080 t=0
12:38:33 [S1] GPU OK 1920x1080 t=0
12:38:33 [S1] GPU OK 1920x1080 t=0
12:38:33 [S1] GPU OK 1920x1080 t=0
12:38:34 [S1] GPU OK 1920x1080 t=0
12:38:34 [S1] GPU OK 1920x1080 t=0
12:38:34 [S1] GPU OK 1920x1080 t=0
12:38:34 [S1] GPU OK 1920x1080 t=10
12:38:34 [S1] GPU OK 1920x1080 t=10
12:38:35 [S1] GPU OK 1920x1080 t=10
12:38:35 [S1] GPU OK 1920x1080 t=10
12:38:35 [S1] GPU OK 1920x1080 t=10
12:38:35 [S1] GPU OK 1920x1080 t=10
12:38:35 [S1] GPU OK 1920x1080 t=10
12:38:35 [S1] GPU OK 1920x1080 t=150
12:38:35 [S1] GPU OK 1920x1080 t=150
12:38:36 [S1] GPU OK 1920x1080 t=150
12:38:36 [S1] GPU OK 1920x1080 t=150
12:38:36 [S1] GPU OK 1920x1080 t=150
12:38:36 [S1] GPU OK 1920x1080 t=150
12:38:36 [S1] GPU OK 1920x1080 t=280
12:38:36 [S1] GPU OK 1920x1080 t=280
12:38:37 [S1] GPU OK 1920x1080 t=280
12:38:37 [S1] GPU OK 1920x1080 t=280
12:38:37 [S1] GPU OK 1920x1080 t=280
12:38:37 [S1] GPU OK 1920x1080 t=280
12:38:37 [S1] GPU OK 1920x1080 t=299
12:38:37 [S1] GPU OK 1920x1080 t=299
12:38:38 [S1] GPU OK 1920x1080 t=299
12:38:38 [S1] GPU OK 1920x1080 t=299
12:38:50 [S1] GPU OK 1920x1080 t=4
12:38:50 [S1] GPU OK 1920x1080 t=4
12:38:51 [S1] GPU OK 1920x1080 t=4
12:38:51 [S1] GPU OK 1920x1080 t=4
12:38:51 [S1] GPU OK 1920x1080 t=4
12:38:51 [S1] GPU OK 1920x1080 t=4
12:38:51 [S1] GPU OK 1920x1080 t=4
12:38:51 [S1] GPU OK 1920x1080 t=112
12:38:51 [S1] GPU OK 1920x1080 t=112
12:38:52 [S1] GPU OK 1920x1080 t=112
12:38:52 [S1] GPU OK 1920x1080 t=112
12:39:05 [S3] t=28 RenderStart=0 RenderEnd=119 GlobalStart=0 GlobalEnd=119 Rate=24 mode=0 out=1.1666666666667
12:39:05 [S1] GPU OK 1920x1080 t=28
12:39:05 [S3] t=28 RenderStart=5 RenderEnd=28 GlobalStart=0 GlobalEnd=119 Rate=24 mode=1 out=1
12:39:05 [S3] t=28 RenderStart=0 RenderEnd=119 GlobalStart=0 GlobalEnd=119 Rate=24 mode=0 out=1.1666666666667
12:39:05 [S1] GPU OK 1920x1080 t=28
12:39:05 [S3] t=28 RenderStart=5 RenderEnd=28 GlobalStart=0 GlobalEnd=119 Rate=24 mode=1 out=1
12:39:05 [S3] t=28 RenderStart=0 RenderEnd=119 GlobalStart=0 GlobalEnd=119 Rate=24 mode=0 out=1.1666666666667
12:39:05 [S1] GPU OK 1920x1080 t=28
12:39:05 [S3] t=28 RenderStart=5 RenderEnd=28 GlobalStart=0 GlobalEnd=119 Rate=24 mode=1 out=1
12:39:05 [S3] t=28 RenderStart=0 RenderEnd=119 GlobalStart=0 GlobalEnd=119 Rate=24 mode=0 out=1.1666666666667
12:39:05 [S1] GPU OK 1920x1080 t=28
12:39:05 [S3] t=28 RenderStart=5 RenderEnd=28 GlobalStart=0 GlobalEnd=119 Rate=24 mode=1 out=1
12:39:06 [S3] t=28 RenderStart=0 RenderEnd=119 GlobalStart=0 GlobalEnd=119 Rate=24 mode=0 out=1.1666666666667
12:39:06 [S1] GPU OK 1920x1080 t=28
12:39:06 [S3] t=28 RenderStart=5 RenderEnd=28 GlobalStart=0 GlobalEnd=119 Rate=24 mode=1 out=1
12:39:06 [S3] t=28 RenderStart=0 RenderEnd=119 GlobalStart=0 GlobalEnd=119 Rate=24 mode=0 out=1.1666666666667
12:39:06 [S1] GPU OK 1920x1080 t=28
12:39:06 [S3] t=28 RenderStart=5 RenderEnd=28 GlobalStart=0 GlobalEnd=119 Rate=24 mode=1 out=1
12:39:06 [S3] t=0 RenderStart=0 RenderEnd=46 GlobalStart=-24 GlobalEnd=95 Rate=24 mode=4 out=24
12:39:06 [S3] t=0 RenderStart=0 RenderEnd=46 GlobalStart=-24 GlobalEnd=95 Rate=24 mode=4 out=24
12:39:06 [S3] t=0 RenderStart=0 RenderEnd=46 GlobalStart=-24 GlobalEnd=95 Rate=24 mode=4 out=24
12:39:06 [S3] t=0 RenderStart=0 RenderEnd=46 GlobalStart=-24 GlobalEnd=95 Rate=24 mode=4 out=24
12:39:06 [S3] t=0 RenderStart=0 RenderEnd=46 GlobalStart=-24 GlobalEnd=95 Rate=24 mode=4 out=24
12:39:07 [S3] t=0 RenderStart=0 RenderEnd=46 GlobalStart=-24 GlobalEnd=95 Rate=24 mode=4 out=24
12:39:07 [S3] t=0 RenderStart=0 RenderEnd=46 GlobalStart=-24 GlobalEnd=95 Rate=24 mode=4 out=24
12:39:07 [S3] t=23 RenderStart=0 RenderEnd=46 GlobalStart=-24 GlobalEnd=95 Rate=24 mode=4 out=24
12:39:07 [S3] t=23 RenderStart=0 RenderEnd=46 GlobalStart=-24 GlobalEnd=95 Rate=24 mode=4 out=24
12:39:08 [S3] t=23 RenderStart=0 RenderEnd=46 GlobalStart=-24 GlobalEnd=95 Rate=24 mode=4 out=24
12:39:08 [S3] t=23 RenderStart=0 RenderEnd=46 GlobalStart=-24 GlobalEnd=95 Rate=24 mode=4 out=24
12:39:08 [S3] t=23 RenderStart=0 RenderEnd=46 GlobalStart=-24 GlobalEnd=95 Rate=24 mode=4 out=24
12:39:08 [S3] t=23 RenderStart=0 RenderEnd=46 GlobalStart=-24 GlobalEnd=95 Rate=24 mode=4 out=24
12:39:08 [S3] t=23 RenderStart=0 RenderEnd=46 GlobalStart=-24 GlobalEnd=95 Rate=24 mode=4 out=24
12:39:08 [S3] t=46 RenderStart=0 RenderEnd=46 GlobalStart=-24 GlobalEnd=95 Rate=24 mode=4 out=24
12:39:08 [S3] t=46 RenderStart=0 RenderEnd=46 GlobalStart=-24 GlobalEnd=95 Rate=24 mode=4 out=24
12:39:09 [S3] t=46 RenderStart=0 RenderEnd=46 GlobalStart=-24 GlobalEnd=95 Rate=24 mode=4 out=24
12:39:09 [S3] t=46 RenderStart=0 RenderEnd=46 GlobalStart=-24 GlobalEnd=95 Rate=24 mode=4 out=24
12:39:09 [S3] t=46 RenderStart=0 RenderEnd=46 GlobalStart=-24 GlobalEnd=95 Rate=24 mode=4 out=24
12:39:09 [S3] t=46 RenderStart=0 RenderEnd=46 GlobalStart=-24 GlobalEnd=95 Rate=24 mode=4 out=24
12:39:09 [S3] t=46 RenderStart=0 RenderEnd=46 GlobalStart=-24 GlobalEnd=95 Rate=24 mode=4 out=24
12:39:09 [S3] t=40 RenderStart=0 RenderEnd=46 GlobalStart=-24 GlobalEnd=95 Rate=24 mode=4 out=24
12:39:09 [S3] t=40 RenderStart=0 RenderEnd=46 GlobalStart=-24 GlobalEnd=95 Rate=24 mode=4 out=24
12:39:10 [S3] t=40 RenderStart=0 RenderEnd=46 GlobalStart=-24 GlobalEnd=95 Rate=24 mode=4 out=24
12:39:10 [S3] t=40 RenderStart=0 RenderEnd=46 GlobalStart=-24 GlobalEnd=95 Rate=24 mode=4 out=24
12:39:39 [S3] t=40 RenderStart=0 RenderEnd=119 GlobalStart=0 GlobalEnd=119 Rate=24 mode=0 out=1.6666666666667
12:39:39 [S1] GPU OK 1920x1080 t=40
12:39:39 [S3] t=40 RenderStart=0 RenderEnd=119 GlobalStart=0 GlobalEnd=119 Rate=24 mode=0 out=1.6666666666667
12:39:39 [S1] GPU OK 1920x1080 t=40
12:39:40 [S3] t=40 RenderStart=0 RenderEnd=119 GlobalStart=0 GlobalEnd=119 Rate=24 mode=0 out=1.6666666666667
12:39:40 [S1] GPU OK 1920x1080 t=40
12:39:40 [S3] t=40 RenderStart=0 RenderEnd=119 GlobalStart=0 GlobalEnd=119 Rate=24 mode=0 out=1.6666666666667
12:39:40 [S1] GPU OK 1920x1080 t=40
12:39:40 [S1] GPU OK 1920x1080 t=40
12:39:40 [S1] GPU OK 1920x1080 t=40
12:39:40 [S1] GPU OK 1920x1080 t=40
12:39:40 [S1] GPU OK 1920x1080 t=0
12:39:40 [S1] GPU OK 1920x1080 t=0
12:39:40 [S1] GPU OK 1920x1080 t=0
12:39:41 [S1] GPU OK 1920x1080 t=0
12:39:41 [S1] GPU OK 1920x1080 t=0
